case,operation,input_shapes,calls,calls_per_inference,self_cpu_ms,self_cpu_ms_per_inference,share_of_aten_self_cpu_pct
billing_original,aten::mm,"[[62, 768], [768, 2304]]",220,44.0,101.5615560000003,20.31231120000006,41.478764737529275
billing_original,aten::mm,"[[62, 1152], [1152, 768]]",110,22.0,28.48426400000018,5.696852800000036,11.633260967148624
billing_original,aten::mm,"[[62, 768], [768, 768]]",110,22.0,17.09119199999992,3.4182383999999844,6.980215348925312
billing_original,aten::mul,"[[1, 12, 62, 64], [1, 1, 62, 64]]",440,88.0,11.288322999999734,2.2576645999999467,4.610265069178622
billing_original,aten::addmm,"[[768], [62, 3072], [3072, 768], [], []]",10,2.0,8.721924999999871,1.744384999999974,3.562122218109467
billing_original,aten::_scaled_dot_product_flash_attention_for_cpu,"[[1, 12, 62, 64], [1, 12, 62, 64], [1, 12, 62, 64], [], [], [], []]",110,22.0,8.125239999999174,1.6250479999998348,3.318430040555183
billing_original,aten::gelu,"[[1, 62, 1152], []]",110,22.0,7.978894000000164,1.5957788000000328,3.2586608567880737
billing_original,aten::native_layer_norm,"[[1, 62, 768], [], [768], [], []]",225,45.0,7.159848999999875,1.431969799999975,2.924154610502702
billing_original,aten::addmm,"[[3072], [62, 768], [768, 3072], [], []]",10,2.0,6.303356000000029,1.2606712000000058,2.5743542229787635
billing_original,aten::addmm,"[[768], [62, 768], [768, 768], [], []]",40,8.0,6.19140100000013,1.238280200000026,2.5286306707895285
billing_original,aten::add,"[[1, 62, 768], [1, 62, 768], []]",240,48.0,5.858409000000017,1.1716818000000033,2.3926333764246808
billing_original,aten::add,"[[1, 12, 62, 64], [1, 12, 62, 64], []]",220,44.0,5.35767299999997,1.071534599999994,2.188127739078859
billing_original,aten::cat,"[[], []]",240,48.0,3.673016000000077,0.7346032000000153,1.5000968136130526
billing_original,aten::mul,"[[1, 62, 1152], [1, 62, 1152]]",110,22.0,3.192309999999793,0.6384619999999586,1.3037716304706206
billing_original,aten::neg,"[[1, 12, 62, 32]]",220,44.0,1.573005000000121,0.3146010000000242,0.6424311215354175
billing_original,aten::empty,"[[], [], [], [], [], []]",1180,236.0,1.123143999999991,0.2246287999999982,0.45870334777430066
billing_original,aten::slice,"[[1, 12, 62, 64], [], [], [], []]",880,176.0,1.1141279999997822,0.22282559999995644,0.4550211223574093
billing_original,aten::copy_,"[[62, 768], [62, 768], []]",50,10.0,0.9674370000000052,0.19348740000000103,0.3951110371072026
billing_original,aten::addmm,"[[768], [3, 768], [768, 768], [], []]",5,1.0,0.8266059999999416,0.16532119999998832,0.3375942350137647
billing_original,aten::_scaled_dot_product_flash_attention_for_cpu,"[[1, 12, 62, 64], [1, 12, 62, 64], [1, 12, 62, 64], [], [], [1, 1, 1, 62], []]",10,2.0,0.815063999999984,0.1630127999999968,0.33288036569692586
billing_original,aten::eq,"[[1, 1, 1, 62], []]",10,2.0,0.7176900000000751,0.14353800000001501,0.2931118411033446
billing_original,aten::native_layer_norm,"[[1, 62, 768], [], [768], [768], []]",20,4.0,0.6531549999996932,0.13063099999993863,0.26675509562031674
billing_original,aten::scaled_dot_product_attention,"[[1, 12, 62, 64], [1, 12, 62, 64], [1, 12, 62, 64], [], [], [], [], []]",110,22.0,0.5618980000002265,0.1123796000000453,0.22948481557822495
billing_original,aten::transpose,"[[1, 62, 12, 64], [], []]",450,90.0,0.5594469999997489,0.11188939999994978,0.22848380243510724
billing_original,aten::layer_norm,"[[1, 62, 768], [], [768], [], [], []]",225,45.0,0.4424430000004648,0.08848860000009297,0.18069818767630844
billing_original,aten::matmul,"[[1, 62, 768], [768, 2304]]",220,44.0,0.435613999999634,0.08712279999992681,0.1779091551369974
billing_original,aten::select,"[[1, 62, 3, 12, 64], [], []]",330,66.0,0.43220100000025563,0.08644020000005112,0.1765152514829081
billing_original,aten::clamp_min,"[[1, 62, 3072], []]",10,2.0,0.42928299999998126,0.08585659999999626,0.17532351082549347
billing_original,aten::split,"[[1, 62, 2304], [], []]",110,22.0,0.4221099999998223,0.08442199999996446,0.17239398521376606
billing_original,aten::transpose,"[[1, 12, 62, 64], [], []]",590,118.0,0.40954100000041205,0.0819082000000824,0.16726067872955327
billing_original,aten::as_strided,"[[1, 12, 62, 64], [], [], []]",1480,296.0,0.37598699999993535,0.07519739999998706,0.15355688640066434
billing_original,aten::unbind,"[[1, 62, 3, 12, 64], []]",110,22.0,0.3661490000000375,0.07322980000000749,0.149538947885784
billing_original,aten::permute,"[[62, 1, 12, 64], []]",30,6.0,0.3552850000000035,0.0710570000000007,0.14510198061334545
billing_original,aten::unflatten,"[[62, 1, 768], [], []]",30,6.0,0.34036800000004586,0.06807360000000917,0.13900972722577462
billing_original,aten::unsqueeze,"[[1, 62, 64], []]",220,44.0,0.3312389999999104,0.06624779999998208,0.13528135146817477
billing_original,aten::narrow,"[[1, 12, 62, 64], [], [], []]",440,88.0,0.2816060000000289,0.056321200000005775,0.11501073322151384
billing_original,aten::narrow,"[[1, 62, 2304], [], [], []]",220,44.0,0.2632520000001496,0.05265040000002992,0.10751477433735099
billing_original,aten::chunk,"[[1, 62, 2304], [], []]",110,22.0,0.26121100000011943,0.052242200000023886,0.10668120933337893
billing_original,aten::slice,"[[1, 62, 2304], [], [], [], []]",220,44.0,0.2609100000002363,0.05218200000004726,0.10655827789482213
billing_original,aten::empty_strided,"[[], [], [], [], [], []]",200,40.0,0.2491169999999183,0.049823399999983656,0.10174189764398323
billing_original,aten::to,"[[1, 12, 62, 64], [], [], [], []]",660,132.0,0.24472300000020183,0.04894460000004037,0.09994734368652966
billing_original,aten::copy_,"[[62, 3072], [62, 3072], []]",10,2.0,0.24232999999995808,0.04846599999999161,0.09897001832901918
billing_original,aten::detach_,[[62]],5,1.0,0.23816100000005463,0.04763220000001093,0.09726735664287137
billing_original,aten::linear,"[[1, 62, 768], [2304, 768], []]",220,44.0,0.22699699999982484,0.045399399999964965,0.0927078663418434
billing_original,aten::matmul,"[[1, 62, 768], [768, 768]]",110,22.0,0.22695099999987717,0.045390199999975435,0.09268907947749334
billing_original,aten::t,"[[2304, 768]]",220,44.0,0.21078900000020803,0.04215780000004161,0.08608835552172586
billing_original,aten::matmul,"[[1, 62, 1152], [1152, 768]]",110,22.0,0.2083720000000867,0.04167440000001734,0.0851012283219846
billing_original,aten::view,"[[62], []]",490,98.0,0.20481900000023964,0.04096380000004793,0.08365014725439936
billing_original,aten::index_select,"[[256000, 768], [], [62]]",5,1.0,0.20378500000001804,0.04075700000000361,0.08322785121604609
billing_original,aten::relu,"[[1, 62, 3072]]",10,2.0,0.19866000000007625,0.03973200000001525,0.0811347494790323
billing_original,aten::empty_like,"[[1, 12, 62, 64], [], [], [], [], []]",120,24.0,0.1963580000003785,0.0392716000000757,0.08019458944039273
billing_original,aten::transpose,"[[2304, 768], [], []]",220,44.0,0.1924920000001257,0.03849840000002514,0.07861567601289685
billing_original,aten::addmm,"[[256], [1, 772], [772, 256], [], []]",5,1.0,0.18691200000006938,0.037382400000013874,0.07633674768259686
billing_original,aten::cos,"[[1, 62, 64]]",10,2.0,0.1852440000000279,0.03704880000000558,0.075655519644067
billing_original,aten::full,"[[], [], [], [], [], []]",5,1.0,0.18191199999996752,0.0363823999999935,0.07429469720739668
billing_original,aten::is_nonzero,[[]],10,2.0,0.17924399999996968,0.035848799999993936,0.07320505907385293
billing_original,aten::sin,"[[1, 62, 64]]",10,2.0,0.16924599999995918,0.033849199999991836,0.06912177494372151
billing_original,aten::as_strided,"[[1, 62, 12, 64], [], [], []]",450,90.0,0.1662450000002791,0.03324900000005582,0.06789613624866199
billing_original,aten::softmax,"[[1, 3], [], []]",5,1.0,0.16608199999998033,0.033216399999996066,0.06782956540304981
billing_original,aten::view,"[[1, 62, 768], []]",350,70.0,0.16445999999974817,0.032891999999949635,0.06716712422881349
billing_original,aten::arange,"[[], [], [], [], []]",5,1.0,0.16441300000001866,0.03288260000000373,0.06714792895445752
billing_original,aten::_unsafe_view,"[[62, 2304], []]",220,44.0,0.15849799999997774,0.03169959999999555,0.06473218324232818
billing_original,aten::t,"[[768, 1152]]",110,22.0,0.14566900000018357,0.029133800000036715,0.05949269013325035
billing_original,aten::transpose,"[[768, 1152], [], []]",110,22.0,0.1390349999998325,0.027806999999966497,0.056783297562666535
billing_original,aten::t,"[[768, 768]]",155,31.0,0.13016700000015044,0.02603340000003009,0.053161516840055115
billing_original,aten::reshape,"[[1, 62, 768], []]",330,66.0,0.1274100000006765,0.025482000000135303,0.05203553020826752
billing_original,aten::native_layer_norm,"[[1, 3, 768], [], [768], [768], []]",5,1.0,0.12537399999996707,0.025074799999993413,0.05120400725449319
billing_original,aten::view,"[[1, 62, 12, 64], []]",110,22.0,0.12478300000003946,0.024956600000007892,0.050962636888359024
billing_original,aten::as_strided,"[[1, 62, 3, 12, 64], [], [], []]",330,66.0,0.12408199999973296,0.024816399999946594,0.0506763414116166
billing_original,aten::view,"[[1, 62, 2304], []]",110,22.0,0.12253499999999255,0.02450699999999851,0.05004453099470856
billing_original,aten::linear,"[[1, 62, 768], [768, 768], []]",110,22.0,0.12061500000012165,0.02412300000002433,0.04926038361230039
billing_original,aten::linear,"[[1, 62, 1152], [768, 1152], []]",110,22.0,0.11070600000003833,0.022141200000007667,0.04521344798059706
billing_original,aten::as_strided,"[[2304, 768], [], [], []]",250,50.0,0.10904199999983759,0.021808399999967518,0.0445338535823823
billing_original,aten::add,"[[1, 62, 768], [1, 1, 768], []]",5,1.0,0.09908000000003085,0.01981600000000617,0.04046527221575525
billing_original,aten::view,"[[1, 62, 1152], []]",110,22.0,0.09711900000026434,0.01942380000005287,0.03966438001949341
billing_original,aten::as_strided,"[[1, 62, 2304], [], [], []]",220,44.0,0.09236899999988962,0.018473799999977926,0.037724432067939705
billing_original,aten::_unsafe_view,"[[62, 768], []]",220,44.0,0.09207600000021558,0.018415200000043118,0.03760476791022853
billing_original,aten::transpose,"[[768, 768], [], []]",155,31.0,0.09191199999975286,0.01838239999995057,0.03753778865445436
billing_original,aten::reshape,"[[1, 62, 12, 64], []]",110,22.0,0.0896300000002193,0.017926000000043858,0.03660579681778248
billing_original,aten::linear,"[[62, 1, 768], [768, 768], [768]]",30,6.0,0.08874799999986135,0.01774959999997227,0.03624557911381831
billing_original,aten::scaled_dot_product_attention,"[[1, 12, 62, 64], [1, 12, 62, 64], [1, 12, 62, 64], [1, 1, 1, 62], [], [], [], []]",10,2.0,0.08641600000008476,0.01728320000001695,0.03529316677229558
billing_original,aten::transpose,"[[1, 62, 12], [], []]",120,24.0,0.07762399999993065,0.015524799999986131,0.03170242521671379
billing_original,aten::as_strided,"[[1, 62, 64], [], [], []]",230,46.0,0.0712910000000338,0.01425820000000676,0.029115964084920044
billing_original,aten::where,"[[1, 1, 1, 62], [], []]",20,4.0,0.06349699999998848,0.012699399999997696,0.02593281580422431
billing_original,aten::as_strided,"[[768, 1152], [], [], []]",110,22.0,0.06270800000002057,0.012541600000004113,0.02561058023925738
billing_original,aten::mul,"[[1, 62, 64], []]",20,4.0,0.057204999999936265,0.011440999999987253,0.023363099486263413
billing_original,aten::view,"[[62, 768], []]",55,11.0,0.057166999999943076,0.011433399999988615,0.023347579902654993
billing_original,aten::dropout,"[[1, 62, 1152], [], []]",110,22.0,0.0546280000000188,0.01092560000000376,0.022310626671400387
billing_original,aten::resolve_conj,"[[62, 768]]",650,130.0,0.054124999999639836,0.010824999999927967,0.02210519639344468
billing_original,aten::bmm,"[[1, 32, 1], [1, 1, 62]]",10,2.0,0.05354499999991094,0.010708999999982188,0.021868318538436984
billing_original,aten::as_strided,"[[768, 768], [], [], []]",155,31.0,0.05241600000007747,0.010483200000015494,0.021407223541214184
billing_original,aten::reshape,"[[1, 62, 1152], []]",110,22.0,0.050965999999600164,0.010193199999920032,0.020815028903223256
billing_original,aten::gather,"[[1, 62, 768], [], [1, 3, 768], []]",5,1.0,0.05070799999996962,0.010141599999993924,0.02070965909885596
billing_original,aten::linear,"[[1, 62, 3072], [768, 3072], [768]]",10,2.0,0.04695800000008603,0.009391600000017205,0.01917812124253456
billing_original,aten::layer_norm,"[[1, 62, 768], [], [768], [768], [], []]",20,4.0,0.04537600000001839,0.009075200000003678,0.018532016472166762
billing_original,aten::_to_copy,"[[], [], [], [], [], [], []]",35,7.0,0.04433199999995122,0.008866399999990244,0.018105636332926216
billing_original,aten::matmul,"[[1, 32, 1], [1, 1, 62]]",10,2.0,0.04391800000000876,0.008783600000001753,0.01793655455360658
billing_original,aten::sum,"[[1, 3], [], [], []]",10,2.0,0.04124599999979546,0.008249199999959092,0.016845282779594718
billing_original,aten::view,"[[62, 1, 768], []]",60,12.0,0.04025199999987672,0.008050399999975344,0.016439323145166374
billing_original,aten::gelu,"[[1, 3, 768], []]",5,1.0,0.03862399999993795,0.00772479999998759,0.015774431510479744
billing_original,aten::transpose,"[[1, 62, 768], [], []]",30,6.0,0.03841900000002352,0.007683800000004704,0.01569070744103319
billing_original,aten::index_select,"[[3, 768], [], [1]]",5,1.0,0.03812100000002829,0.007624200000005658,0.015569001232715686
billing_original,aten::copy_,"[[], [], []]",35,7.0,0.037957999999995086,0.007591599999999017,0.015502430387211955
billing_original,aten::linear,"[[1, 62, 768], [3072, 768], [3072]]",10,2.0,0.037869999999980794,0.0075739999999961585,0.015466490298843326
billing_original,aten::as_strided,"[[1, 62, 12], [], [], []]",120,24.0,0.03470700000011857,0.006941400000023713,0.014174689168314273
billing_original,aten::all,"[[1, 62]]",10,2.0,0.0345810000000929,0.00691620000001858,0.01412322949632979
billing_original,aten::copy_,"[[3, 768], [3, 768], []]",5,1.0,0.033541000000070195,0.006708200000014039,0.013698482997487533
billing_original,aten::to,"[[], [], [], [], []]",45,9.0,0.033291999999899416,0.006658399999979883,0.013596788883754886
billing_original,aten::_to_copy,"[[1, 62], [], [], [], [], [], []]",15,3.0,0.03254200000004494,0.006508400000008988,0.013290481312540528
billing_original,aten::expand,"[[768], [], []]",55,11.0,0.032378000000113386,0.006475600000022677,0.013223502056983286
billing_original,aten::masked_fill_,"[[1, 62], [1, 62], []]",10,2.0,0.03141500000000815,0.00628300000000163,0.012830203135424757
billing_original,aten::split,"[[2304, 768], [], []]",10,2.0,0.029166999999972174,0.005833399999994435,0.011912097241778764
billing_original,aten::clamp,"[[1, 3], [], []]",5,1.0,0.02833400000007532,0.005666800000015064,0.011571891632659467
billing_original,aten::copy_,"[[1, 62], [1, 62], []]",15,3.0,0.027456999999969412,0.005491399999993882,0.011213715979273396
billing_original,aten::linear,"[[1, 62, 768], [768, 768], [768]]",10,2.0,0.026289999999848077,0.005257999999969615,0.010737101398321828
billing_original,aten::topk,"[[1, 3], [], [], [], []]",5,1.0,0.025707999999998718,0.005141599999999744,0.010499406723074891
billing_original,aten::expand,"[[1, 32, 1], [], []]",20,4.0,0.025662000000069383,0.0051324000000138766,0.010480619858732292
billing_original,aten::view,"[[62, 3072], []]",10,2.0,0.023707999999969614,0.004741599999993923,0.009682586532999568
billing_original,aten::unsqueeze,"[[1, 62], []]",20,4.0,0.02270899999995163,0.004541799999990326,0.009274584848055536
billing_original,aten::narrow,"[[2304, 768], [], [], []]",30,6.0,0.021415000000139114,0.004283000000027823,0.008746102185161064
billing_original,aten::embedding,"[[256000, 768], [1, 62], [], [], []]",5,1.0,0.02125,0.00425,0.008678714519424015
billing_original,aten::zeros_like,"[[1, 62], [], [], [], [], []]",10,2.0,0.0212069999998057,0.00424139999996114,0.008661152885258296
billing_original,aten::scalar_tensor,"[[], [], [], [], []]",20,4.0,0.020622999999992318,0.004124599999998464,0.008422641389835988
billing_original,aten::addmm,"[[1], [3, 768], [768, 1], [], []]",5,1.0,0.019706999999994878,0.003941399999998976,0.00804853774278798
billing_original,aten::arange,"[[], [], [], [0]]",5,1.0,0.019541000000041095,0.003908200000008219,0.007980741667031591
billing_original,aten::layer_norm,"[[1, 3, 768], [], [768], [768], [], []]",5,1.0,0.019332000000023983,0.0038664000000047964,0.007895383957162973
billing_original,aten::sum,"[[1, 62], []]",5,1.0,0.01854199999998673,0.0037083999999973456,0.007572739982072699
billing_original,aten::stack,"[[], []]",5,1.0,0.018081999999980326,0.0036163999999960653,0.007384871338355495
billing_original,aten::resolve_conj,"[[62, 2304]]",220,44.0,0.017790999999979254,0.0035581999999958506,0.007266024000700823
billing_original,aten::slice,"[[2304, 768], [], [], [], []]",30,6.0,0.01737199999993027,0.003474399999986054,0.00709490017086253
billing_original,aten::permute,"[[1, 12, 62, 64], []]",10,2.0,0.017164999999993595,0.003432999999998719,0.00701035928121683
billing_original,aten::select,"[[1, 2], [], []]",15,3.0,0.017040000000226426,0.0034080000000452854,0.006959308019432955
billing_original,aten::zeros,"[[], [], [], [], []]",15,3.0,0.016742999999885797,0.0033485999999771595,0.006838010221069418
billing_original,aten::bitwise_not,"[[1, 3]]",5,1.0,0.016207999999969615,0.003241599999993923,0.00661951082026168
billing_original,aten::bitwise_not,"[[1, 62]]",5,1.0,0.015167000000030384,0.0030334000000060766,0.00619435591135848
billing_original,aten::masked_fill,"[[1, 3], [1, 3], []]",5,1.0,0.014377000000007684,0.0028754000000015367,0.005871711936274152
billing_original,aten::squeeze,"[[1, 3, 1], []]",5,1.0,0.013749999999941793,0.0027499999999883585,0.005615638806662353
billing_original,aten::unsqueeze,"[[1, 3], []]",5,1.0,0.013748999999981606,0.0027497999999963212,0.0056152303965835825
billing_original,aten::flatten,"[[62, 1, 12, 64], [], []]",10,2.0,0.013375999999989289,0.0026751999999978576,0.005462893431139889
billing_original,aten::as_strided,"[[62, 1, 12, 64], [], [], []]",30,6.0,0.013201999999946566,0.002640399999989313,0.005391830074586922
billing_original,aten::_to_copy,"[[1, 1, 62], [], [], [], [], [], []]",10,2.0,0.013124000000123488,0.0026248000000246977,0.005359974087246705
billing_original,aten::linear,"[[1, 3, 768], [768, 768], [768]]",5,1.0,0.01308400000000256,0.002616800000000512,0.005343637683396048
billing_original,aten::slice,"[[1, 62], [], [], [], []]",5,1.0,0.012959000000031666,0.002591800000006333,0.00529258642152897
billing_original,aten::t,"[[768, 3072]]",10,2.0,0.012835000000020955,0.002567000000004191,0.005241943569740662
billing_original,aten::narrow,"[[2304], [], [], []]",30,6.0,0.012710999999995693,0.0025421999999991384,0.005191300717946412
billing_original,aten::select,"[[1, 62], [], []]",10,2.0,0.012664999999939027,0.0025329999999878054,0.00517251385355181
billing_original,aten::slice,"[[2304], [], [], [], []]",30,6.0,0.012534000000086962,0.0025068000000173923,0.0051190121311630735
billing_original,aten::embedding,"[[3, 768], [1], [], [], []]",5,1.0,0.012251000000047498,0.0024502000000095,0.005003432074252979
billing_original,aten::empty_like,"[[1, 62], [], [], [], [], []]",10,2.0,0.012213000000003377,0.0024426000000006753,0.004987912490623754
billing_original,aten::split,"[[2304], [], []]",10,2.0,0.012207999999955064,0.0024415999999910128,0.004985870440128865
billing_original,aten::transpose,"[[1, 32, 62], [], []]",10,2.0,0.012084999999980937,0.0024169999999961874,0.00493563599845053
billing_original,aten::item,[[]],15,3.0,0.011964000000054511,0.0023928000000109024,0.00488621837698174
billing_original,aten::log,"[[1, 3]]",5,1.0,0.01183299999999872,0.002366599999999744,0.0048327166545098
billing_original,aten::unsqueeze,"[[62], []]",5,1.0,0.01170800000003146,0.002341600000006292,0.004781665392644206
billing_original,aten::unsqueeze,"[[32], []]",10,2.0,0.011706999999998515,0.002341399999999703,0.00478125698253572
billing_original,aten::mul,"[[1, 3], [1, 3]]",5,1.0,0.011376000000003841,0.0022752000000007683,0.004646073241082397
billing_original,aten::expand,"[[1, 3, 1], [], []]",5,1.0,0.011331999999980327,0.0022663999999960652,0.004628103196891397
billing_original,aten::_to_copy,"[[1, 3], [], [], [], [], [], []]",5,1.0,0.011330000000074506,0.002266000000014901,0.004627286376739797
billing_original,aten::to,"[[1, 3], [], [], [], []]",20,4.0,0.011293000000005122,0.0022586000000010243,0.004612175203195287
billing_original,aten::select,"[[1, 3], [], []]",10,2.0,0.01104100000006838,0.002208200000013676,0.0045092558592731286
billing_original,aten::_softmax,"[[1, 3], [], []]",5,1.0,0.01104000000000815,0.0022080000000016297,0.004508847449153498
billing_original,aten::copy_,"[[1, 3], [1, 3], []]",10,2.0,0.010874999999956345,0.002174999999991269,0.004441459783452107
billing_original,aten::reshape,"[[1, 1, 62], []]",10,2.0,0.010834999999991851,0.0021669999999983703,0.0044251233796653395
billing_original,aten::addmm,"[[2], [1, 256], [256, 2], [], []]",5,1.0,0.010832000000023982,0.0021664000000047963,0.0044238981493933665
billing_original,aten::as_strided,"[[768], [], [], []]",55,11.0,0.010828999999997905,0.002165799999999581,0.004422672919097622
billing_original,aten::view,"[[1, 62, 3072], []]",10,2.0,0.010540999999982887,0.0021081999999965776,0.004305050811722354
billing_original,aten::transpose,"[[768, 3072], [], []]",10,2.0,0.010537999999942258,0.002107599999988452,0.004303825581420665
billing_original,aten::sub,"[[1], [1], []]",5,1.0,0.01041600000001199,0.002083200000002398,0.004253999549855275
billing_original,aten::as_strided,"[[1, 62, 768], [], [], []]",35,7.0,0.01029100000015751,0.0020582000000315018,0.004202948288035742
billing_original,aten::transpose,"[[62, 1, 768], [], []]",10,2.0,0.010208999999929802,0.0020417999999859603,0.004169458660150142
billing_original,aten::copy_,"[[62], [62], []]",5,1.0,0.010208000000027823,0.0020416000000055647,0.004169050250095144
billing_original,aten::fill_,"[[1, 62], []]",5,1.0,0.01020800000001509,0.002041600000003018,0.004169050250089943
billing_original,aten::div,"[[1], [1]]",5,1.0,0.010167000000030384,0.002033400000006077,0.004152305436199889
billing_original,aten::select,"[[3, 768], [], []]",5,1.0,0.010127000000036787,0.0020254000000073575,0.004135969032401235
billing_original,aten::copy_,"[[1, 1, 62], [1, 1, 62], []]",10,2.0,0.009958999999940715,0.001991799999988143,0.00406735613639667
billing_original,aten::unsqueeze,"[[1, 768], []]",5,1.0,0.009834999999933643,0.0019669999999867285,0.004016713284609849
billing_original,aten::gelu,"[[1, 256], []]",5,1.0,0.009168999999994413,0.0018337999999988824,0.003744712161343543
billing_original,aten::clamp_min,"[[1, 3], []]",5,1.0,0.008957999999955064,0.0017915999999910128,0.00365853763127578
billing_original,aten::clone,"[[1, 3], []]",5,1.0,0.008915000000008149,0.0017830000000016299,0.003640975997211097
billing_original,aten::as_strided,"[[768, 3072], [], [], []]",10,2.0,0.008834000000017113,0.0017668000000034226,0.003607894779517188
billing_original,aten::dropout,"[[1, 62, 768], [], []]",25,5.0,0.008545000000012806,0.0017090000000025613,0.0034898642620512627
billing_original,aten::narrow,"[[1, 62, 64], [], [], []]",10,2.0,0.008540000000011786,0.0017080000000023574,0.0034878222115756878
billing_original,aten::div,"[[1], []]",5,1.0,0.00816600000008475,0.00163320000001695,0.0033350768360636243
billing_original,aten::neg,[[1]],5,1.0,0.00816600000001199,0.001633200000002398,0.003335076836033909
billing_original,aten::unsqueeze,"[[1, 32], []]",10,2.0,0.008041000000008352,0.0016082000000016705,0.003284025574153458
billing_original,aten::as_strided,"[[1, 32, 62], [], [], []]",20,4.0,0.00795799999998053,0.0015915999999961059,0.003250127536254462
billing_original,aten::unsqueeze,"[[1], []]",20,4.0,0.00791399999987334,0.001582799999974668,0.0032321574920292895
billing_original,aten::clamp,"[[1], [], []]",5,1.0,0.007832000000023981,0.0015664000000047962,0.0031986678642982116
billing_original,aten::to,"[[1, 62], [], [], [], []]",5,1.0,0.0077920000000012805,0.001558400000000256,0.003182331460487672
billing_original,aten::_local_scalar_dense,[[]],15,3.0,0.007746000000002823,0.0015492000000005646,0.003163544596116843
billing_original,aten::view,"[[62, 1, 12, 64], []]",10,2.0,0.00762400000001071,0.001524800000002142,0.0031137185645261946
billing_original,aten::linear,"[[1, 3, 768], [1, 768], [1]]",5,1.0,0.007501000000062049,0.00150020000001241,0.003063484122858261
billing_original,aten::zero_,"[[1, 62]]",15,3.0,0.007500000000087312,0.0015000000000174624,0.0030630757127735465
billing_original,aten::as_strided,"[[1, 62], [], [], []]",35,7.0,0.00704400000003443,0.001408800000006886,0.002876840709417485
billing_original,aten::fill_,"[[62], []]",5,1.0,0.006875000000012733,0.0013750000000025465,0.0028078194033482637
billing_original,aten::unsqueeze,"[[1, 1, 62], []]",10,2.0,0.0068749999999272405,0.0013749999999854482,0.0028078194033133476
billing_original,aten::select,"[[1, 32, 62], [], []]",10,2.0,0.006707000000067637,0.0013414000000135273,0.0027392065074053583
billing_original,aten::_to_copy,"[[1], [], [], [], [], [], []]",5,1.0,0.006667999999961467,0.0013335999999922934,0.0027232785136557603
billing_original,aten::t,"[[3072, 768]]",10,2.0,0.00654500000004191,0.001309000000008382,0.0026730440719997125
billing_original,aten::masked_fill_,"[[1, 3], [1, 3], []]",5,1.0,0.006456999999994877,0.0012913999999989755,0.0026371039836177133
billing_original,aten::to,"[[1, 62], [], [], [], [], []]",10,2.0,0.006334999999988213,0.0012669999999976426,0.0025872779520211215
billing_original,aten::view,"[[1, 3, 768], []]",10,2.0,0.00620799999999872,0.001241599999999744,0.002535409869956384
billing_original,aten::as_strided,"[[1, 1, 62], [], [], []]",30,6.0,0.006167000000059489,0.0012334000000118978,0.002518665056084902
billing_original,aten::view,"[[1, 32, 1], []]",10,2.0,0.006041999999990367,0.0012083999999980733,0.0024676137941777075
billing_original,aten::fill_,"[[1, 1], []]",25,5.0,0.005999999999970896,0.0011999999999941792,0.0024504605701784234
billing_original,aten::slice,"[[1, 62, 64], [], [], [], []]",10,2.0,0.00591699999998309,0.001183399999996618,0.002416562532295771
billing_original,aten::copy_,"[[1], [1], []]",5,1.0,0.005915999999982887,0.0011831999999965775,0.0024161541222006565
billing_original,aten::as_strided,"[[1, 32, 1], [], [], []]",30,6.0,0.005875999999931082,0.0011751999999862165,0.0023998177183782296
billing_original,aten::transpose,"[[3072, 768], [], []]",10,2.0,0.005828999999925145,0.001165799999985029,0.0023806224439093145
billing_original,aten::expand,"[[3072], [], []]",10,2.0,0.005751000000003842,0.0011502000000007684,0.002348766456528981
billing_original,aten::detach,"[[1, 3]]",10,2.0,0.005706999999863911,0.0011413999999727823,0.0023307964122904357
billing_original,aten::resize_,"[[0], [], []]",5,1.0,0.005582999999969616,0.0011165999999939232,0.002280153560549674
billing_original,aten::expand,"[[1, 1, 62], [], []]",10,2.0,0.005459000000046217,0.0010918000000092434,0.0022295107087970255
billing_original,aten::_unsafe_view,"[[1, 32, 62], []]",10,2.0,0.005164999999997235,0.0010329999999994471,0.0021094381408376956
billing_original,aten::as_strided,"[[1], [], [], []]",35,7.0,0.0050860000002576275,0.0010172000000515254,0.0020771737434365366
billing_original,aten::as_strided,"[[32], [], [], []]",10,2.0,0.004876000000029307,0.0009752000000058615,0.0019914076233866276
billing_original,aten::to,"[[1, 1, 62], [], [], [], []]",10,2.0,0.004875999999941996,0.0009751999999883992,0.001991407623350969
billing_original,aten::copy_,"[[3, 1], [3, 1], []]",5,1.0,0.004875000000014552,0.0009750000000029104,0.0019909992132855696
billing_original,aten::to,"[[1, 62, 64], [], [], [], []]",20,4.0,0.0047510000000038416,0.0009502000000007683,0.0019403563614972625
billing_original,aten::expand,"[[1, 1, 1, 62], [], []]",10,2.0,0.004706999999922118,0.0009413999999844236,0.0019223863172824905
billing_original,aten::to,"[[1, 3], [], [], [], [], [], [], []]",20,4.0,0.004416999999968539,0.0008833999999937078,0.0018039473897422506
billing_original,aten::as_strided,"[[1, 3], [], [], []]",15,3.0,0.004333999999971638,0.0008667999999943277,0.001770049351855884
billing_original,aten::_softmax,"[[1, 2], [], []]",5,1.0,0.004290999999997439,0.0008581999999994879,0.0017524877177800572
billing_original,aten::select,"[[1, 62, 768], [], []]",5,1.0,0.004249999999956344,0.0008499999999912689,0.0017357429038669734
billing_original,aten::reshape,"[[1, 62], []]",5,1.0,0.004249000000007073,0.0008498000000014145,0.0017353344937926596
billing_original,aten::copy_,"[[1, 256], [1, 256], []]",5,1.0,0.004209999999991851,0.0008419999999983703,0.001719406500080206
billing_original,aten::select,"[[1, 32, 1], [], []]",10,2.0,0.004169000000063533,0.0008338000000127066,0.0017026616862131812
billing_original,aten::linear,"[[1, 772], [256, 772], [256]]",5,1.0,0.004166999999913969,0.0008333999999827937,0.0017018448659620342
billing_original,aten::resolve_conj,"[[62, 1152]]",110,22.0,0.004123999999948865,0.0008247999999897729,0.0016842832318899222
billing_original,aten::reshape,"[[1, 32, 1], []]",10,2.0,0.004000000000025466,0.0008000000000050932,0.0016336403801372739
billing_original,aten::as_strided,"[[1, 3, 1], [], [], []]",10,2.0,0.0037930000001069855,0.0007586000000213971,0.0015490994904990016
billing_original,aten::copy_,"[[62], [], []]",5,1.0,0.003791000000011991,0.0007582000000023981,0.001548282670270141
billing_original,aten::view,"[[1, 1, 62], []]",10,2.0,0.0037479999999777648,0.0007495999999955529,0.0015307210361697988
billing_original,aten::copy_,"[[3], [], []]",5,1.0,0.0036239999999979774,0.0007247999999995954,0.001480078184394121
billing_original,aten::as_strided,"[[2304], [], [], []]",30,6.0,0.00354499999996915,0.00070899999999383,0.0014478137868748418
billing_original,aten::linear,"[[1, 256], [2, 256], [2]]",5,1.0,0.003499999999854481,0.0006999999999708962,0.0014294353325515826
billing_original,aten::view,"[[3], []]",10,2.0,0.003456999999994878,0.0006913999999989755,0.001411873698522558
billing_original,aten::select,"[[1, 1, 62], [], []]",10,2.0,0.003454999999932625,0.000690999999986525,0.0014110568783070698
billing_original,aten::to,"[[1], [], [], [], []]",10,2.0,0.003377000000065891,0.0006754000000131782,0.0013792008909490232
billing_original,aten::as_strided,"[[], [], [], []]",15,3.0,0.003375999999960186,0.0006751999999920372,0.0013787924808108206
billing_original,aten::t,"[[1, 768]]",5,1.0,0.0033320000000530855,0.0006664000000106171,0.001360822436667366
billing_original,aten::empty_like,"[[1, 3], [], [], [], [], []]",5,1.0,0.003294000000008964,0.0006588000000017928,0.001345302853038141
billing_original,aten::as_strided,"[[3072, 768], [], [], []]",10,2.0,0.0032930000000487777,0.0006586000000097555,0.0013448944429593698
billing_original,aten::t,"[[256, 772]]",5,1.0,0.0032490000000107103,0.000649800000002142,0.0013269243987624269
billing_original,aten::select,"[[256000, 768], [], []]",5,1.0,0.0030840000000134753,0.000616800000002695,0.0012595367330833225
billing_original,aten::dropout,"[[1, 62, 3072], [], []]",10,2.0,0.0030429999999178107,0.0006085999999835621,0.0012427919191479518
billing_original,aten::copy_,"[[1, 2], [1, 2], []]",5,1.0,0.0030009999999892896,0.0006001999999978579,0.0012256386951858124
billing_original,aten::transpose,"[[256, 772], [], []]",5,1.0,0.0030000000000436557,0.0006000000000087311,0.0012252302851129843
billing_original,aten::view,"[[1, 1, 1, 62], []]",10,2.0,0.003000000000014552,0.0006000000000029104,0.001225230285101098
billing_original,aten::transpose,"[[1, 768], [], []]",5,1.0,0.002959999999948195,0.000591999999989639,0.0012088938812727286
billing_original,aten::log,[[1]],5,1.0,0.002959000000031665,0.000591800000006333,0.0012084854712117866
billing_original,aten::transpose,"[[2, 256], [], []]",5,1.0,0.0028329999999550637,0.0005665999999910127,0.0011570257992065056
billing_original,aten::copy_,"[[3], [3], []]",5,1.0,0.0027920000000158326,0.0005584000000031665,0.0011402809853350237
billing_original,aten::t,"[[2, 256]]",5,1.0,0.0027090000001044248,0.0005418000000208849,0.0011063829474835729
billing_original,aten::as_strided,"[[1, 768], [], [], []]",15,3.0,0.002705000000001746,0.0005410000000003491,0.001104749307061511
billing_original,aten::view,"[[1, 62], []]",5,1.0,0.002458999999991647,0.0004917999999983294,0.0010042804236795838
billing_original,aten::as_strided,"[[62, 1, 768], [], [], []]",10,2.0,0.002417000000059488,0.0004834000000118976,0.0009871271997159588
billing_original,aten::to,"[[1, 62], [], [], [], [], [], [], []]",10,2.0,0.0022939999999798603,0.00045879999999597207,0.0009368927579945364
billing_original,aten::select,"[[1, 768], [], []]",5,1.0,0.0022919999999721765,0.0004583999999944353,0.000936075937801335
billing_original,aten::as_strided,"[[1, 2], [], [], []]",15,3.0,0.002248999999908847,0.0004497999999817694,0.0009185143036891066
billing_original,aten::to,"[[1, 32, 1], [], [], [], [], []]",10,2.0,0.0022080000000423753,0.00044160000000847505,0.0009017694898473404
billing_original,aten::view,"[[3, 768], []]",5,1.0,0.0022079999999550636,0.0004415999999910127,0.0009017694898116815
billing_original,aten::as_strided,"[[1, 1, 1, 62], [], [], []]",10,2.0,0.002168000000034226,0.0004336000000068452,0.0008854330860427436
billing_original,aten::expand,"[[256], [], []]",5,1.0,0.0021679999999905703,0.00043359999999811405,0.0008854330860249141
billing_original,aten::expand,"[[1], [], []]",5,1.0,0.0021679999999178108,0.00043359999998356216,0.0008854330859951983
billing_original,aten::fill_,"[[3], []]",5,1.0,0.0021260000000347646,0.0004252000000069529,0.0008682798620516313
billing_original,aten::select,"[[62, 768], [], []]",5,1.0,0.0020830000000096336,0.0004166000000019267,0.0008507182279550036
billing_original,aten::expand,"[[2], [], []]",5,1.0,0.0020420000000594884,0.00040840000001189766,0.0008339734140790644
billing_original,aten::to,"[[62], [], [], [], [], []]",5,1.0,0.0020420000000158324,0.0004084000000031665,0.0008339734140612348
billing_original,aten::detach_,[[1]],10,2.0,0.0020020000000367873,0.0004004000000073575,0.0008176370102685243
billing_original,aten::as_strided,"[[3072], [], [], []]",10,2.0,0.0018330000000278232,0.00036660000000556463,0.0007486157042045029
billing_original,aten::resolve_conj,"[[62, 3072]]",20,4.0,0.0018330000000132713,0.00036660000000265426,0.0007486157041985599
billing_original,aten::as_strided,"[[256, 772], [], [], []]",5,1.0,0.001749999999985448,0.0003499999999970896,0.0007147176662995638
billing_original,aten::as_strided,"[[3, 768], [], [], []]",5,1.0,0.0017079999999696156,0.0003415999999939231,0.0006975644423017655
billing_original,aten::as_strided,"[[62], [], [], []]",5,1.0,0.0015829999999841676,0.00031659999999683353,0.0006465131804287439
billing_original,aten::softmax,"[[1, 2], [], []]",5,1.0,0.0015820000000385335,0.0003164000000077067,0.0006461047703559158
billing_original,aten::as_strided,"[[1, 32], [], [], []]",10,2.0,0.0015419999999940045,0.0003083999999988009,0.0006297683665364611
billing_original,aten::view,"[[3, 1], []]",5,1.0,0.0014989999999233986,0.0002997999999846797,0.000612206732421261
billing_original,aten::detach,"[[1, 2]]",5,1.0,0.0013350000000209548,0.00026700000000419097,0.0005452274768759021
billing_original,aten::as_strided,"[[2, 256], [], [], []]",5,1.0,0.0012910000000119907,0.00025820000000239813,0.0005272574326908456
billing_original,aten::lift_fresh,[[62]],5,1.0,0.001249999999985448,0.0002499999999970896,0.0005105126187837047
billing_original,aten::to,"[[1, 2], [], [], [], [], [], [], []]",10,2.0,0.0011229999999923166,0.00022459999999846332,0.0004586445367174816
billing_original,aten::detach_,[[3]],5,1.0,0.001083000000062384,0.00021660000001247682,0.00044230813294482917
billing_original,aten::resolve_conj,"[[1, 32, 1]]",10,2.0,0.0010389999999897554,0.00020779999999795108,0.0004243380887337713
billing_original,aten::resolve_conj,"[[3, 768]]",10,2.0,0.0009999999999708961,0.00019999999999417923,0.000408410095019832
billing_original,aten::to,"[[1, 768], [], [], [], []]",5,1.0,0.000915999999982887,0.0001831999999965774,0.0003741036470420648
billing_original,aten::to,"[[1, 772], [], [], [], []]",5,1.0,0.0008770000000076834,0.00017540000000153667,0.00035817565334595494
billing_original,aten::to,"[[1], [], [], [], [], [], [], []]",5,1.0,0.0008750000000163709,0.00017500000000327418,0.00035735883315943955
billing_original,aten::to,"[[1, 2], [], [], [], []]",5,1.0,0.0008740000000252621,0.00017480000000505243,0.0003569504230680391
billing_original,aten::resolve_neg,"[[1, 3]]",5,1.0,0.0007499999999854481,0.0001499999999970896,0.00030630757126784555
billing_original,aten::zero_,"[[1, 3]]",10,2.0,0.0007110000000484433,0.00014220000000968866,0.0002903795775873364
billing_original,aten::as_strided,"[[256000, 768], [], [], []]",5,1.0,0.0007089999999880093,0.00014179999999760186,0.0002895627573725911
billing_original,aten::as_strided,"[[2], [], [], []]",5,1.0,0.000665999999968335,0.000133199999993667,0.0002720011232781921
billing_original,aten::as_strided,"[[62, 768], [], [], []]",5,1.0,0.000625,0.000125,0.0002552563093948239
billing_original,aten::as_strided,"[[256], [], [], []]",5,1.0,0.0006240000000398141,0.0001248000000079628,0.00025484789931605267
billing_original,aten::resolve_conj,"[[1, 256]]",10,2.0,0.0004999999999708961,9.999999999417922e-05,0.00020420504750397284
billing_original,aten::to,"[[1], [], [], [], [], []]",10,2.0,0.00045999999991909137,9.199999998381827e-05,0.0001878686436815465
billing_original,aten::lift_fresh,[[]],10,2.0,0.00041699999998490964,8.339999999698193e-05,0.00017030700962206348
billing_original,aten::to,"[[3], [], [], [], [], []]",5,1.0,0.0004160000000083528,8.320000000167056e-05,0.00016989859953660616
billing_original,aten::resolve_conj,"[[32, 62]]",10,2.0,0.00041599999996833504,8.3199999993667e-05,0.00016989859952026251
billing_original,aten::to,"[[1, 3, 768], [], [], [], []]",5,1.0,0.0003750000000145519,7.500000000291039e-05,0.0001531537856428375
billing_original,aten::resolve_conj,"[[1, 2]]",10,2.0,0.00033500000007916244,6.700000001583248e-05,0.00013681738186795638
billing_original,aten::lift_fresh,[[1]],10,2.0,0.00033300000001327136,6.660000000265427e-05,0.00013600056165098234
billing_original,aten::resolve_conj,"[[32, 1]]",10,2.0,0.000330999999991036,6.61999999982072e-05,0.00013518374145183776
billing_original,aten::resolve_conj,"[[1, 1, 62]]",10,2.0,0.0002910000000410946,5.820000000821892e-05,0.00011884733767101347
billing_original,aten::resolve_conj,"[[3, 1]]",5,1.0,0.0002509999999892898,5.0199999997857956e-05,0.00010251093384858714
billing_original,aten::resolve_conj,"[[768, 1]]",5,1.0,0.00020900000001711306,4.180000000342261e-05,8.535770986861826e-05
billing_original,aten::resolve_conj,"[[1, 62]]",10,2.0,0.00020899999998800922,4.1799999997601846e-05,8.535770985673196e-05
billing_original,aten::resolve_conj,"[[1, 3]]",5,1.0,0.00020800000005692708,4.160000001138542e-05,8.4949299789847e-05
billing_original,aten::resolve_conj,"[[1, 772]]",5,1.0,0.0002079999999696156,4.159999999392312e-05,8.494929975418811e-05
billing_original,aten::lift_fresh,[[3]],5,1.0,0.00016600000003927563,3.320000000785513e-05,6.77960757913058e-05
billing_original,aten::resolve_neg,"[[1, 2]]",5,1.0,0.00016599999998288695,3.319999999657739e-05,6.779607576827609e-05
billing_64,aten::mm,"[[109, 768], [768, 2304]]",220,44.0,140.96728899999954,28.19345779999991,41.10342977351824
billing_64,aten::mm,"[[109, 1152], [1152, 768]]",110,22.0,38.698156999999696,7.739631399999939,11.283660130642632
billing_64,aten::mm,"[[109, 768], [768, 768]]",110,22.0,23.66196499999963,4.7323929999999255,6.899387252037848
billing_64,aten::_scaled_dot_product_flash_attention_for_cpu,"[[1, 12, 109, 64], [1, 12, 109, 64], [1, 12, 109, 64], [], [], [1, 1, 109, 109], []]",70,14.0,13.697236000000142,2.7394472000000283,3.99385830578975
billing_64,aten::mul,"[[1, 12, 109, 64], [1, 1, 109, 64]]",440,88.0,13.30020300000005,2.66004060000001,3.878090895144056
billing_64,aten::addmm,"[[768], [109, 3072], [3072, 768], [], []]",10,2.0,11.33058900000011,2.266117800000022,3.303788223196266
billing_64,aten::gelu,"[[1, 109, 1152], []]",110,22.0,10.864139999999864,2.172827999999973,3.1677804028682623
billing_64,aten::cat,"[[], []]",240,48.0,10.140729999999857,2.0281459999999716,2.9568475521098048
billing_64,aten::native_layer_norm,"[[1, 109, 768], [], [768], [], []]",225,45.0,9.136389000001007,1.8272778000002012,2.6640004664137895
billing_64,aten::addmm,"[[3072], [109, 768], [768, 3072], [], []]",10,2.0,8.789809000000009,1.7579618000000017,2.562944208667731
billing_64,aten::addmm,"[[768], [109, 768], [768, 768], [], []]",40,8.0,8.659981000000087,1.7319962000000175,2.5250887876087855
billing_64,aten::add,"[[1, 109, 768], [1, 109, 768], []]",240,48.0,7.268260000000509,1.4536520000001016,2.1192889258563654
billing_64,aten::_scaled_dot_product_flash_attention_for_cpu,"[[1, 12, 109, 64], [1, 12, 109, 64], [1, 12, 109, 64], [], [], [], []]",40,8.0,6.0018289999997485,1.2003657999999497,1.7500212890818654
billing_64,aten::add,"[[1, 12, 109, 64], [1, 12, 109, 64], []]",220,44.0,5.729667000000063,1.1459334000000125,1.6706639308368094
billing_64,aten::neg,"[[1, 12, 109, 32]]",220,44.0,5.054269000000103,1.0108538000000205,1.4737304829489577
billing_64,aten::mul,"[[1, 109, 1152], [1, 109, 1152]]",110,22.0,4.083118000000014,0.8166236000000028,1.1905609816330471
billing_64,aten::clamp_min,"[[1, 109, 3072], []]",10,2.0,1.890916999999914,0.3781833999999828,0.5513560959312239
billing_64,aten::_scaled_dot_product_flash_attention_for_cpu,"[[1, 12, 109, 64], [1, 12, 109, 64], [1, 12, 109, 64], [], [], [1, 1, 1, 109], []]",10,2.0,1.8508450000003505,0.3701690000000701,0.539671848829994
billing_64,aten::slice,"[[1, 12, 109, 64], [], [], [], []]",880,176.0,1.2482650000014468,0.24965300000028937,0.36397077031324926
billing_64,aten::copy_,"[[109, 768], [109, 768], []]",50,10.0,1.1633059999999096,0.23266119999998192,0.3391983120006577
billing_64,aten::where,"[[1, 1, 109, 109], [], []]",140,28.0,0.9083899999997319,0.18167799999994638,0.2648695653922618
billing_64,aten::native_layer_norm,"[[1, 109, 768], [], [768], [768], []]",20,4.0,0.8649379999997909,0.1729875999999582,0.25219977339167576
billing_64,aten::addmm,"[[768], [3, 768], [768, 768], [], []]",5,1.0,0.84876800000004,0.169753600000008,0.24748490326724887
billing_64,aten::empty,"[[], [], [], [], [], []]",1285,257.0,0.7963690000001452,0.15927380000002905,0.23220633309698566
billing_64,aten::scaled_dot_product_attention,"[[1, 12, 109, 64], [1, 12, 109, 64], [1, 12, 109, 64], [1, 1, 109, 109], [], [], [], []]",70,14.0,0.5662859999999864,0.11325719999999728,0.16511842568474225
billing_64,aten::transpose,"[[1, 109, 12, 64], [], []]",450,90.0,0.4987449999998243,0.09974899999996487,0.14542473099831132
billing_64,aten::as_strided,"[[1, 12, 109, 64], [], [], []]",1480,296.0,0.47769899999931836,0.09553979999986367,0.13928811030303598
billing_64,aten::matmul,"[[1, 109, 768], [768, 2304]]",220,44.0,0.4751500000000868,0.09503000000001735,0.13854486949018954
billing_64,aten::select,"[[1, 109, 3, 12, 64], [], []]",330,66.0,0.47468800000084466,0.09493760000016893,0.13841015891542482
billing_64,aten::layer_norm,"[[1, 109, 768], [], [768], [], [], []]",225,45.0,0.4671949999998291,0.09343899999996583,0.13622534000091258
billing_64,aten::narrow,"[[1, 12, 109, 64], [], [], []]",440,88.0,0.42844699999977137,0.08568939999995427,0.12492714658196516
billing_64,aten::split,"[[1, 109, 2304], [], []]",110,22.0,0.42344700000043034,0.08468940000008607,0.12346923992646787
billing_64,aten::unbind,"[[1, 109, 3, 12, 64], []]",110,22.0,0.3952489999996852,0.07904979999993704,0.11524722955082461
billing_64,aten::transpose,"[[1, 12, 109, 64], [], []]",590,118.0,0.3873439999994862,0.07746879999989724,0.11294227912812166
billing_64,aten::unsqueeze,"[[1, 109, 64], []]",220,44.0,0.3213229999997462,0.06426459999994924,0.09369178806514337
billing_64,aten::copy_,"[[109, 3072], [109, 3072], []]",10,2.0,0.3106190000000352,0.062123800000007036,0.09057070149672777
billing_64,aten::narrow,"[[1, 109, 2304], [], [], []]",220,44.0,0.3085379999997561,0.06170759999995122,0.08996392074654852
billing_64,aten::chunk,"[[1, 109, 2304], [], []]",110,22.0,0.27382600000002183,0.054765200000004365,0.07984254958016787
billing_64,aten::to,"[[1, 12, 109, 64], [], [], [], []]",660,132.0,0.26848799999994477,0.05369759999998895,0.07828608843453136
billing_64,aten::t,"[[2304, 768]]",220,44.0,0.2497469999999089,0.04994939999998178,0.07282156270766586
billing_64,aten::cos,"[[1, 109, 64]]",10,2.0,0.24757700000005115,0.04951540000001023,0.07218883121913815
billing_64,aten::transpose,"[[2304, 768], [], []]",220,44.0,0.24744200000011324,0.04948840000002265,0.07214946773945263
billing_64,aten::index_select,"[[256000, 768], [], [109]]",5,1.0,0.24232700000007765,0.04846540000001553,0.07065802923067199
billing_64,aten::empty_strided,"[[], [], [], [], [], []]",200,40.0,0.2409180000002975,0.0481836000000595,0.07024719113516283
billing_64,aten::slice,"[[1, 109, 2304], [], [], [], []]",220,44.0,0.23662399999968284,0.047324799999936565,0.06899514089907752
billing_64,aten::matmul,"[[1, 109, 1152], [1152, 768]]",110,22.0,0.22754800000032352,0.0455096000000647,0.06634874873785694
billing_64,aten::linear,"[[1, 109, 768], [2304, 768], []]",220,44.0,0.22541000000030662,0.04508200000006132,0.0657253478518792
billing_64,aten::matmul,"[[1, 109, 768], [768, 768]]",110,22.0,0.22163400000009914,0.04432680000001983,0.06462433674544209
billing_64,aten::sin,"[[1, 109, 64]]",10,2.0,0.2156599999999662,0.043131999999993245,0.06288242987318561
billing_64,aten::scaled_dot_product_attention,"[[1, 12, 109, 64], [1, 12, 109, 64], [1, 12, 109, 64], [], [], [], [], []]",40,8.0,0.2043659999999522,0.04087319999999044,0.05958931031931031
billing_64,aten::addmm,"[[256], [1, 772], [772, 256], [], []]",5,1.0,0.1939550000000163,0.03879100000000326,0.056553657080852505
billing_64,aten::view,"[[109], []]",490,98.0,0.18935699999923836,0.03787139999984767,0.0552129661200537
billing_64,aten::view,"[[1, 109, 768], []]",350,70.0,0.18179499999957124,0.03635899999991425,0.05300802809408609
billing_64,aten::scalar_tensor,"[[], [], [], [], []]",160,32.0,0.17811900000035075,0.03562380000007015,0.051936175121050546
billing_64,aten::_unsafe_view,"[[109, 2304], []]",220,44.0,0.1756159999998786,0.03512319999997572,0.051206347049074744
billing_64,aten::empty_like,"[[1, 12, 109, 64], [], [], [], [], []]",120,24.0,0.17004199999970568,0.03400839999994114,0.049581072709261785
billing_64,aten::transpose,"[[768, 1152], [], []]",110,22.0,0.16803199999969912,0.03360639999993982,0.04899499423367273
billing_64,aten::t,"[[768, 1152]]",110,22.0,0.15978900000048998,0.031957800000098,0.046591489321333765
billing_64,aten::linear,"[[1, 109, 768], [768, 768], []]",110,22.0,0.15869599999992076,0.031739199999984154,0.046272790926234104
billing_64,aten::as_strided,"[[1, 109, 12, 64], [], [], []]",450,90.0,0.15315500000010612,0.030631000000021225,0.04465713877045315
billing_64,aten::native_layer_norm,"[[1, 3, 768], [], [768], [768], []]",5,1.0,0.14328800000007322,0.028657600000014643,0.04178010577610608
billing_64,aten::t,"[[768, 768]]",155,31.0,0.1402839999996995,0.028056799999939902,0.04090419545725893
billing_64,aten::as_strided,"[[1, 109, 3, 12, 64], [], [], []]",330,66.0,0.13995599999947625,0.02799119999989525,0.040808556780580596
billing_64,aten::view,"[[1, 109, 12, 64], []]",110,22.0,0.1353740000000339,0.027074800000006782,0.039472531121469416
billing_64,aten::view,"[[1, 109, 2304], []]",110,22.0,0.1341220000000435,0.026824400000008703,0.03910747129488759
billing_64,aten::add,"[[1, 109, 768], [1, 1, 768], []]",5,1.0,0.12949700000003214,0.02589940000000643,0.03775890763837158
billing_64,aten::reshape,"[[1, 109, 768], []]",330,66.0,0.1242110000000853,0.024842200000017058,0.03621760872199224
billing_64,aten::as_strided,"[[2304, 768], [], [], []]",250,50.0,0.11699799999991953,0.023399599999983905,0.034114432580446365
billing_64,aten::linear,"[[1, 109, 1152], [768, 1152], []]",110,22.0,0.11596299999961958,0.023192599999923916,0.033812645902631194
billing_64,aten::transpose,"[[768, 768], [], []]",155,31.0,0.11041800000015793,0.022083600000031588,0.03219582742162862
billing_64,aten::view,"[[1, 109, 1152], []]",110,22.0,0.11012099999992096,0.022024199999984194,0.03210922776621157
billing_64,aten::_unsafe_view,"[[109, 768], []]",220,44.0,0.10527899999989679,0.021055799999979356,0.030697390960834903
billing_64,aten::as_strided,"[[1, 109, 2304], [], [], []]",220,44.0,0.10178500000031772,0.020357000000063543,0.029678605789961884
billing_64,aten::reshape,"[[1, 109, 12, 64], []]",110,22.0,0.09723999999985472,0.019447999999970943,0.02835336863980521
billing_64,aten::scaled_dot_product_attention,"[[1, 12, 109, 64], [1, 12, 109, 64], [1, 12, 109, 64], [1, 1, 1, 109], [], [], [], []]",10,2.0,0.09524599999998462,0.019049199999996925,0.027771955465554155
billing_64,aten::expand,"[[1, 1, 109, 109], [], []]",75,15.0,0.08621199999977966,0.017242399999955933,0.02513780971999477
billing_64,aten::_to_copy,"[[], [], [], [], [], [], []]",35,7.0,0.08191899999987821,0.01638379999997564,0.023886051065448586
billing_64,aten::as_strided,"[[768, 1152], [], [], []]",110,22.0,0.08149900000001525,0.01629980000000305,0.023763586906410623
billing_64,aten::bitwise_and,"[[], [1, 1, 109, 109]]",10,2.0,0.07491700000000127,0.014983400000000254,0.02184439858485702
billing_64,aten::eq,"[[1, 1, 1, 109], []]",10,2.0,0.07262299999990501,0.014524599999981003,0.02117551101119865
billing_64,aten::mul,"[[1, 109, 64], []]",20,4.0,0.06729200000017477,0.013458400000034954,0.019621090934981263
billing_64,aten::transpose,"[[1, 109, 12], [], []]",120,24.0,0.06704199999996717,0.013408399999993433,0.019548195602136265
billing_64,aten::linear,"[[109, 1, 768], [768, 768], [768]]",30,6.0,0.06621500000030209,0.013243000000060418,0.019307057841382893
billing_64,aten::as_strided,"[[1, 109, 64], [], [], []]",230,46.0,0.0651630000002167,0.01303260000004334,0.019000314281000935
billing_64,aten::resolve_conj,"[[109, 768]]",650,130.0,0.06363200000040592,0.012726400000081184,0.018553903263084027
billing_64,aten::reshape,"[[1, 109, 1152], []]",110,22.0,0.061865000000413596,0.012373000000082719,0.01803867905096562
billing_64,aten::where,"[[1, 1, 1, 109], [], []]",20,4.0,0.05912400000005437,0.011824800000010873,0.017239454622211943
billing_64,aten::linear,"[[1, 109, 3072], [768, 3072], [768]]",10,2.0,0.058455000000147264,0.011691000000029452,0.017044386711707788
billing_64,aten::bmm,"[[1, 32, 1], [1, 1, 109]]",10,2.0,0.05553899999999021,0.01110779999999804,0.01619413555006393
billing_64,aten::dropout,"[[1, 109, 1152], [], []]",110,22.0,0.055038000000290584,0.011007600000058116,0.01604805330325144
billing_64,aten::as_strided,"[[768, 768], [], [], []]",155,31.0,0.054122999999992316,0.010824599999998463,0.015781256385173307
billing_64,aten::gather,"[[1, 109, 768], [], [1, 3, 768], []]",5,1.0,0.049164999999993596,0.00983299999999872,0.014335596145392064
billing_64,aten::linear,"[[1, 109, 768], [3072, 768], [3072]]",10,2.0,0.04820900000007532,0.009641800000015063,0.01405684439284808
billing_64,aten::arange,"[[], [], [], [0]]",25,5.0,0.04733500000002891,0.009467000000005782,0.013802002309420039
billing_64,aten::permute,"[[109, 1, 12, 64], []]",30,6.0,0.04713100000012491,0.009426200000024983,0.013742519717895902
billing_64,aten::index,"[[1, 109], []]",5,1.0,0.047084000000001194,0.009416800000000239,0.01372881539529635
billing_64,aten::view,"[[109, 1, 768], []]",60,12.0,0.045122999999934105,0.00902459999998682,0.013157024404915401
billing_64,aten::bitwise_and,"[[1, 1, 109, 109], [1, 1, 109, 1]]",5,1.0,0.04208099999997773,0.008416199999995547,0.012270033995606687
billing_64,aten::sum,"[[1, 3], [], [], []]",10,2.0,0.04178799999992771,0.008357599999985543,0.012184600665568701
billing_64,aten::view,"[[109, 768], []]",55,11.0,0.04128999999990629,0.008257999999981258,0.012039393162655792
billing_64,aten::le,"[[1, 1, 109, 109], []]",5,1.0,0.04116499999999746,0.008232999999999492,0.012002945496290142
billing_64,aten::expand,"[[768], [], []]",55,11.0,0.04029900000001362,0.008059800000002724,0.011750436063529447
billing_64,aten::gelu,"[[1, 3, 768], []]",5,1.0,0.03912300000002142,0.007824600000004284,0.011407536418113574
billing_64,aten::unflatten,"[[109, 1, 768], [], []]",30,6.0,0.03845799999983865,0.00769159999996773,0.011213634832853588
billing_64,aten::matmul,"[[1, 32, 1], [1, 1, 109]]",10,2.0,0.0382049999998917,0.0076409999999783405,0.011139864756091173
billing_64,aten::copy_,"[[], [], []]",35,7.0,0.037540000000066354,0.0075080000000132706,0.01094596317093541
billing_64,aten::view,"[[1, 1, 109, 109], []]",70,14.0,0.037416999999867584,0.007483399999973517,0.010910098667147492
billing_64,aten::layer_norm,"[[1, 109, 768], [], [768], [768], [], []]",20,4.0,0.03737499999998545,0.00747499999999709,0.010897852251274069
billing_64,aten::relu,"[[1, 109, 3072]]",10,2.0,0.03675200000006589,0.007350400000013179,0.010716197081998623
billing_64,aten::transpose,"[[1, 109, 768], [], []]",30,6.0,0.03567100000011851,0.007134200000023702,0.010400997663053916
billing_64,aten::index_select,"[[3, 768], [], [1]]",5,1.0,0.03279400000000896,0.006558800000001792,0.009562118173338291
billing_64,aten::as_strided,"[[1, 109, 12], [], [], []]",120,24.0,0.032626000000014754,0.006525200000002951,0.009513132509708817
billing_64,aten::all,"[[1, 109]]",10,2.0,0.03262299999997629,0.0065245999999952575,0.009512257765704185
billing_64,aten::_to_copy,"[[1, 109], [], [], [], [], [], []]",15,3.0,0.03241199999989874,0.006482399999979747,0.009450734104811481
billing_64,aten::masked_fill_,"[[1, 109], [1, 109], []]",10,2.0,0.03179400000002351,0.006358800000004702,0.009270536842204653
billing_64,aten::split,"[[2304, 768], [], []]",10,2.0,0.03087399999993795,0.00617479999998759,0.009002282017532854
billing_64,aten::unsqueeze,"[[1, 109], []]",30,6.0,0.030621999999990976,0.006124399999998195,0.008928803522101568
billing_64,aten::sub,"[[1, 1, 109, 1], [1, 1, 1, 109], []]",5,1.0,0.030209000000014613,0.006041800000002923,0.008808380432348516
billing_64,aten::clamp,"[[1, 3], [], []]",5,1.0,0.030043000000077882,0.006008600000015576,0.008759977931398075
billing_64,aten::view,"[[109, 3072], []]",10,2.0,0.028290000000051805,0.005658000000010361,0.008248835857905765
billing_64,aten::unsqueeze,"[[1, 1, 109], []]",20,4.0,0.028082000000008177,0.0056164000000016355,0.008188186941016366
billing_64,aten::to,"[[], [], [], [], []]",115,23.0,0.02779199999988577,0.0055583999999771535,0.008103628354950689
billing_64,aten::copy_,"[[1, 109], [1, 109], []]",15,3.0,0.027085000000063246,0.0054170000000126495,0.007897480353887954
billing_64,aten::embedding,"[[256000, 768], [1, 109], [], [], []]",5,1.0,0.02603800000001752,0.005207600000003504,0.00759219470017326
billing_64,aten::arange,"[[], [], [], [], []]",25,5.0,0.02424900000001844,0.004849800000003688,0.007070555698767859
billing_64,aten::zeros_like,"[[1, 109], [], [], [], [], []]",10,2.0,0.02387300000003597,0.004774600000007194,0.006960921118265127
billing_64,aten::as_strided,"[[1, 1, 109, 109], [], [], []]",75,15.0,0.023166000000024042,0.004633200000004808,0.006754773117147168
billing_64,aten::linear,"[[1, 109, 768], [768, 768], [768]]",10,2.0,0.022420000000041906,0.0044840000000083815,0.006537253444123517
billing_64,aten::narrow,"[[2304, 768], [], [], []]",30,6.0,0.02233500000013737,0.004467000000027474,0.006512469031004633
billing_64,aten::resolve_conj,"[[109, 2304]]",220,44.0,0.021916000000258225,0.004383200000051645,0.006390296453293102
billing_64,aten::abs,"[[1, 1, 109, 109], [0]]",5,1.0,0.021206999999997492,0.004241399999999498,0.006183565289440317
billing_64,aten::topk,"[[1, 3], [], [], [], []]",5,1.0,0.02083299999994051,0.004166599999988102,0.0060745138715781345
billing_64,aten::addmm,"[[1], [3, 768], [768, 1], [], []]",5,1.0,0.020458999999958906,0.004091799999991781,0.00596546245373793
billing_64,aten::slice,"[[1, 109, 64], [], [], [], []]",10,2.0,0.01966699999992602,0.003933399999985205,0.0057345300394671395
billing_64,aten::select,"[[1, 2], [], []]",15,3.0,0.019542999999961466,0.003908599999992293,0.005698373954416377
billing_64,aten::copy_,"[[3, 768], [3, 768], []]",5,1.0,0.01916700000001583,0.003833400000003166,0.005588739373924386
billing_64,aten::slice,"[[2304, 768], [], [], [], []]",30,6.0,0.01891899999983434,0.003783799999966868,0.005516427203749272
billing_64,aten::bitwise_not,"[[1, 3]]",5,1.0,0.01845899999997346,0.0036917999999946916,0.005382299791466411
billing_64,aten::stack,"[[], []]",5,1.0,0.018330999999845516,0.0036661999999691034,0.005344977381043456
billing_64,aten::sum,"[[1, 109], []]",5,1.0,0.0181650000000227,0.00363300000000454,0.005296574880126232
billing_64,aten::permute,"[[1, 12, 109, 64], []]",10,2.0,0.017500000000014553,0.0035000000000029105,0.005102673294917164
billing_64,aten::bitwise_not,"[[1, 109]]",5,1.0,0.017208999999988008,0.003441799999997602,0.005017823127548302
billing_64,aten::expand,"[[1, 32, 1], [], []]",20,4.0,0.017127999999996972,0.0034255999999993946,0.004994205039728747
billing_64,aten::zeros,"[[], [], [], [], []]",15,3.0,0.01712099999997014,0.003424199999994028,0.004992163970402958
billing_64,aten::unsqueeze,"[[1, 3], []]",5,1.0,0.01641699999992852,0.003283399999985704,0.004786890713269754
billing_64,aten::slice,"[[1, 109], [], [], [], []]",5,1.0,0.01599999999992724,0.003199999999985448,0.004665301298184885
billing_64,aten::unsqueeze,"[[1], []]",30,6.0,0.015420000000085565,0.003084000000017113,0.004496184126171077
billing_64,aten::clone,"[[1, 3], []]",5,1.0,0.014747999999890453,0.0029495999999780906,0.00430024147158953
billing_64,aten::split,"[[2304], [], []]",10,2.0,0.014584000000104423,0.0029168000000208845,0.004252422133345308
billing_64,aten::masked_fill,"[[1, 3], [1, 3], []]",5,1.0,0.014581999999951223,0.0029163999999902443,0.004251838970638361
billing_64,aten::new_ones,"[[1, 1, 109, 1], [], [], [], [], []]",10,2.0,0.014543000000098687,0.0029086000000197376,0.004240467298766982
billing_64,aten::add,"[[109], [], []]",10,2.0,0.014124999999986699,0.0028249999999973396,0.004118586302318694
billing_64,aten::flatten,"[[109, 1, 12, 64], [], []]",10,2.0,0.013996999999901165,0.002799399999980233,0.004081263891908105
billing_64,aten::full,"[[], [], [], [], [], []]",5,1.0,0.013914999999968416,0.0027829999999936833,0.004057354222774408
billing_64,aten::as_strided,"[[768], [], [], []]",55,11.0,0.013786999999909313,0.0027573999999818627,0.004020031812371526
billing_64,aten::squeeze,"[[1, 3, 1], []]",5,1.0,0.013581999999965774,0.0027163999999931547,0.003960257639504723
billing_64,aten::t,"[[768, 3072]]",10,2.0,0.013458999999973457,0.0026917999999946916,0.003924393135777004
billing_64,aten::layer_norm,"[[1, 3, 768], [], [768], [768], [], []]",5,1.0,0.013335000000050059,0.0026670000000100116,0.0038882370507382423
billing_64,aten::linear,"[[1, 3, 768], [768, 768], [768]]",5,1.0,0.013166000000128407,0.0026332000000256813,0.003838959805798785
billing_64,aten::reshape,"[[1, 1, 1, 109], []]",10,2.0,0.01304399999995212,0.002608799999990424,0.003803386883348562
billing_64,aten::_to_copy,"[[1, 1, 109], [], [], [], [], [], []]",10,2.0,0.012790000000068857,0.0025580000000137715,0.003729325225273579
billing_64,aten::embedding,"[[3, 768], [1], [], [], []]",5,1.0,0.012624000000025263,0.0025248000000050526,0.0036809227242919785
billing_64,aten::empty_like,"[[1, 109], [], [], [], [], []]",10,2.0,0.012621000000013738,0.0025242000000027477,0.003680047980295205
billing_64,aten::as_strided,"[[1], [], [], []]",45,9.0,0.012542000000060739,0.002508400000012148,0.003657013055149017
billing_64,aten::as_strided,"[[109, 1, 12, 64], [], [], []]",30,6.0,0.012450999999957274,0.002490199999991455,0.0036304791539853018
billing_64,aten::bitwise_and,"[[1, 1, 109, 109], [1, 1, 1, 109]]",5,1.0,0.01237400000001071,0.002474800000002142,0.003608027391503265
billing_64,aten::slice,"[[2304], [], [], [], []]",30,6.0,0.01224800000002142,0.002449600000004284,0.0035712881437830147
billing_64,aten::mul,"[[1, 3], [1, 3]]",5,1.0,0.012082999999969616,0.0024165999999939233,0.0035231772241301595
billing_64,aten::as_strided,"[[1, 109], [], [], []]",50,10.0,0.011872999999951107,0.0023745999999902215,0.003461945144585807
billing_64,aten::addmm,"[[2], [1, 256], [256, 2], [], []]",5,1.0,0.011747999999992317,0.0023495999999984633,0.0034254974782055884
billing_64,aten::transpose,"[[768, 3072], [], []]",10,2.0,0.011664999999920838,0.0023329999999841676,0.003401296227700302
billing_64,aten::sub,"[[1], [1], []]",5,1.0,0.011625000000043656,0.002325000000008731,0.0033896329744905985
billing_64,aten::transpose,"[[1, 32, 109], [], []]",10,2.0,0.011497999999879995,0.002299599999975999,0.003352602145388367
billing_64,aten::to,"[[1, 3], [], [], [], []]",20,4.0,0.011496999999915715,0.002299399999983143,0.0033523105640676444
billing_64,aten::log,"[[1, 3]]",5,1.0,0.011417000000015833,0.0022834000000031664,0.0033289840576058065
billing_64,aten::expand,"[[1, 3, 1], [], []]",5,1.0,0.011332999999940512,0.0022665999999881025,0.0033044912257682623
billing_64,aten::unsqueeze,"[[109], []]",15,3.0,0.011165999999965833,0.0022331999999931668,0.00325579714347562
billing_64,aten::as_strided,"[[768, 3072], [], [], []]",10,2.0,0.011126000000018394,0.0022252000000036786,0.00324413389024543
billing_64,aten::ge,"[[1, 1, 109, 1], []]",5,1.0,0.011083999999973457,0.0022167999999946914,0.0032318874743245364
billing_64,aten::view,"[[1, 109, 3072], []]",10,2.0,0.011,0.0021999999999999997,0.0032073946425166936
billing_64,aten::copy_,"[[1, 3], [1, 3], []]",10,2.0,0.010876000000003841,0.002175200000000768,0.0031712385574567165
billing_64,aten::item,[[]],15,3.0,0.010834000000071682,0.0021668000000143366,0.0031589921415687066
billing_64,aten::div,"[[1], [1]]",5,1.0,0.010790000000008149,0.00215800000000163,0.003146162562980115
billing_64,aten::_to_copy,"[[1, 3], [], [], [], [], [], []]",5,1.0,0.010707000000053086,0.0021414000000106173,0.0031219613125087727
billing_64,aten::unsqueeze,"[[1, 768], []]",5,1.0,0.010626000000091153,0.0021252000000182305,0.003098343224697705
billing_64,aten::_softmax,"[[1, 3], [], []]",5,1.0,0.010624999999985448,0.0021249999999970897,0.0030980516433357446
billing_64,aten::as_strided,"[[1, 109, 768], [], [], []]",35,7.0,0.010620999999984634,0.0021241999999969266,0.003096885318010956
billing_64,aten::resize_,"[[0], [], []]",25,5.0,0.01037199999994084,0.002074399999988168,0.003024281566544854
billing_64,aten::transpose,"[[109, 1, 768], [], []]",10,2.0,0.010248999999952503,0.0020497999999905007,0.002988417062818295
billing_64,aten::unsqueeze,"[[32], []]",10,2.0,0.010164999999930388,0.0020329999999860776,0.0029639242309962652
billing_64,aten::view,"[[1, 1, 1, 109], []]",15,3.0,0.010124000000023897,0.0020248000000047794,0.002951969396446878
billing_64,aten::abs,"[[1, 1, 109, 109]]",5,1.0,0.010082000000067523,0.0020164000000135046,0.0029397229805518074
billing_64,aten::copy_,"[[1, 1, 109], [1, 1, 109], []]",10,2.0,0.009624999999939291,0.0019249999999878583,0.002806470312184405
billing_64,aten::narrow,"[[1, 109, 64], [], [], []]",10,2.0,0.009253000000026077,0.0018506000000052154,0.002698002057026419
billing_64,aten::to,"[[1, 109], [], [], [], []]",5,1.0,0.00920900000006077,0.001841800000012154,0.0026851724784664674
billing_64,aten::select,"[[1, 109], [], []]",10,2.0,0.009083999999997445,0.001816799999999489,0.002648724812055768
billing_64,aten::gelu,"[[1, 256], []]",5,1.0,0.008873999999981607,0.0017747999999963213,0.002587492732512195
billing_64,aten::zero_,"[[1, 109]]",15,3.0,0.008836000000007687,0.0017672000000015374,0.00257641264193656
billing_64,aten::dropout,"[[1, 109, 768], [], []]",25,5.0,0.00870700000002273,0.001741400000004546,0.0025387986502241593
billing_64,aten::view,"[[109, 1, 12, 64], []]",10,2.0,0.008667000000074039,0.0017334000000148078,0.0025271353969936053
billing_64,aten::clamp_min,"[[1, 3], []]",5,1.0,0.00854200000007404,0.0017084000000148081,0.0024906877306013703
billing_64,aten::view,"[[3], []]",10,2.0,0.00853999999993539,0.001707999999987078,0.002490104567898667
billing_64,aten::select,"[[3, 768], [], []]",5,1.0,0.00845799999992596,0.001691599999985192,0.002466194898742611
billing_64,aten::softmax,"[[1, 3], [], []]",5,1.0,0.008455999999976484,0.0016911999999952969,0.0024656117360950668
billing_64,aten::neg,[[1]],5,1.0,0.008250000000029104,0.0016500000000058209,0.0024055459818960066
billing_64,aten::_local_scalar_dense,[[]],15,3.0,0.008249999999972033,0.0016499999999944066,0.0024055459818793654
billing_64,aten::div,"[[1], []]",5,1.0,0.00799900000001071,0.001599800000002142,0.0023323590677750347
billing_64,aten::narrow,"[[2304], [], [], []]",30,6.0,0.00787499999998545,0.0015749999999970898,0.0022962029827065717
billing_64,aten::__and__,"[[], [1, 1, 109, 109]]",10,2.0,0.00778899999999112,0.0015577999999982239,0.002271126988230368
billing_64,aten::detach,"[[1, 3]]",10,2.0,0.007702999999979511,0.0015405999999959022,0.002246050993749125
billing_64,aten::linear,"[[1, 3, 768], [1, 768], [1]]",5,1.0,0.007663999999902444,0.0015327999999804889,0.0022346793218122763
billing_64,aten::fill_,"[[1, 109], []]",5,1.0,0.007500000000013244,0.001500000000002649,0.0021868599835379713
billing_64,aten::clamp,"[[1], [], []]",5,1.0,0.007372000000061234,0.0014744000000122468,0.002149537573166315
billing_64,aten::fill_,"[[109], []]",5,1.0,0.007292999999973518,0.0014585999999947035,0.002126502647980846
billing_64,aten::copy_,"[[109], [109], []]",5,1.0,0.0072900000000094565,0.0014580000000018914,0.0021256279039979114
billing_64,aten::copy_,"[[3, 1], [3, 1], []]",5,1.0,0.007041999999986729,0.0014083999999973458,0.00205331573386909
billing_64,aten::fill_,"[[1, 1], []]",25,5.0,0.00700099999996155,0.00140019999999231,0.0020413608992850955
billing_64,aten::t,"[[3072, 768]]",10,2.0,0.006915000000022702,0.0013830000000045403,0.002016284904825068
billing_64,aten::unsqueeze,"[[1, 32], []]",10,2.0,0.006794000000008964,0.0013588000000017927,0.001981003563753379
billing_64,aten::masked_fill_,"[[1, 3], [1, 3], []]",5,1.0,0.006501000000018394,0.0013002000000036788,0.001895570233732729
billing_64,aten::copy_,"[[1], [1], []]",5,1.0,0.0065000000000582075,0.0013000000000116415,0.0018952786524132
billing_64,aten::view,"[[1, 3, 768], []]",10,2.0,0.006500000000043655,0.001300000000008731,0.0018952786524089574
billing_64,aten::unsqueeze,"[[1, 1], []]",10,2.0,0.006458000000055676,0.0012916000000111351,0.0018830322365046713
billing_64,aten::new_empty,"[[1, 1, 109, 1], [], [], [], [], []]",10,2.0,0.006456000000006838,0.0012912000000013676,0.0018824490738281552
billing_64,aten::t,"[[1, 768]]",5,1.0,0.006207000000053085,0.001241400000010617,0.0018098453223883075
billing_64,aten::select,"[[1, 3], [], []]",10,2.0,0.006083999999941852,0.0012167999999883705,0.0017739808186259148
billing_64,aten::select,"[[1, 32, 109], [], []]",10,2.0,0.006082999999892991,0.0012165999999785983,0.0017736892372805296
billing_64,aten::_to_copy,"[[1], [], [], [], [], [], []]",5,1.0,0.005998999999879743,0.0011997999999759485,0.001749196405461085
billing_64,aten::to,"[[1, 109], [], [], [], [], []]",10,2.0,0.0059179999999430495,0.00118359999998861,0.0017255783176573754
billing_64,aten::view,"[[1, 32, 1], []]",10,2.0,0.005791999999974678,0.0011583999999949354,0.0016888390699432247
billing_64,aten::is_nonzero,[[]],10,2.0,0.00570699999992462,0.0011413999999849238,0.0016640546567819087
billing_64,aten::transpose,"[[3072, 768], [], []]",10,2.0,0.005625999999887426,0.0011251999999774853,0.0016404365689488953
billing_64,aten::unsqueeze,"[[1, 1, 1], []]",10,2.0,0.005624999999998749,0.00112499999999975,0.001640144987650217
billing_64,aten::as_strided,"[[1, 1, 109], [], [], []]",40,8.0,0.0055859999998501735,0.0011171999999700347,0.0016287733156925182
billing_64,aten::expand,"[[3072], [], []]",10,2.0,0.005582000000038534,0.0011164000000077068,0.0016276069904228886
billing_64,aten::as_strided,"[[1, 32, 1], [], [], []]",30,6.0,0.005414000000016131,0.0010828000000032262,0.0015786213267851923
billing_64,aten::expand,"[[1, 1, 109], [], []]",10,2.0,0.005039000000107535,0.001007800000021507,0.0014692783276351387
billing_64,aten::dropout,"[[1, 109, 3072], [], []]",10,2.0,0.00499800000009418,0.0009996000000188359,0.0014573234930545915
billing_64,aten::as_strided,"[[1, 3], [], [], []]",15,3.0,0.004915000000066357,0.0009830000000132714,0.0014331222425620345
billing_64,aten::_unsafe_view,"[[1, 32, 109], []]",10,2.0,0.00483600000000888,0.000967200000001776,0.001410087317385383
billing_64,aten::expand,"[[1, 1, 1, 109], [], []]",10,2.0,0.0047049999998707796,0.0009409999999741559,0.0013718901629660527
billing_64,aten::copy_,"[[1, 256], [1, 256], []]",5,1.0,0.00466800000006333,0.000933600000012666,0.0013611016537700955
billing_64,aten::to,"[[1, 3], [], [], [], [], [], [], []]",20,4.0,0.00462900000002719,0.0009258000000054381,0.0013497299818451803
billing_64,aten::to,"[[1, 1, 109], [], [], [], []]",10,2.0,0.004628000000035627,0.0009256000000071254,0.0013494384005165025
billing_64,aten::linear,"[[1, 772], [256, 772], [256]]",5,1.0,0.0045840000000171134,0.0009168000000034227,0.0013366088219410373
billing_64,aten::reshape,"[[1, 109], []]",5,1.0,0.004542999999958965,0.0009085999999917931,0.0013246539873474294
billing_64,aten::as_strided,"[[1, 32, 109], [], [], []]",20,4.0,0.004418000000092207,0.0008836000000184413,0.001288206320994045
billing_64,aten::_softmax,"[[1, 2], [], []]",5,1.0,0.004333000000027823,0.0008666000000055647,0.0012634219078285522
billing_64,aten::select,"[[1, 109, 768], [], []]",5,1.0,0.004293999999994412,0.0008587999999988824,0.0012520502359044327
billing_64,aten::as_strided,"[[1, 3, 1], [], [], []]",10,2.0,0.004082000000067637,0.0008164000000135275,0.0011902349937245528
billing_64,aten::resolve_conj,"[[109, 1152]]",110,22.0,0.0039989999998606435,0.0007997999999721287,0.0011660337431797535
billing_64,aten::as_strided,"[[3072, 768], [], [], []]",10,2.0,0.003917000000044937,0.0007834000000089873,0.0011421240740801834
billing_64,aten::to,"[[1, 109, 64], [], [], [], []]",20,4.0,0.003874999999986812,0.0007749999999973624,0.0011298776581554445
billing_64,aten::select,"[[1, 1, 109], [], []]",10,2.0,0.003832000000064909,0.0007664000000129818,0.0011173396609392872
billing_64,aten::as_strided,"[[2304], [], [], []]",30,6.0,0.003626999999920372,0.0007253999999840743,0.0010575654880138772
billing_64,aten::select,"[[1, 32, 1], [], []]",10,2.0,0.0035849999999891225,0.0007169999999978245,0.0010453190721261326
billing_64,aten::reshape,"[[1, 32, 1], []]",10,2.0,0.0034990000000200325,0.0006998000000040065,0.0010202430776572876
billing_64,aten::copy_,"[[3], [], []]",5,1.0,0.0034580000000291873,0.0006916000000058375,0.001008288243083304
billing_64,aten::linear,"[[1, 256], [2, 256], [2]]",5,1.0,0.0034160000000119906,0.0006832000000023982,0.0009960418271704986
billing_64,aten::to,"[[1], [], [], [], []]",10,2.0,0.003375999999960186,0.0006751999999920372,0.0009843785739098781
billing_64,aten::t,"[[256, 772]]",5,1.0,0.003206999999980326,0.0006413999999960652,0.0009351013289534486
billing_64,aten::copy_,"[[1, 2], [1, 2], []]",5,1.0,0.003168000000034226,0.0006336000000068452,0.0009237296570547874
billing_64,aten::transpose,"[[1, 768], [], []]",5,1.0,0.0031670000000012808,0.0006334000000002562,0.0009234380757140432
billing_64,aten::select,"[[256000, 768], [], []]",5,1.0,0.003166999999945574,0.0006333999999891148,0.0009234380756978003
billing_64,aten::transpose,"[[2, 256], [], []]",5,1.0,0.0031259999999892897,0.000625199999997858,0.0009114832411338939
billing_64,aten::view,"[[1, 1, 109], []]",10,2.0,0.0031250000000027285,0.0006250000000005457,0.0009111916598066744
billing_64,aten::as_strided,"[[], [], [], []]",15,3.0,0.0030839999999881227,0.0006167999999976245,0.0008992368252257626
billing_64,aten::empty_like,"[[1, 3], [], [], [], [], []]",5,1.0,0.0030820000000676374,0.0006164000000135275,0.0008986536625866716
billing_64,aten::t,"[[2, 256]]",5,1.0,0.0030420000000012807,0.0006084000000002561,0.000886990409321808
billing_64,aten::transpose,"[[256, 772], [], []]",5,1.0,0.003001999999934924,0.0006003999999869848,0.0008753271560569445
billing_64,aten::expand,"[[1, 1, 1, 1], [], []]",5,1.0,0.00295699999998169,0.000591399999996338,0.0008622059961693759
billing_64,aten::log,[[1]],5,1.0,0.002875000000014552,0.0005750000000029104,0.0008382963270256516
billing_64,aten::copy_,"[[109], [], []]",5,1.0,0.002873999999982857,0.0005747999999965714,0.000838004745685272
billing_64,aten::as_strided,"[[1, 768], [], [], []]",15,3.0,0.0027919999999285214,0.0005583999999857043,0.0008140950765161226
billing_64,aten::_reshape_alias,"[[1, 1, 1, 109], [], []]",5,1.0,0.002790000000038617,0.0005580000000077234,0.0008135119138859486
billing_64,aten::as_strided,"[[32], [], [], []]",10,2.0,0.002543000000065831,0.0005086000000131662,0.0007414913251028271
billing_64,aten::reshape,"[[1, 1, 109], []]",10,2.0,0.002542000000055623,0.0005084000000111246,0.0007411997437687127
billing_64,aten::as_strided,"[[109], [], [], []]",15,3.0,0.0024989999999841077,0.0004997999999968216,0.0007286617465089313
billing_64,aten::copy_,"[[3], [3], []]",5,1.0,0.002459000000002561,0.0004918000000005122,0.0007169984932687967
billing_64,aten::as_strided,"[[109, 1, 768], [], [], []]",10,2.0,0.002459000000002561,0.0004918000000005122,0.0007169984932687967
billing_64,aten::as_strided,"[[1, 1, 1, 1], [], [], []]",5,1.0,0.0023760000000183938,0.00047520000000367876,0.000692797242788969
billing_64,aten::detach_,[[109]],5,1.0,0.002373999999998716,0.0004747999999997432,0.0006922140801209557
billing_64,aten::as_strided,"[[1, 1, 1], [], [], []]",10,2.0,0.002333999999943103,0.0004667999999886206,0.0006805508268592247
billing_64,aten::to,"[[1, 32, 1], [], [], [], [], []]",10,2.0,0.00233299999997098,0.00046659999999419595,0.0006802592455362152
billing_64,aten::expand,"[[1], [], []]",5,1.0,0.002330000000016298,0.00046600000000325965,0.0006793845015560155
billing_64,aten::to,"[[109], [], [], [], [], []]",5,1.0,0.00229100000001074,0.00045820000000214805,0.0006680128296400175
billing_64,aten::view,"[[3, 768], []]",5,1.0,0.002249999999956344,0.00044999999999126885,0.0006560579950475035
billing_64,aten::select,"[[1, 768], [], []]",5,1.0,0.0022480000000214204,0.0004496000000042841,0.0006554748324042028
billing_64,aten::to,"[[1, 109], [], [], [], [], [], [], []]",10,2.0,0.0021659999999658337,0.0004331999999931667,0.0006315651632346885
billing_64,aten::fill_,"[[3], []]",5,1.0,0.002123999999994794,0.0004247999999989588,0.0006193187473353418
billing_64,aten::view,"[[1, 109], []]",5,1.0,0.002083000000014522,0.0004166000000029044,0.0006073639127644409
billing_64,aten::__and__,"[[1, 1, 109, 109], [1, 1, 109, 1]]",5,1.0,0.00204299999998932,0.00040859999999786397,0.0005957006595115772
billing_64,aten::to,"[[1, 1, 109, 109], [], [], [], [], [], [], []]",10,2.0,0.002041999999985478,0.00040839999999709565,0.0005954090781793192
billing_64,aten::as_strided,"[[3, 768], [], [], []]",5,1.0,0.0020410000000556467,0.00040820000001112934,0.0005951174968686411
billing_64,aten::select,"[[109, 768], [], []]",5,1.0,0.002040000000013151,0.0004080000000026302,0.0005948259155251123
billing_64,aten::as_strided,"[[1, 2], [], [], []]",15,3.0,0.002000000000029104,0.0004000000000058208,0.0005831626622842485
billing_64,aten::expand,"[[256], [], []]",5,1.0,0.001999999999985448,0.0003999999999970896,0.0005831626622715194
billing_64,aten::detach_,[[1]],10,2.0,0.0019980000001654616,0.0003996000000330923,0.0005825794996617322
billing_64,aten::expand,"[[2], [], []]",5,1.0,0.001997999999905005,0.000399599999981001,0.000582579499585788
billing_64,aten::__and__,"[[1, 1, 109, 109], [1, 1, 1, 109]]",5,1.0,0.0019600000000050384,0.0003920000000010077,0.0005714994090317163
billing_64,aten::as_strided,"[[1, 1, 1, 109], [], [], []]",10,2.0,0.0018750000000727594,0.0003750000000145519,0.0005467149959047426
billing_64,aten::softmax,"[[1, 2], [], []]",5,1.0,0.0018339999999443535,0.0003667999999888707,0.0005347601612906487
billing_64,aten::resolve_conj,"[[109, 3072]]",20,4.0,0.0017919999999867285,0.0003583999999973457,0.0005225137453952135
billing_64,aten::as_strided,"[[3072], [], [], []]",10,2.0,0.001790999999982887,0.0003581999999965774,0.0005222221640629554
billing_64,aten::as_strided,"[[256, 772], [], [], []]",5,1.0,0.0017070000000821892,0.00034140000001643786,0.0004977293322763281
billing_64,aten::resolve_conj,"[[3, 768]]",10,2.0,0.001584999999977299,0.0003169999999954598,0.0004621564098469226
billing_64,aten::view,"[[3, 1], []]",5,1.0,0.001583000000056927,0.0003166000000113854,0.00046157324720786486
billing_64,aten::lift_fresh,[[109]],5,1.0,0.0015010000000038417,0.00030020000000076835,0.00043766357803907995
billing_64,aten::as_strided,"[[1, 32], [], [], []]",10,2.0,0.0014569999999803258,0.00029139999999606514,0.0004248339994621563
billing_64,aten::as_strided,"[[1, 1], [], [], []]",10,2.0,0.0013739999999987731,0.0002747999999997546,0.0004006327489830911
billing_64,aten::as_strided,"[[2, 256], [], [], []]",5,1.0,0.0013739999999816063,0.00027479999999632126,0.0004006327489780856
billing_64,aten::detach,"[[1, 2]]",5,1.0,0.001250000000014552,0.0002500000000029104,0.0003644766639265946
billing_64,aten::to,"[[1, 2], [], [], [], [], [], [], []]",10,2.0,0.001168000000034226,0.0002336000000068452,0.000340566994779025
billing_64,aten::detach_,[[3]],5,1.0,0.0010800000000175487,0.00021600000000350974,0.0003149078376340286
billing_64,aten::to,"[[1, 1, 1, 109], [], [], [], [], [], [], []]",5,1.0,0.0010429999999614665,0.0002085999999922933,0.0003041193283655745
billing_64,aten::to,"[[1, 768], [], [], [], []]",5,1.0,0.0009579999999841675,0.0001915999999968335,0.00027933491522547376
billing_64,aten::to,"[[1, 2], [], [], [], []]",5,1.0,0.0009570000000239815,0.0001914000000047963,0.0002790433339059449
billing_64,aten::to,"[[1, 1, 109, 1], [], [], [], [], [], [], []]",5,1.0,0.0009170000000170831,0.0001834000000034166,0.0002673800806584182
billing_64,aten::to,"[[1], [], [], [], [], [], [], []]",5,1.0,0.0009159999999855018,0.00018319999999710036,0.0002670884993180718
billing_64,aten::to,"[[1, 772], [], [], [], []]",5,1.0,0.0008749999999417923,0.00017499999998835846,0.0002551336647286738
billing_64,aten::resolve_conj,"[[1, 32, 1]]",10,2.0,0.00074999999995498,0.000149999999990996,0.00021868599834028396
billing_64,aten::resolve_neg,"[[1, 3]]",5,1.0,0.0007489999999961583,0.00014979999999923166,0.00021839441702115286
billing_64,aten::zero_,"[[1, 3]]",10,2.0,0.0007090000000196142,0.00014180000000392284,0.00020673116378247693
billing_64,aten::fill_,"[[], []]",10,2.0,0.0007059999999619322,0.00014119999999238642,0.0002058564197722443
billing_64,aten::as_strided,"[[256000, 768], [], [], []]",5,1.0,0.0006670000000012806,0.00013340000000025613,0.00019448474786934016
billing_64,aten::as_strided,"[[256], [], [], []]",5,1.0,0.0005829999999841675,0.0001165999999968335,0.0001699919160487683
billing_64,aten::as_strided,"[[109, 768], [], [], []]",5,1.0,0.0005419999999842275,0.0001083999999968455,0.00015803708147213267
billing_64,aten::as_strided,"[[2], [], [], []]",5,1.0,0.000502000000065891,0.00010040000001317821,0.00014637382825042898
billing_64,aten::lift_fresh,[[]],10,2.0,0.00045800000001327136,9.160000000265427e-05,0.00013354424966501927
billing_64,aten::resolve_conj,"[[1, 1, 109]]",10,2.0,0.00041800000005014226,8.360000001002845e-05,0.0001218809964302549
billing_64,aten::resolve_conj,"[[32, 109]]",10,2.0,0.0004170000000647178,8.340000001294357e-05,0.000121589415103367
billing_64,aten::to,"[[1], [], [], [], [], []]",10,2.0,0.0004160000000277932,8.320000000555864e-05,0.0001212978337614626
billing_64,aten::resolve_conj,"[[1, 2]]",10,2.0,0.00041599999996833504,8.3199999993667e-05,0.00012129783374412567
billing_64,aten::to,"[[3], [], [], [], [], []]",5,1.0,0.0003769999999906304,7.539999999812608e-05,0.00010992616183624923
billing_64,aten::resolve_conj,"[[32, 1]]",10,2.0,0.00037600000005272706,7.520000001054541e-05,0.00010963458052321755
billing_64,aten::resolve_conj,"[[1, 256]]",10,2.0,0.0003749999999708961,7.499999999417922e-05,0.00010934299916821934
billing_64,aten::to,"[[1, 3, 768], [], [], [], []]",5,1.0,0.0003339999999880092,6.679999999760184e-05,9.738816459655605e-05
billing_64,aten::lift_fresh,[[1]],10,2.0,0.00033300000002657273,6.660000000531455e-05,9.709658327666256e-05
billing_64,aten::resolve_conj,"[[1, 109]]",10,2.0,0.00033199999996440965,6.639999999288193e-05,9.68050019273991e-05
billing_64,aten::lift_fresh,[[3]],5,1.0,0.00025100000000259116,5.0200000000518236e-05,7.318691411636373e-05
billing_64,aten::resolve_conj,"[[3, 1]]",5,1.0,0.00025000000004365573,5.0000000008731143e-05,7.28953327971995e-05
billing_64,aten::resolve_conj,"[[1, 772]]",5,1.0,0.00024899999996705444,4.979999999341089e-05,7.260375144372613e-05
billing_64,aten::resolve_conj,"[[1, 3]]",5,1.0,0.00020799999991140793,4.159999998228158e-05,6.064891685084751e-05
billing_64,aten::resolve_neg,"[[1, 2]]",5,1.0,0.00020700000003853348,4.1400000007706695e-05,6.035733555677706e-05
billing_64,aten::resolve_conj,"[[768, 1]]",5,1.0,0.00012599999997473787,2.5199999994947573e-05,3.673924771600707e-05
billing_128,aten::mm,"[[173, 768], [768, 2304]]",220,44.0,180.763303,36.152660600000004,40.678813793528704
billing_128,aten::mm,"[[173, 1152], [1152, 768]]",110,22.0,49.72588799999967,9.945177599999933,11.190269845145787
billing_128,aten::mm,"[[173, 768], [768, 768]]",110,22.0,30.32089400000024,6.0641788000000485,6.823387162157199
billing_128,aten::_scaled_dot_product_flash_attention_for_cpu,"[[1, 12, 173, 64], [1, 12, 173, 64], [1, 12, 173, 64], [], [], [1, 1, 173, 173], []]",70,14.0,26.756749999999712,5.351349999999942,6.021315349443398
billing_128,aten::mul,"[[1, 12, 173, 64], [1, 1, 173, 64]]",440,88.0,15.327707999999456,3.065541599999891,3.449333848549771
billing_128,aten::addmm,"[[768], [173, 3072], [3072, 768], [], []]",10,2.0,14.63539699999997,2.927079399999994,3.2935367935679265
billing_128,aten::gelu,"[[1, 173, 1152], []]",110,22.0,13.967652000000427,2.7935304000000856,3.143268049493577
billing_128,aten::_scaled_dot_product_flash_attention_for_cpu,"[[1, 12, 173, 64], [1, 12, 173, 64], [1, 12, 173, 64], [], [], [], []]",40,8.0,12.570660999999872,2.5141321999999744,2.8288904307118585
billing_128,aten::addmm,"[[3072], [173, 768], [768, 3072], [], []]",10,2.0,12.311612999999852,2.4623225999999705,2.7705944979605817
billing_128,aten::addmm,"[[768], [173, 768], [768, 768], [], []]",40,8.0,11.41450900000034,2.282901800000068,2.568711007430372
billing_128,aten::native_layer_norm,"[[1, 173, 768], [], [768], [], []]",225,45.0,11.06903500000081,2.2138070000001617,2.4909658440966034
billing_128,aten::cat,"[[], []]",240,48.0,11.002617999999886,2.2005235999999773,2.4760194211726856
billing_128,aten::add,"[[1, 173, 768], [1, 173, 768], []]",240,48.0,8.748177999999736,1.7496355999999473,1.9686822379796514
billing_128,aten::add,"[[1, 12, 173, 64], [1, 12, 173, 64], []]",220,44.0,6.217032999999135,1.243406599999827,1.399075606375637
billing_128,aten::neg,"[[1, 12, 173, 32]]",220,44.0,5.604743999999751,1.1209487999999501,1.2612866314817623
billing_128,aten::mul,"[[1, 173, 1152], [1, 173, 1152]]",110,22.0,4.9466030000004,0.98932060000008,1.1131791630712058
billing_128,aten::_scaled_dot_product_flash_attention_for_cpu,"[[1, 12, 173, 64], [1, 12, 173, 64], [1, 12, 173, 64], [], [], [1, 1, 1, 173], []]",10,2.0,4.004993000000075,0.8009986000000151,0.9012800816733749
billing_128,aten::where,"[[1, 1, 173, 173], [], []]",140,28.0,1.4961420000001597,0.2992284000000319,0.33669047210696385
billing_128,aten::copy_,"[[173, 768], [173, 768], []]",50,10.0,1.3542169999998876,0.27084339999997753,0.3047517956619022
billing_128,aten::slice,"[[1, 12, 173, 64], [], [], [], []]",880,176.0,1.3188509999998992,0.26377019999997986,0.296793062308698
billing_128,aten::native_layer_norm,"[[1, 173, 768], [], [768], [768], []]",20,4.0,1.1026000000002094,0.22052000000004188,0.24812812857681235
billing_128,aten::empty,"[[], [], [], [], [], []]",1285,257.0,0.887514999999197,0.1775029999998394,0.19972559045311855
billing_128,aten::clamp_min,"[[1, 173, 3072], []]",10,2.0,0.7777329999999929,0.1555465999999986,0.17502034629275492
billing_128,aten::unsqueeze,"[[1, 173, 64], []]",220,44.0,0.7366650000003355,0.1473330000000671,0.16577843990394156
billing_128,aten::addmm,"[[768], [3, 768], [768, 768], [], []]",5,1.0,0.6976529999999475,0.13953059999998949,0.15699921393610825
billing_128,aten::scaled_dot_product_attention,"[[1, 12, 173, 64], [1, 12, 173, 64], [1, 12, 173, 64], [1, 1, 173, 173], [], [], [], []]",70,14.0,0.5917759999998145,0.11835519999996288,0.13317274752094843
billing_128,aten::copy_,"[[173, 3072], [173, 3072], []]",10,2.0,0.5582770000000892,0.11165540000001783,0.1256341621961481
billing_128,aten::layer_norm,"[[1, 173, 768], [], [768], [], [], []]",225,45.0,0.5079319999999339,0.10158639999998678,0.11430456793418925
billing_128,aten::transpose,"[[1, 173, 12, 64], [], []]",450,90.0,0.5004480000002904,0.1000896000000581,0.11262037519504536
billing_128,aten::as_strided,"[[1, 12, 173, 64], [], [], []]",1480,296.0,0.49620099999955297,0.0992401999999106,0.11166463407201938
billing_128,aten::matmul,"[[1, 173, 768], [768, 2304]]",220,44.0,0.488494999999484,0.0976989999998968,0.10993048264917363
billing_128,aten::select,"[[1, 173, 3, 12, 64], [], []]",330,66.0,0.47113399999888766,0.09422679999977754,0.10602357856757638
billing_128,aten::split,"[[1, 173, 2304], [], []]",110,22.0,0.4637780000003823,0.09275560000007646,0.10436819083545242
billing_128,aten::narrow,"[[1, 12, 173, 64], [], [], []]",440,88.0,0.44876700000034586,0.08975340000006918,0.10099012867503629
billing_128,aten::unbind,"[[1, 173, 3, 12, 64], []]",110,22.0,0.41474800000036666,0.08294960000007333,0.0933345230102006
billing_128,aten::transpose,"[[1, 12, 173, 64], [], []]",590,118.0,0.38174600000083736,0.07634920000016747,0.08590778212576959
billing_128,aten::narrow,"[[1, 173, 2304], [], [], []]",220,44.0,0.3697429999995993,0.07394859999991986,0.08320663762403362
billing_128,aten::cos,"[[1, 173, 64]]",10,2.0,0.2853699999999833,0.05707399999999666,0.06421941234531774
billing_128,aten::to,"[[1, 12, 173, 64], [], [], [], []]",660,132.0,0.27646899999927516,0.05529379999985503,0.0622163391794938
billing_128,aten::chunk,"[[1, 173, 2304], [], []]",110,22.0,0.2713350000000746,0.05426700000001492,0.06106098836150472
billing_128,aten::t,"[[2304, 768]]",220,44.0,0.2658880000004681,0.05317760000009362,0.05983520030032203
billing_128,aten::matmul,"[[1, 173, 1152], [1152, 768]]",110,22.0,0.25761600000021095,0.051523200000042194,0.05797367673815009
billing_128,aten::empty_strided,"[[], [], [], [], [], []]",200,40.0,0.2322109999997488,0.046442199999949765,0.05225655801276701
billing_128,aten::matmul,"[[1, 173, 768], [768, 768]]",110,22.0,0.2302939999992345,0.0460587999998469,0.05182515802853947
billing_128,aten::index_select,"[[256000, 768], [], [173]]",5,1.0,0.22962200000005178,0.04592440000001036,0.05167393174321316
billing_128,aten::slice,"[[1, 173, 2304], [], [], [], []]",220,44.0,0.22816500000049383,0.04563300000009877,0.05134604975225845
billing_128,aten::sin,"[[1, 173, 64]]",10,2.0,0.22199500000002967,0.044399000000005934,0.04995755841049008
billing_128,aten::linear,"[[1, 173, 768], [2304, 768], []]",220,44.0,0.2194420000005668,0.04388840000011336,0.049383033549141274
billing_128,aten::view,"[[173], []]",490,98.0,0.21760999999991462,0.04352199999998292,0.04897076188968684
billing_128,aten::scaled_dot_product_attention,"[[1, 12, 173, 64], [1, 12, 173, 64], [1, 12, 173, 64], [], [], [], [], []]",40,8.0,0.21424499999979252,0.042848999999958504,0.04821350526653146
billing_128,aten::transpose,"[[2304, 768], [], []]",220,44.0,0.20185699999977985,0.04037139999995597,0.04542572070566433
billing_128,aten::addmm,"[[256], [1, 772], [772, 256], [], []]",5,1.0,0.19632900000018708,0.03926580000003742,0.04418170447614199
billing_128,aten::view,"[[1, 173, 768], []]",350,70.0,0.1850790000003053,0.037015800000061064,0.04165001442856419
billing_128,aten::scalar_tensor,"[[], [], [], [], []]",160,32.0,0.18411399999997957,0.036822799999995916,0.04143285168218527
billing_128,aten::transpose,"[[768, 1152], [], []]",110,22.0,0.1795789999998633,0.03591579999997266,0.04041229929408036
billing_128,aten::t,"[[768, 1152]]",110,22.0,0.17866900000050281,0.03573380000010056,0.0402075136992625
billing_128,aten::empty_like,"[[1, 12, 173, 64], [], [], [], [], []]",120,24.0,0.17678000000031488,0.035356000000062976,0.03978241481033801
billing_128,aten::linear,"[[1, 173, 768], [768, 768], []]",110,22.0,0.1704510000003306,0.034090200000066115,0.038358142249338145
billing_128,aten::bitwise_and,"[[], [1, 1, 173, 173]]",10,2.0,0.15982799999993857,0.031965599999987715,0.03596755172696534
billing_128,aten::add,"[[1, 173, 768], [1, 1, 768], []]",5,1.0,0.15858000000008907,0.03171600000001781,0.035686702911051624
billing_128,aten::t,"[[768, 768]]",155,31.0,0.15642599999997944,0.03128519999999589,0.03520196865657898
billing_128,aten::view,"[[1, 173, 12, 64], []]",110,22.0,0.15616100000013333,0.031232200000026668,0.03514233329104781
billing_128,aten::as_strided,"[[1, 173, 12, 64], [], [], []]",450,90.0,0.1507419999997146,0.03014839999994292,0.03392284632491196
billing_128,aten::view,"[[1, 173, 1152], []]",110,22.0,0.1485799999998735,0.0297159999999747,0.03343631175757699
billing_128,aten::view,"[[1, 173, 2304], []]",110,22.0,0.13654000000014774,0.027308000000029548,0.03072684080891364
billing_128,aten::_unsafe_view,"[[173, 2304], []]",220,44.0,0.13157500000009892,0.026315000000019784,0.029609521601226596
billing_128,aten::as_strided,"[[1, 173, 3, 12, 64], [], [], []]",330,66.0,0.12880000000055364,0.02576000000011073,0.028985038056253153
billing_128,aten::reshape,"[[1, 173, 768], []]",330,66.0,0.1287059999998082,0.02574119999996164,0.0289638843792432
billing_128,aten::linear,"[[1, 173, 1152], [768, 1152], []]",110,22.0,0.12824299999972938,0.025648599999945877,0.028859691268821822
billing_128,aten::native_layer_norm,"[[1, 3, 768], [], [768], [768], []]",5,1.0,0.12374700000009034,0.024749400000018067,0.027847915406322674
billing_128,aten::_unsafe_view,"[[173, 768], []]",220,44.0,0.12245600000059494,0.024491200000118986,0.02755738990852892
billing_128,aten::as_strided,"[[2304, 768], [], [], []]",250,50.0,0.1204159999999247,0.024083199999984938,0.027098310113079147
billing_128,aten::as_strided,"[[1, 173, 2304], [], [], []]",220,44.0,0.1108269999996428,0.02216539999992856,0.0249404100359954
billing_128,aten::reshape,"[[1, 173, 12, 64], []]",110,22.0,0.103758999999729,0.0207517999999458,0.0233498335687732
billing_128,aten::transpose,"[[768, 768], [], []]",155,31.0,0.0948649999999011,0.01897299999998022,0.02134833567695473
billing_128,aten::bitwise_and,"[[1, 1, 173, 173], [1, 1, 173, 1]]",5,1.0,0.08970800000001328,0.017941600000002656,0.020187808959158123
billing_128,aten::scaled_dot_product_attention,"[[1, 12, 173, 64], [1, 12, 173, 64], [1, 12, 173, 64], [1, 1, 1, 173], [], [], [], []]",10,2.0,0.08620599999980186,0.01724119999996037,0.019399721977180717
billing_128,aten::linear,"[[173, 1, 768], [768, 768], [768]]",30,6.0,0.08521000000009371,0.017042000000018744,0.019175583018365153
billing_128,aten::expand,"[[1, 1, 173, 173], [], []]",75,15.0,0.08374699999998257,0.016749399999996514,0.018846350792593895
billing_128,aten::linear,"[[1, 173, 3072], [768, 3072], [768]]",10,2.0,0.08328799999995681,0.016657599999991363,0.01874305783864584
billing_128,aten::le,"[[1, 1, 173, 173], []]",5,1.0,0.08166400000003228,0.016332800000006455,0.01837759431534642
billing_128,aten::as_strided,"[[768, 1152], [], [], []]",110,22.0,0.0793269999998638,0.01586539999997276,0.017851677902752813
billing_128,aten::bmm,"[[1, 32, 1], [1, 1, 173]]",10,2.0,0.07904300000001717,0.015808600000003434,0.017787766794030033
billing_128,aten::reshape,"[[1, 173, 1152], []]",110,22.0,0.07804000000031193,0.015608000000062386,0.017562052561407717
billing_128,aten::sub,"[[1, 1, 173, 1], [1, 1, 1, 173], []]",5,1.0,0.07549600000000191,0.015099200000000382,0.016989553051906348
billing_128,aten::view,"[[173, 768], []]",55,11.0,0.07482599999991486,0.014965199999982973,0.01683877684460721
billing_128,aten::resolve_conj,"[[173, 768]]",650,130.0,0.07373599999964245,0.01474719999992849,0.016593484208822454
billing_128,aten::mul,"[[1, 173, 64], []]",20,4.0,0.07212199999986024,0.014424399999972049,0.016230271076708488
billing_128,aten::eq,"[[1, 1, 1, 173], []]",10,2.0,0.07112499999998545,0.01422499999999709,0.016005907078740084
billing_128,aten::transpose,"[[1, 173, 12], [], []]",120,24.0,0.06778799999981629,0.013557599999963258,0.015254951550803714
billing_128,aten::where,"[[1, 1, 1, 173], [], []]",20,4.0,0.058417000000117694,0.011683400000023538,0.013146110000995914
billing_128,aten::dropout,"[[1, 173, 1152], [], []]",110,22.0,0.05682900000009338,0.011365800000018677,0.012788747885826377
billing_128,aten::view,"[[1, 1, 173, 173], []]",70,14.0,0.05674900000003071,0.011349800000006143,0.012770744756584865
billing_128,aten::linear,"[[1, 173, 768], [3072, 768], [3072]]",10,2.0,0.054409999999930736,0.010881999999986148,0.012244378265775992
billing_128,aten::as_strided,"[[1, 173, 64], [], [], []]",230,46.0,0.054247999999531435,0.010849599999906288,0.012207921929000628
billing_128,aten::as_strided,"[[768, 768], [], [], []]",155,31.0,0.051748000000072826,0.010349600000014565,0.011645324140765929
billing_128,aten::arange,"[[], [], [], [0]]",25,5.0,0.049668000000056396,0.00993360000001128,0.011177242780849599
billing_128,aten::_to_copy,"[[], [], [], [], [], [], []]",35,7.0,0.04841599999982554,0.009683199999965109,0.010895493808388695
billing_128,aten::permute,"[[173, 1, 12, 64], []]",30,6.0,0.047706000000063795,0.009541200000012759,0.010735716036549058
billing_128,aten::index,"[[1, 173], []]",5,1.0,0.0431680000000465,0.0086336000000093,0.009714488531120388
billing_128,aten::layer_norm,"[[1, 173, 768], [], [768], [768], [], []]",20,4.0,0.041624999999927234,0.008324999999985446,0.009367253176119897
billing_128,aten::gather,"[[1, 173, 768], [], [1, 3, 768], []]",5,1.0,0.04041599999986647,0.008083199999973294,0.009095180885657002
billing_128,aten::sum,"[[1, 3], [], [], []]",10,2.0,0.04020599999993283,0.008041199999986566,0.009047922671449986
billing_128,aten::view,"[[173, 1, 768], []]",60,12.0,0.0392899999996298,0.00785799999992596,0.008841786841727959
billing_128,aten::unflatten,"[[173, 1, 768], [], []]",30,6.0,0.03820800000030431,0.007641600000060862,0.008598294519079043
billing_128,aten::gelu,"[[1, 3, 768], []]",5,1.0,0.037706999999965775,0.007541399999993155,0.00848554992221621
billing_128,aten::copy_,"[[], [], []]",35,7.0,0.037454000000087716,0.007490800000017543,0.00842861502606197
billing_128,aten::relu,"[[1, 173, 3072]]",10,2.0,0.037413999999960645,0.007482799999992129,0.008419613461419671
billing_128,aten::abs,"[[1, 1, 173, 173], [0]]",5,1.0,0.03687399999995114,0.007374799999990228,0.008298092339132519
billing_128,aten::matmul,"[[1, 32, 1], [1, 1, 173]]",10,2.0,0.03670600000004242,0.007341200000008484,0.008260285767775504
billing_128,aten::transpose,"[[1, 173, 768], [], []]",30,6.0,0.035914000000062514,0.007182800000012503,0.008082054788428675
billing_128,aten::all,"[[1, 173]]",10,2.0,0.03566699999993,0.007133399999986,0.008026470126909227
billing_128,aten::as_strided,"[[1, 173, 12], [], [], []]",120,24.0,0.03408200000012902,0.006816400000025804,0.007669783129135976
billing_128,aten::expand,"[[768], [], []]",55,11.0,0.03341399999997521,0.006682799999995041,0.007519457000052494
billing_128,aten::split,"[[2304, 768], [], []]",10,2.0,0.03316599999996833,0.006633199999993666,0.0074636472994459805
billing_128,aten::index_select,"[[3, 768], [], [1]]",5,1.0,0.03270700000011129,0.006541400000022258,0.007360354345535891
billing_128,aten::masked_fill_,"[[1, 173], [1, 173], []]",10,2.0,0.03229200000005949,0.006458400000011898,0.00726696311265705
billing_128,aten::view,"[[173, 3072], []]",10,2.0,0.03158200000008219,0.006316400000016438,0.007107185340768903
billing_128,aten::_to_copy,"[[1, 173], [], [], [], [], [], []]",15,3.0,0.03116700000019864,0.006233400000039728,0.007013794107927925
billing_128,aten::clamp,"[[1, 3], [], []]",5,1.0,0.03045699999995122,0.006091399999990244,0.00685401633597899
billing_128,aten::unsqueeze,"[[1, 173], []]",30,6.0,0.03016300000025126,0.006032600000050252,0.0067878548361357816
billing_128,aten::to,"[[], [], [], [], []]",115,23.0,0.02895200000000955,0.00579040000000191,0.006515332467401485
billing_128,aten::copy_,"[[1, 173], [1, 173], []]",15,3.0,0.02841799999992156,0.0056835999999843125,0.006395161579788727
billing_128,aten::resolve_conj,"[[173, 2304]]",220,44.0,0.026747999999829523,0.005349599999965904,0.006019346257145848
billing_128,aten::embedding,"[[256000, 768], [1, 173], [], [], []]",5,1.0,0.025873000000053024,0.005174600000010605,0.005822437031271362
billing_128,aten::narrow,"[[2304, 768], [], [], []]",30,6.0,0.024460000000151923,0.004892000000030384,0.005504456761314504
billing_128,aten::linear,"[[1, 173, 768], [768, 768], [768]]",10,2.0,0.023956000000049243,0.004791200000009849,0.005391037047158721
billing_128,aten::zeros_like,"[[1, 173], [], [], [], [], []]",10,2.0,0.023582999999969614,0.004716599999993923,0.005307097457118007
billing_128,aten::arange,"[[], [], [], [], []]",25,5.0,0.0222879999999725,0.0044575999999945,0.005015671802749972
billing_128,aten::select,"[[1, 2], [], []]",15,3.0,0.020373999999981605,0.004074799999996321,0.00458494693598626
billing_128,aten::topk,"[[1, 3], [], [], [], []]",5,1.0,0.019792000000030386,0.0039584000000060775,0.004453974170867837
billing_128,aten::sum,"[[1, 173], []]",5,1.0,0.018791000000026543,0.003758200000005309,0.004228710016409016
billing_128,aten::unsqueeze,"[[1, 1, 173], []]",20,4.0,0.01862499999998795,0.00372499999999759,0.004191353523253457
billing_128,aten::expand,"[[1, 32, 1], [], []]",20,4.0,0.018377000000074077,0.0036754000000148155,0.0041355438226678715
billing_128,aten::addmm,"[[1], [3, 768], [768, 1], [], []]",5,1.0,0.018330999999918277,0.0036661999999836555,0.00412519202332705
billing_128,aten::copy_,"[[3, 768], [3, 768], []]",5,1.0,0.018165999999982887,0.0036331999999965774,0.004088060569310058
billing_128,aten::bitwise_not,"[[1, 173]]",5,1.0,0.017916999999957627,0.0035833999999915255,0.004032025829584063
billing_128,aten::permute,"[[1, 12, 173, 64], []]",10,2.0,0.017377000000036787,0.0034754000000073574,0.003910504707316866
billing_128,aten::slice,"[[2304, 768], [], [], [], []]",30,6.0,0.017160999999920025,0.003432199999984005,0.0038618962583765854
billing_128,aten::bitwise_and,"[[1, 1, 173, 173], [1, 1, 1, 173]]",5,1.0,0.016791000000000167,0.0033582000000000334,0.003778631785717854
billing_128,aten::zeros,"[[], [], [], [], []]",15,3.0,0.016751999999870464,0.0033503999999740927,0.0037698552601903037
billing_128,aten::stack,"[[], []]",5,1.0,0.01666499999987718,0.0033329999999754363,0.0037502768571570084
billing_128,aten::slice,"[[1, 173], [], [], [], []]",5,1.0,0.016498999999967054,0.003299799999993411,0.00371292036403036
billing_128,aten::bitwise_not,"[[1, 3]]",5,1.0,0.01633199999999488,0.0032663999999989757,0.0036753388317744048
billing_128,aten::t,"[[768, 3072]]",10,2.0,0.01616900000006717,0.0032338000000134343,0.0036386574559898275
billing_128,aten::linear,"[[1, 3, 768], [768, 768], [768]]",5,1.0,0.016079999999914434,0.0032159999999828866,0.0036186289746899633
billing_128,aten::as_strided,"[[173, 1, 12, 64], [], [], []]",30,6.0,0.015458000000100582,0.0030916000000201166,0.0034786546449887485
billing_128,aten::flatten,"[[173, 1, 12, 64], [], []]",10,2.0,0.015248999999937951,0.0030497999999875903,0.0034316214698455437
billing_128,aten::new_ones,"[[1, 1, 173, 1], [], [], [], [], []]",10,2.0,0.014869999999906895,0.002973999999981379,0.003346331645123704
billing_128,aten::unsqueeze,"[[1], []]",30,6.0,0.014632000000081007,0.0029264000000162015,0.0032927723357113444
billing_128,aten::as_strided,"[[1, 173, 768], [], [], []]",35,7.0,0.014498999999981606,0.002899799999996321,0.003262842133348408
billing_128,aten::unsqueeze,"[[1, 3], []]",5,1.0,0.014335000000035507,0.0028670000000071013,0.0032259357184443492
billing_128,aten::split,"[[2304], [], []]",10,2.0,0.014329999999943537,0.0028659999999887074,0.00322481052284694
billing_128,aten::masked_fill,"[[1, 3], [1, 3], []]",5,1.0,0.013959000000075321,0.002791800000015064,0.0031413210110844865
billing_128,aten::add,"[[173], [], []]",10,2.0,0.013663999999992484,0.002732799999998497,0.003074934472039774
billing_128,aten::reshape,"[[1, 1, 1, 173], []]",10,2.0,0.013246999999977561,0.0026493999999955124,0.002981093160938546
billing_128,aten::embedding,"[[3, 768], [1], [], [], []]",5,1.0,0.01308199999993667,0.002616399999987334,0.002943961706897813
billing_128,aten::squeeze,"[[1, 3, 1], []]",5,1.0,0.013040999999939231,0.0026081999999878463,0.002934735103169342
billing_128,aten::transpose,"[[768, 3072], [], []]",10,2.0,0.012872999999963212,0.0025745999999926424,0.00289692853179718
billing_128,aten::full,"[[], [], [], [], [], []]",5,1.0,0.012792999999960216,0.002558599999992043,0.002878925402569096
billing_128,aten::view,"[[1, 173, 3072], []]",10,2.0,0.012543000000005123,0.0025086000000010245,0.002822665623743549
billing_128,aten::_to_copy,"[[1, 1, 173], [], [], [], [], [], []]",10,2.0,0.012501000000022031,0.0025002000000044064,0.0028132139809029645
billing_128,aten::layer_norm,"[[1, 3, 768], [], [768], [768], [], []]",5,1.0,0.012293000000092433,0.0024586000000184865,0.002766405844927544
billing_128,aten::ge,"[[1, 1, 173, 1], []]",5,1.0,0.012165999999968336,0.0024331999999936673,0.002737825877251105
billing_128,aten::as_strided,"[[768, 3072], [], [], []]",10,2.0,0.01208300000001327,0.002416600000002654,0.0027191476306877805
billing_128,aten::transpose,"[[173, 1, 768], [], []]",10,2.0,0.011957000000053085,0.002391400000010617,0.0026907927021635712
billing_128,aten::empty_like,"[[1, 173], [], [], [], [], []]",10,2.0,0.011955000000045403,0.0023910000000090807,0.002690342623931157
billing_128,aten::slice,"[[2304], [], [], [], []]",30,6.0,0.011707999999780441,0.002341599999956088,0.002634757962381905
billing_128,aten::transpose,"[[1, 32, 173], [], []]",10,2.0,0.011707000000069,0.0023414000000138,0.0026345329233314996
billing_128,aten::item,[[]],15,3.0,0.011415000000153669,0.0022830000000307335,0.0025688215016705096
billing_128,aten::expand,"[[1, 3, 1], [], []]",5,1.0,0.011374999999941793,0.0022749999999883584,0.0025598199370091253
billing_128,aten::log,"[[1, 3]]",5,1.0,0.011248999999996158,0.0022497999999992317,0.0025314650084881903
billing_128,aten::mul,"[[1, 3], [1, 3]]",5,1.0,0.011207999999984168,0.0022415999999968335,0.002522238404756445
billing_128,aten::to,"[[1, 3], [], [], [], []]",20,4.0,0.011167000000059487,0.0022334000000118976,0.002513011801044348
billing_128,aten::unsqueeze,"[[1, 768], []]",5,1.0,0.010999999999970896,0.0021999999999941793,0.0024754302687621946
billing_128,aten::unsqueeze,"[[173], []]",15,3.0,0.010833999999988122,0.0021667999999976243,0.002438073775619197
billing_128,aten::_to_copy,"[[1, 3], [], [], [], [], [], []]",5,1.0,0.010793000000019674,0.002158600000003935,0.002428847171897251
billing_128,aten::copy_,"[[1, 3], [1, 3], []]",10,2.0,0.010747999999934109,0.002149599999986822,0.0024187204116875778
billing_128,aten::sub,"[[1], [1], []]",5,1.0,0.010624000000025263,0.0021248000000050524,0.0023908155614056066
billing_128,aten::addmm,"[[2], [1, 256], [256, 2], [], []]",5,1.0,0.010544999999852735,0.0021089999999705468,0.0023730374712547147
billing_128,aten::as_strided,"[[1, 1, 173, 173], [], [], []]",75,15.0,0.010542999999977385,0.002108599999995477,0.0023725873930520803
billing_128,aten::select,"[[1, 173], [], []]",10,2.0,0.01054099999999744,0.002108199999999488,0.0023721373148259083
billing_128,aten::unsqueeze,"[[32], []]",10,2.0,0.010539999999991096,0.0021079999999982194,0.002371912275709138
billing_128,aten::_softmax,"[[1, 3], [], []]",5,1.0,0.010417000000059488,0.0020834000000118976,0.0023442324645373876
billing_128,aten::div,"[[1], [1]]",5,1.0,0.010248999999952503,0.0020497999999905007,0.002306425893135753
billing_128,aten::select,"[[3, 768], [], []]",5,1.0,0.010126000000047498,0.0020252000000094998,0.0022787460819699893
billing_128,aten::dropout,"[[1, 173, 768], [], []]",25,5.0,0.009913000000030935,0.001982600000006187,0.0022308127503982847
billing_128,aten::copy_,"[[1, 1, 173], [1, 1, 173], []]",10,2.0,0.009833000000013272,0.0019666000000026543,0.0022128096211669014
billing_128,aten::abs,"[[1, 1, 173, 173]]",5,1.0,0.009667000000150892,0.0019334000000301784,0.0021754531280509973
billing_128,aten::clone,"[[1, 3], []]",5,1.0,0.009378000000186149,0.0018756000000372298,0.002110416823724916
billing_128,aten::narrow,"[[1, 173, 64], [], [], []]",10,2.0,0.00937299999986294,0.001874599999972588,0.002109291628075469
billing_128,aten::resize_,"[[0], [], []]",25,5.0,0.009290000000057488,0.0018580000000114976,0.002090613381545813
billing_128,aten::gelu,"[[1, 256], []]",5,1.0,0.008790000000008149,0.0017580000000016298,0.001978093823863403
billing_128,aten::view,"[[173, 1, 12, 64], []]",10,2.0,0.008710000000035505,0.0017420000000071011,0.0019600906946421505
billing_128,aten::clamp_min,"[[1, 3], []]",5,1.0,0.008667000000030385,0.001733400000006077,0.0019504140126812655
billing_128,aten::as_strided,"[[1, 173], [], [], []]",50,10.0,0.008584999999862132,0.0017169999999724263,0.0019319608051853081
billing_128,aten::to,"[[1, 173], [], [], [], []]",5,1.0,0.008580999999961932,0.0017161999999923863,0.0019310606487463963
billing_128,aten::t,"[[3072, 768]]",10,2.0,0.008083999999973456,0.0016167999999946911,0.001819216208423711
billing_128,aten::copy_,"[[173], [173], []]",5,1.0,0.008041999999999916,0.0016083999999999832,0.0018097645655852756
billing_128,aten::as_strided,"[[768], [], [], []]",55,11.0,0.008041999999972177,0.0016083999999944355,0.0018097645655790332
billing_128,aten::transpose,"[[3072, 768], [], []]",10,2.0,0.007957000000140397,0.0015914000000280793,0.0017906362408127673
billing_128,aten::narrow,"[[2304], [], [], []]",30,6.0,0.007880000000164727,0.0015760000000329456,0.0017733082289368616
billing_128,aten::_local_scalar_dense,[[]],15,3.0,0.007793999999949392,0.0015587999999898783,0.0017539548649689377
billing_128,aten::div,"[[1], []]",5,1.0,0.007750999999960186,0.001550199999992037,0.0017442781830116344
billing_128,aten::linear,"[[1, 3, 768], [1, 768], [1]]",5,1.0,0.007710000000181026,0.0015420000000362052,0.0017350515793322849
billing_128,aten::__and__,"[[], [1, 1, 173, 173]]",10,2.0,0.007628000000126349,0.0015256000000252697,0.001716598371861886
billing_128,aten::zero_,"[[1, 173]]",15,3.0,0.0074170000000619895,0.0014834000000123978,0.0016691151185101113
billing_128,aten::neg,[[1]],5,1.0,0.00741700000000128,0.001483400000000256,0.0016691151184964493
billing_128,aten::fill_,"[[1, 173], []]",5,1.0,0.007375000000002501,0.0014750000000005002,0.0016596634756523346
billing_128,aten::clamp,"[[1], [], []]",5,1.0,0.007250000000014552,0.0014500000000029103,0.0016315335862372197
billing_128,aten::masked_fill_,"[[1, 3], [1, 3], []]",5,1.0,0.007081999999951222,0.0014163999999902443,0.001593727014845409
billing_128,aten::as_strided,"[[1, 32, 1], [], [], []]",30,6.0,0.006999999999919283,0.0013999999999838564,0.0015752738073801272
billing_128,aten::unsqueeze,"[[1, 32], []]",10,2.0,0.006999000000042088,0.0013998000000084176,0.0015750487682924205
billing_128,aten::as_strided,"[[1], [], [], []]",45,9.0,0.006708000000072843,0.0013416000000145687,0.001509562385734641
billing_128,aten::copy_,"[[1], [1], []]",5,1.0,0.006290999999982887,0.0012581999999965773,0.0014157210746165278
billing_128,aten::unsqueeze,"[[1, 1], []]",10,2.0,0.006250000000042291,0.0012500000000084583,0.0014064944709008492
billing_128,aten::select,"[[1, 3], [], []]",10,2.0,0.006247000000005528,0.0012494000000011056,0.0014058193535465481
billing_128,aten::fill_,"[[173], []]",5,1.0,0.006166999999987979,0.0012333999999975958,0.0013878162243151897
billing_128,aten::view,"[[1, 3, 768], []]",10,2.0,0.006083000000071479,0.0012166000000142958,0.001368912938645201
billing_128,aten::_to_copy,"[[1], [], [], [], [], [], []]",5,1.0,0.006042999999946915,0.0012085999999893828,0.0013599113740034646
billing_128,aten::as_strided,"[[1, 3], [], [], []]",15,3.0,0.006041999999957625,0.0012083999999915249,0.0013596863348905321
billing_128,aten::to,"[[1, 173], [], [], [], [], []]",10,2.0,0.006040999999929795,0.0012081999999859591,0.0013594612957689269
billing_128,aten::softmax,"[[1, 3], [], []]",5,1.0,0.0060409999999246795,0.0012081999999849359,0.0013594612957677755
billing_128,aten::select,"[[1, 32, 173], [], []]",10,2.0,0.005961000000054128,0.0011922000000108256,0.0013414581665694976
billing_128,aten::view,"[[1, 32, 1], []]",10,2.0,0.005957999999912772,0.0011915999999825544,0.0013407830491916593
billing_128,aten::fill_,"[[1, 1], []]",25,5.0,0.005834000000015977,0.0011668000000031953,0.0013128781989124002
billing_128,aten::dropout,"[[1, 173, 3072], [], []]",10,2.0,0.005833999999929802,0.0011667999999859604,0.0013128781988930075
billing_128,aten::unsqueeze,"[[1, 1, 1], []]",10,2.0,0.005624999999997272,0.0011249999999994543,0.0012658450238015847
billing_128,aten::is_nonzero,[[]],10,2.0,0.00558399999988751,0.001116799999977502,0.001256618420047837
billing_128,aten::detach,"[[1, 3]]",10,2.0,0.005499999999810825,0.0010999999999621649,0.0012377151343418002
billing_128,aten::_unsafe_view,"[[1, 32, 173], []]",10,2.0,0.0053740000000145755,0.001074800000002915,0.0012093602058544828
billing_128,aten::expand,"[[1, 1, 173], [], []]",10,2.0,0.005251999999917871,0.0010503999999835743,0.0011819054337609217
billing_128,aten::as_strided,"[[1, 1, 173], [], [], []]",40,8.0,0.005207000000014659,0.0010414000000029317,0.0011717786735922853
billing_128,aten::slice,"[[1, 173, 64], [], [], [], []]",10,2.0,0.005169000000106962,0.0010338000000213925,0.0011632271872300379
billing_128,aten::new_empty,"[[1, 1, 173, 1], [], [], [], [], []]",10,2.0,0.005125000000043655,0.0010250000000087312,0.0011533254661407163
billing_128,aten::copy_,"[[3, 1], [3, 1], []]",5,1.0,0.005125,0.001025,0.001153325466130892
billing_128,aten::expand,"[[3072], [], []]",10,2.0,0.0050810000001220035,0.0010162000000244007,0.0011434237450832726
billing_128,aten::as_strided,"[[1, 768], [], [], []]",15,3.0,0.004876999999978579,0.0009753999999957158,0.0010975157655211036
billing_128,aten::to,"[[1, 1, 173], [], [], [], []]",10,2.0,0.004667999999987842,0.0009335999999975683,0.0010504825904165819
billing_128,aten::as_strided,"[[1, 32, 173], [], [], []]",20,4.0,0.00462300000000937,0.000924600000001874,0.001040355830231009
billing_128,aten::_softmax,"[[1, 2], [], []]",5,1.0,0.004375999999974738,0.0008751999999949475,0.00098477116873359
billing_128,aten::copy_,"[[1, 256], [1, 256], []]",5,1.0,0.0043339999999589054,0.0008667999999917811,0.0009753195258856373
billing_128,aten::to,"[[1, 3], [], [], [], [], [], [], []]",20,4.0,0.004331000000004224,0.0008662000000008447,0.0009746444085498078
billing_128,aten::as_strided,"[[1, 3, 1], [], [], []]",10,2.0,0.004250000000029104,0.0008500000000058207,0.0009564162402126552
billing_128,aten::to,"[[1, 173, 64], [], [], [], []]",20,4.0,0.004123999999995021,0.0008247999999990043,0.000928061311671816
billing_128,aten::resolve_conj,"[[173, 1152]]",110,22.0,0.00412300000009509,0.000824600000019018,0.0009278362725789928
billing_128,aten::as_strided,"[[3072, 768], [], [], []]",10,2.0,0.0040849999999336434,0.0008169999999867287,0.0009192847861596416
billing_128,aten::select,"[[1, 32, 1], [], []]",10,2.0,0.004040000000006785,0.0008080000000013569,0.0009091580259856838
billing_128,aten::expand,"[[1, 1, 1, 173], [], []]",10,2.0,0.004001000000091154,0.0008002000000182308,0.0009003815005063081
billing_128,aten::select,"[[1, 173, 768], [], []]",5,1.0,0.003959000000002561,0.0007918000000005122,0.0008909298576419816
billing_128,aten::view,"[[1, 1, 1, 173], []]",15,3.0,0.003917999999974882,0.0007835999999949763,0.0008817032539067055
billing_128,aten::linear,"[[1, 772], [256, 772], [256]]",5,1.0,0.0038759999999019783,0.0007751999999803957,0.0008722516110459097
billing_128,aten::reshape,"[[1, 173], []]",5,1.0,0.003585999999977389,0.0007171999999954778,0.0008069902676135221
billing_128,aten::reshape,"[[1, 32, 1], []]",10,2.0,0.0035840000001348925,0.0007168000000269785,0.0008065401894182814
billing_128,aten::copy_,"[[3], [], []]",5,1.0,0.0035819999999815765,0.0007163999999963153,0.0008060901111530941
billing_128,aten::as_strided,"[[2304], [], [], []]",30,6.0,0.00349900000008347,0.000699800000016694,0.0007874118646025872
billing_128,aten::select,"[[1, 1, 173], [], []]",10,2.0,0.003498999999923171,0.0006997999999846342,0.0007874118645665137
billing_128,aten::empty_like,"[[1, 3], [], [], [], [], []]",5,1.0,0.0034159999999537833,0.0006831999999907567,0.0007687336179999658
billing_128,aten::linear,"[[1, 256], [2, 256], [2]]",5,1.0,0.0033320000000239816,0.0006664000000047963,0.0007498303323269836
billing_128,aten::as_strided,"[[], [], [], []]",15,3.0,0.0032499999999403145,0.0006499999999880629,0.0007313771248500609
billing_128,aten::copy_,"[[1, 2], [1, 2], []]",5,1.0,0.0032070000000530854,0.000641400000010617,0.0007217004429157065
billing_128,aten::view,"[[1, 1, 173], []]",10,2.0,0.003165000000052942,0.0006330000000105884,0.0007122488000712844
billing_128,aten::to,"[[1], [], [], [], []]",10,2.0,0.0031639999999460997,0.00063279999998922,0.0007120237609318982
billing_128,aten::t,"[[256, 772]]",5,1.0,0.003124000000039814,0.0006248000000079628,0.000703022196339283
billing_128,aten::copy_,"[[173], [], []]",5,1.0,0.003124000000025262,0.0006248000000050524,0.0007030221963360083
billing_128,aten::view,"[[3], []]",10,2.0,0.003085000000006403,0.0006170000000012806,0.0006942456708334023
billing_128,aten::transpose,"[[256, 772], [], []]",5,1.0,0.0030010000000474974,0.0006002000000094995,0.0006753423851538707
billing_128,aten::t,"[[2, 256]]",5,1.0,0.003,0.0006000000000000001,0.0006751173460278393
billing_128,aten::select,"[[256000, 768], [], []]",5,1.0,0.0029619999999508763,0.0005923999999901753,0.0006665658596337653
billing_128,aten::t,"[[1, 768]]",5,1.0,0.0029589999999006977,0.0005917999999801395,0.0006658907422764453
billing_128,aten::expand,"[[1, 1, 1, 1], [], []]",5,1.0,0.002957000000010794,0.0005914000000021588,0.000665440664070536
billing_128,aten::as_strided,"[[32], [], [], []]",10,2.0,0.0027920000000317487,0.0005584000000063498,0.0006283092100437204
billing_128,aten::as_strided,"[[173], [], [], []]",15,3.0,0.0026259999999721233,0.0005251999999944247,0.0005909527168834287
billing_128,aten::transpose,"[[1, 768], [], []]",5,1.0,0.0026239999999816063,0.0005247999999963213,0.0005905026386548775
billing_128,aten::_reshape_alias,"[[1, 1, 1, 173], [], []]",5,1.0,0.0025840000000739564,0.0005168000000147913,0.0005815010740619554
billing_128,aten::transpose,"[[2, 256], [], []]",5,1.0,0.0025429999999614667,0.0005085999999922934,0.0005722744703075937
billing_128,aten::log,[[1]],5,1.0,0.002540999999997439,0.0005081999999994878,0.0005718243920850035
billing_128,aten::as_strided,"[[173, 1, 768], [], [], []]",10,2.0,0.0024580000000278233,0.0004916000000055647,0.0005531461455184043
billing_128,aten::select,"[[1, 768], [], []]",5,1.0,0.0024579999999405117,0.0004915999999881023,0.0005531461454987557
billing_128,aten::to,"[[1, 32, 1], [], [], [], [], []]",10,2.0,0.0024570000000396705,0.0004914000000079341,0.0005529211064057278
billing_128,aten::copy_,"[[3], [3], []]",5,1.0,0.0024160000000410945,0.0004832000000082189,0.0005436945026770011
billing_128,aten::reshape,"[[1, 1, 173], []]",10,2.0,0.0024159999999224056,0.0004831999999844811,0.0005436945026502915
billing_128,aten::detach_,[[173]],5,1.0,0.002373000000024035,0.000474600000004807,0.0005340178207134297
billing_128,aten::as_strided,"[[1, 1, 1], [], [], []]",10,2.0,0.002333000000016,0.0004666000000032,0.0005250162560979169
billing_128,aten::to,"[[1, 1, 173, 173], [], [], [], [], [], [], []]",10,2.0,0.0022920000000342497,0.00045840000000684996,0.0005157896523729767
billing_128,aten::as_strided,"[[3, 768], [], [], []]",5,1.0,0.0022489999999525025,0.00044979999999050053,0.0005061129703948481
billing_128,aten::__and__,"[[1, 1, 173, 173], [1, 1, 173, 1]]",5,1.0,0.0022469999999618724,0.00044939999999237445,0.0005056628921662713
billing_128,aten::detach_,[[1]],10,2.0,0.0022099999998608836,0.0004419999999721767,0.0004973364448758684
billing_128,aten::as_strided,"[[1, 1, 1, 1], [], [], []]",5,1.0,0.0022089999999734575,0.0004417999999946915,0.0004971114057858592
billing_128,aten::to,"[[1, 173], [], [], [], [], [], [], []]",10,2.0,0.0021660000000410947,0.0004332000000082189,0.0004874347238413479
billing_128,aten::expand,"[[1], [], []]",5,1.0,0.0021650000000954604,0.00043300000001909205,0.0004872096847382397
billing_128,aten::fill_,"[[3], []]",5,1.0,0.0021270000000355367,0.0004254000000071073,0.0004786581983417352
billing_128,aten::resolve_conj,"[[173, 3072]]",20,4.0,0.00212400000001071,0.00042480000000214203,0.00047798308099012045
billing_128,aten::view,"[[1, 173], []]",5,1.0,0.0021230000000239217,0.00042460000000478433,0.0004777580418777509
billing_128,aten::as_strided,"[[1, 2], [], [], []]",15,3.0,0.002084000000060769,0.0004168000000121538,0.0004689815163876811
billing_128,aten::__and__,"[[1, 1, 173, 173], [1, 1, 1, 173]]",5,1.0,0.002043000000014217,0.0004086000000028434,0.000459754912648158
billing_128,aten::view,"[[3, 768], []]",5,1.0,0.002040999999968335,0.000408199999993667,0.0004593048344071475
billing_128,aten::to,"[[173], [], [], [], [], []]",5,1.0,0.001998999999941816,0.0003997999999883632,0.0004498531915567899
billing_128,aten::select,"[[173, 768], [], []]",5,1.0,0.0019150000000530555,0.00038300000001061107,0.0004309499058930436
billing_128,aten::expand,"[[256], [], []]",5,1.0,0.0018750000000145519,0.0003750000000029104,0.0004219483412706744
billing_128,aten::as_strided,"[[1, 1, 1, 173], [], [], []]",10,2.0,0.0018739999998942949,0.000374799999978859,0.00042172330212826917
billing_128,aten::expand,"[[2], [], []]",5,1.0,0.0018330000000278232,0.00036660000000556463,0.00041249669842927117
billing_128,aten::resolve_conj,"[[3, 768]]",10,2.0,0.0017910000000556465,0.0003582000000111293,0.0004030450555911427
billing_128,aten::softmax,"[[1, 2], [], []]",5,1.0,0.001706000000005588,0.0003412000000011176,0.00038391673077575544
billing_128,aten::as_strided,"[[3072], [], [], []]",10,2.0,0.0015849999999481951,0.00031699999998963905,0.0003566869978063836
billing_128,aten::lift_fresh,[[173]],5,1.0,0.0015840000000025612,0.00031680000000051223,0.0003564619587032755
billing_128,aten::view,"[[3, 1], []]",5,1.0,0.001540999999968335,0.000308199999993667,0.00034678527673584096
billing_128,aten::as_strided,"[[256, 772], [], [], []]",5,1.0,0.0015399999999790453,0.0003079999999958091,0.00034656023762290853
billing_128,aten::as_strided,"[[1, 32], [], [], []]",10,2.0,0.0014580000000278233,0.00029160000000556465,0.00032810703017579124
billing_128,aten::detach,"[[1, 2]]",5,1.0,0.0013740000001125736,0.0002748000000225147,0.00030920374450608387
billing_128,aten::as_strided,"[[2, 256], [], [], []]",5,1.0,0.0012910000000265426,0.0002582000000053085,0.0002905254979132867
billing_128,aten::as_strided,"[[1, 1], [], [], []]",10,2.0,0.001290999999997439,0.0002581999999994878,0.00029052549790673714
billing_128,aten::to,"[[1, 2], [], [], [], [], [], [], []]",10,2.0,0.0011669999999721768,0.00023339999999443537,0.00026262064759856817
billing_128,aten::detach_,[[3]],5,1.0,0.0010829999999854181,0.0002165999999970836,0.0002437173619127685
billing_128,aten::to,"[[1, 1, 1, 173], [], [], [], [], [], [], []]",5,1.0,0.0010010000000488617,0.00020020000000977234,0.0002252641544689515
billing_128,aten::to,"[[1, 768], [], [], [], []]",5,1.0,0.000999999999985448,0.0001999999999970896,0.00022503911533933833
billing_128,aten::to,"[[1], [], [], [], [], [], [], []]",5,1.0,0.0008760000000064565,0.0001752000000012913,0.00019713426504158204
billing_128,aten::to,"[[1, 2], [], [], [], []]",5,1.0,0.0008759999998874264,0.00017519999997748527,0.0001971342650147956
billing_128,aten::to,"[[1, 1, 173, 1], [], [], [], [], [], [], []]",5,1.0,0.0008740000000279906,0.00017480000000559814,0.00019668418681574284
billing_128,aten::to,"[[1, 772], [], [], [], []]",5,1.0,0.0008339999999734573,0.00016679999999469146,0.00018768262218976618
billing_128,aten::as_strided,"[[256000, 768], [], [], []]",5,1.0,0.0007890000000213604,0.00015780000000427207,0.00017755586201012865
billing_128,aten::fill_,"[[], []]",10,2.0,0.0007520000000538402,0.00015040000001076805,0.00016922941474976122
billing_128,aten::zero_,"[[1, 3]]",10,2.0,0.0007520000000367873,0.00015040000000735745,0.00016922941474592363
billing_128,aten::resolve_conj,"[[1, 32, 1]]",10,2.0,0.0007489999999550036,0.00014979999999100072,0.00016855429738149127
billing_128,aten::resolve_neg,"[[1, 3]]",5,1.0,0.0006650000000663568,0.00013300000001327135,0.00014965101171777057
billing_128,aten::as_strided,"[[256], [], [], []]",5,1.0,0.000625,0.000125,0.00014064944708913317
billing_128,aten::resolve_conj,"[[1, 256]]",10,2.0,0.000623999999865191,0.00012479999997303822,0.0001404244079434533
billing_128,aten::as_strided,"[[173, 768], [], [], []]",5,1.0,0.0005840000000025611,0.00011680000000051222,0.0001314228433606624
billing_128,aten::as_strided,"[[2], [], [], []]",5,1.0,0.0005420000000158324,0.00010840000000316649,0.00012197120051925923
billing_128,aten::to,"[[1], [], [], [], [], []]",10,2.0,0.00045900000005826767,9.180000001165353e-05,0.00010329295395537192
billing_128,aten::resolve_conj,"[[1, 173]]",10,2.0,0.00041799999996305817,8.359999999261164e-05,9.406635020489891e-05
billing_128,aten::to,"[[3], [], [], [], [], []]",5,1.0,0.0004169999999696756,8.339999999393513e-05,9.38413110910455e-05
billing_128,aten::lift_fresh,[[1]],10,2.0,0.00037700000000643284,7.540000000128657e-05,8.483974648561279e-05
billing_128,aten::resolve_conj,"[[1, 1, 173]]",10,2.0,0.00037600000001566513,7.520000000313303e-05,8.461470737234779e-05
billing_128,aten::resolve_conj,"[[1, 2]]",10,2.0,0.00037500000008731146,7.500000001746229e-05,8.438966827312841e-05
billing_128,aten::resolve_conj,"[[32, 1]]",10,2.0,0.00037500000004479263,7.500000000895853e-05,8.438966826356e-05
billing_128,aten::lift_fresh,[[]],10,2.0,0.00037499999994054176,7.499999998810836e-05,8.438966824009948e-05
billing_128,aten::to,"[[1, 3, 768], [], [], [], []]",5,1.0,0.00029200000004493633,5.840000000898727e-05,6.571142169015546e-05
billing_128,aten::resolve_conj,"[[32, 173]]",10,2.0,0.00024900000002389786,4.9800000004779574e-05,5.603473972568862e-05
billing_128,aten::resolve_neg,"[[1, 2]]",5,1.0,0.00021000000003550668,4.200000000710134e-05,4.725821422993914e-05
billing_128,aten::resolve_conj,"[[3, 1]]",5,1.0,0.00020900000000256114,4.180000000051223e-05,4.703317510718249e-05
billing_128,aten::resolve_conj,"[[768, 1]]",5,1.0,0.00020899999998800922,4.1799999997601846e-05,4.703317510390774e-05
billing_128,aten::resolve_conj,"[[1, 772]]",5,1.0,0.00020799999998416752,4.15999999968335e-05,4.6808135987700596e-05
billing_128,aten::lift_fresh,[[3]],5,1.0,0.0001660000000290438,3.3200000005808756e-05,3.7356493153409764e-05
billing_128,aten::resolve_conj,"[[1, 3]]",5,1.0,0.00012600000003294554,2.520000000658911e-05,2.8354928540583283e-05
billing_256,aten::mm,"[[301, 768], [768, 2304]]",220,44.0,269.88135000000136,53.97627000000027,38.393497215453486
billing_256,aten::mm,"[[301, 1152], [1152, 768]]",110,22.0,73.48385699999992,14.696771399999983,10.453861517701261
billing_256,aten::_scaled_dot_product_flash_attention_for_cpu,"[[1, 12, 301, 64], [1, 12, 301, 64], [1, 12, 301, 64], [], [], [1, 1, 301, 301], []]",70,14.0,70.73183200000034,14.146366400000067,10.062356642783667
billing_256,aten::mm,"[[301, 768], [768, 768]]",110,22.0,44.97540899999926,8.995081799999852,6.398231075268242
billing_256,aten::_scaled_dot_product_flash_attention_for_cpu,"[[1, 12, 301, 64], [1, 12, 301, 64], [1, 12, 301, 64], [], [], [], []]",40,8.0,34.28129500000006,6.856259000000011,4.876879429144085
billing_256,aten::mul,"[[1, 12, 301, 64], [1, 1, 301, 64]]",440,88.0,24.814256000000732,4.962851200000147,3.5300922743997454
billing_256,aten::gelu,"[[1, 301, 1152], []]",110,22.0,20.84750299999996,4.169500599999992,2.965779400390775
billing_256,aten::addmm,"[[3072], [301, 768], [768, 3072], [], []]",10,2.0,18.950674999999727,3.790134999999945,2.6959354095547914
billing_256,aten::addmm,"[[768], [301, 3072], [3072, 768], [], []]",10,2.0,18.721591000000018,3.7443182000000035,2.6633457700109924
billing_256,aten::addmm,"[[768], [301, 768], [768, 768], [], []]",40,8.0,16.81663499999896,3.363326999999792,2.3923454845833354
billing_256,aten::native_layer_norm,"[[1, 301, 768], [], [768], [], []]",225,45.0,16.08295600000031,3.2165912000000616,2.28797183059248
billing_256,aten::cat,"[[], []]",240,48.0,14.15453400000021,2.830906800000042,2.013633256670189
billing_256,aten::add,"[[1, 301, 768], [1, 301, 768], []]",240,48.0,12.49302700000007,2.498605400000014,1.7772661850738687
billing_256,aten::_scaled_dot_product_flash_attention_for_cpu,"[[1, 12, 301, 64], [1, 12, 301, 64], [1, 12, 301, 64], [], [], [1, 1, 1, 301], []]",10,2.0,9.743162000000506,1.9486324000001012,1.386068593167812
billing_256,aten::add,"[[1, 12, 301, 64], [1, 12, 301, 64], []]",220,44.0,9.454576999998954,1.8909153999997907,1.345014302480511
billing_256,aten::mul,"[[1, 301, 1152], [1, 301, 1152]]",110,22.0,7.716212999999889,1.5432425999999777,1.0977135038391512
billing_256,aten::neg,"[[1, 12, 301, 32]]",220,44.0,7.000334999999293,1.4000669999998585,0.9958722317407747
billing_256,aten::where,"[[1, 1, 301, 301], [], []]",140,28.0,3.7446180000001625,0.7489236000000326,0.5327118037461371
billing_256,aten::copy_,"[[301, 768], [301, 768], []]",50,10.0,1.7410430000002384,0.34820860000004766,0.24768191493222336
billing_256,aten::slice,"[[1, 12, 301, 64], [], [], [], []]",880,176.0,1.4996310000024418,0.29992620000048836,0.21333848605248634
billing_256,aten::native_layer_norm,"[[1, 301, 768], [], [768], [768], []]",20,4.0,1.4838409999999276,0.2967681999999855,0.21109219033353976
billing_256,aten::empty,"[[], [], [], [], [], []]",1285,257.0,1.129874999998001,0.2259749999996002,0.1607367558604311
billing_256,aten::clamp_min,"[[1, 301, 3072], []]",10,2.0,1.0793940000000002,0.21587880000000004,0.1535552958119448
billing_256,aten::addmm,"[[768], [3, 768], [768, 768], [], []]",5,1.0,0.8827320000001346,0.17654640000002692,0.1255780311755395
billing_256,aten::copy_,"[[301, 3072], [301, 3072], []]",10,2.0,0.7962290000001085,0.1592458000000217,0.11327205786678973
billing_256,aten::transpose,"[[1, 301, 12, 64], [], []]",450,90.0,0.7626380000009166,0.15252760000018334,0.10849338025556073
billing_256,aten::matmul,"[[1, 301, 768], [768, 2304]]",220,44.0,0.7132800000004054,0.14265600000008108,0.1014716789205853
billing_256,aten::scaled_dot_product_attention,"[[1, 12, 301, 64], [1, 12, 301, 64], [1, 12, 301, 64], [1, 1, 301, 301], [], [], [], []]",70,14.0,0.663820999999989,0.1327641999999978,0.09443560925962097
billing_256,aten::layer_norm,"[[1, 301, 768], [], [768], [], [], []]",225,45.0,0.588739999999837,0.11774799999996739,0.08375453713500292
billing_256,aten::narrow,"[[1, 12, 301, 64], [], [], []]",440,88.0,0.5252279999981728,0.10504559999963456,0.07471927851038228
billing_256,aten::as_strided,"[[1, 12, 301, 64], [], [], []]",1480,296.0,0.5227739999999822,0.10455479999999644,0.07437017086697802
billing_256,aten::select,"[[1, 301, 3, 12, 64], [], []]",330,66.0,0.5222710000015527,0.10445420000031054,0.07429861375849656
billing_256,aten::split,"[[1, 301, 2304], [], []]",110,22.0,0.5127739999998904,0.10255479999997807,0.07294756433207644
billing_256,aten::unbind,"[[1, 301, 3, 12, 64], []]",110,22.0,0.4562779999992272,0.09125559999984544,0.06491040645247598
billing_256,aten::transpose,"[[1, 12, 301, 64], [], []]",590,118.0,0.44893399999896566,0.08978679999979314,0.06386564421321665
billing_256,aten::cos,"[[1, 301, 64]]",10,2.0,0.406284000000064,0.0812568000000128,0.05779822734207342
billing_256,aten::bitwise_and,"[[], [1, 1, 301, 301]]",10,2.0,0.38320200000008275,0.07664040000001655,0.05451456693824643
billing_256,aten::matmul,"[[1, 301, 1152], [1152, 768]]",110,22.0,0.3802049999991732,0.07604099999983463,0.05408821175961096
billing_256,aten::t,"[[2304, 768]]",220,44.0,0.3730039999995357,0.07460079999990714,0.05306379279388931
billing_256,aten::narrow,"[[1, 301, 2304], [], [], []]",220,44.0,0.3604179999999415,0.0720835999999883,0.051273300209136334
billing_256,aten::unsqueeze,"[[1, 301, 64], []]",220,44.0,0.34908099999953535,0.06981619999990707,0.049660491180475476
billing_256,aten::sin,"[[1, 301, 64]]",10,2.0,0.3195330000000033,0.06390660000000066,0.04545697339125348
billing_256,aten::linear,"[[1, 301, 768], [2304, 768], []]",220,44.0,0.31834500000041727,0.06366900000008345,0.045287967734967606
billing_256,aten::chunk,"[[1, 301, 2304], [], []]",110,22.0,0.30878300000017855,0.06175660000003571,0.04392767136627327
billing_256,aten::matmul,"[[1, 301, 768], [768, 768]]",110,22.0,0.30440800000051604,0.06088160000010321,0.043305281007307544
billing_256,aten::to,"[[1, 12, 301, 64], [], [], [], []]",660,132.0,0.2986150000002772,0.05972300000005544,0.04248116504161265
billing_256,aten::index_select,"[[256000, 768], [], [301]]",5,1.0,0.2913670000000882,0.05827340000001764,0.04145005982509858
billing_256,aten::view,"[[301], []]",490,98.0,0.2817060000006129,0.056341200000122584,0.04007567965181744
billing_256,aten::empty_strided,"[[], [], [], [], [], []]",200,40.0,0.2753340000003384,0.05506680000006768,0.039169194767747426
billing_256,aten::transpose,"[[768, 1152], [], []]",110,22.0,0.2726169999993153,0.05452339999986307,0.03878267257207268
billing_256,aten::t,"[[768, 1152]]",110,22.0,0.2678680000002323,0.05357360000004646,0.03810707672878458
billing_256,aten::slice,"[[1, 301, 2304], [], [], [], []]",220,44.0,0.25210099999921387,0.05042019999984278,0.03586405300508098
billing_256,aten::linear,"[[1, 301, 768], [768, 768], []]",110,22.0,0.2446680000002516,0.04893360000005032,0.03480662956784598
billing_256,aten::transpose,"[[2304, 768], [], []]",220,44.0,0.2425420000006407,0.04850840000012814,0.03450418341858404
billing_256,aten::scaled_dot_product_attention,"[[1, 12, 301, 64], [1, 12, 301, 64], [1, 12, 301, 64], [], [], [], [], []]",40,8.0,0.22991000000034137,0.045982000000068274,0.03270714684367028
billing_256,aten::sub,"[[1, 1, 301, 1], [1, 1, 1, 301], []]",5,1.0,0.22236899999999538,0.04447379999999908,0.03163435925566164
billing_256,aten::le,"[[1, 1, 301, 301], []]",5,1.0,0.21957800000008273,0.04391560000001655,0.031237309771786684
billing_256,aten::view,"[[1, 301, 768], []]",350,70.0,0.21718099999959944,0.04343619999991989,0.030896310985305157
billing_256,aten::scalar_tensor,"[[], [], [], [], []]",160,32.0,0.21065800000012497,0.04213160000002499,0.02996834474267214
billing_256,aten::empty_like,"[[1, 12, 301, 64], [], [], [], [], []]",120,24.0,0.2094049999995077,0.04188099999990154,0.029790092143762797
billing_256,aten::t,"[[768, 768]]",155,31.0,0.2043790000000973,0.04087580000001946,0.029075090099411702
billing_256,aten::addmm,"[[256], [1, 772], [772, 256], [], []]",5,1.0,0.20395400000011432,0.040790800000022866,0.02901462932168137
billing_256,aten::_unsafe_view,"[[301, 2304], []]",220,44.0,0.19579199999983993,0.03915839999996799,0.027853497867866322
billing_256,aten::bitwise_and,"[[1, 1, 301, 301], [1, 1, 301, 1]]",5,1.0,0.19303999999993676,0.038607999999987354,0.027461996549478788
billing_256,aten::view,"[[1, 301, 1152], []]",110,22.0,0.19045300000017873,0.038090600000035744,0.027093968238937553
billing_256,aten::reshape,"[[1, 301, 768], []]",330,66.0,0.1884799999997967,0.03769599999995934,0.026813287969549713
billing_256,aten::linear,"[[1, 301, 1152], [768, 1152], []]",110,22.0,0.18594800000018855,0.03718960000003771,0.026453083994971684
billing_256,aten::add,"[[1, 301, 768], [1, 1, 768], []]",5,1.0,0.1789110000001092,0.035782200000021844,0.025451995776359346
billing_256,aten::view,"[[1, 301, 12, 64], []]",110,22.0,0.1781160000003274,0.03562320000006548,0.025338898556866742
billing_256,aten::native_layer_norm,"[[1, 3, 768], [], [768], [768], []]",5,1.0,0.1708310000000347,0.03416620000000694,0.024302529696158832
billing_256,aten::abs,"[[1, 1, 301, 301], [0]]",5,1.0,0.16170500000000312,0.032341000000000626,0.023004258972415086
billing_256,aten::view,"[[1, 301, 2304], []]",110,22.0,0.16037199999995344,0.03207439999999069,0.022814625521307384
billing_256,aten::as_strided,"[[1, 301, 3, 12, 64], [], [], []]",330,66.0,0.15888099999899305,0.03177619999979861,0.022602514886818883
billing_256,aten::_unsafe_view,"[[301, 768], []]",220,44.0,0.15674600000020653,0.03134920000004131,0.022298788391792817
billing_256,aten::as_strided,"[[1, 301, 12, 64], [], [], []]",450,90.0,0.15476000000002157,0.030952000000004316,0.022016258733937644
billing_256,aten::as_strided,"[[2304, 768], [], [], []]",250,50.0,0.15469899999953257,0.030939799999906516,0.02200758083400526
billing_256,aten::as_strided,"[[1, 301, 2304], [], [], []]",220,44.0,0.14150900000048205,0.02830180000009641,0.02013116281462238
billing_256,aten::reshape,"[[1, 301, 12, 64], []]",110,22.0,0.13800199999938378,0.027600399999876755,0.01963225470268074
billing_256,aten::reshape,"[[1, 301, 1152], []]",110,22.0,0.10612399999993703,0.021224799999987408,0.01509726959084186
billing_256,aten::as_strided,"[[768, 1152], [], [], []]",110,22.0,0.10454000000037375,0.02090800000007475,0.014871928715777648
billing_256,aten::expand,"[[1, 1, 301, 301], [], []]",75,15.0,0.10212499999980856,0.020424999999961713,0.014528369237521668
billing_256,aten::scaled_dot_product_attention,"[[1, 12, 301, 64], [1, 12, 301, 64], [1, 12, 301, 64], [1, 1, 1, 301], [], [], [], []]",10,2.0,0.10062400000012713,0.020124800000025426,0.014314835996680222
billing_256,aten::transpose,"[[768, 768], [], []]",155,31.0,0.09970000000027632,0.019940000000055264,0.014183387152877749
billing_256,aten::linear,"[[1, 301, 3072], [768, 3072], [768]]",10,2.0,0.09474900000012712,0.018949800000025423,0.013479054657433223
billing_256,aten::mul,"[[1, 301, 64], []]",20,4.0,0.0936300000001188,0.01872600000002376,0.013319864986178015
billing_256,aten::resolve_conj,"[[301, 768]]",650,130.0,0.09341800000059766,0.01868360000011953,0.013289705727706505
billing_256,aten::bitwise_and,"[[1, 1, 301, 301], [1, 1, 1, 301]]",5,1.0,0.0932049999999183,0.01864099999998366,0.01325940420841673
billing_256,aten::linear,"[[301, 1, 768], [768, 768], [768]]",30,6.0,0.08807199999995646,0.017614399999991294,0.012529180274063887
billing_256,aten::view,"[[301, 768], []]",55,11.0,0.08116699999963747,0.016233399999927494,0.011546870461677993
billing_256,aten::transpose,"[[1, 301, 12], [], []]",120,24.0,0.07879000000006453,0.015758000000012908,0.011208716888395748
billing_256,aten::eq,"[[1, 1, 1, 301], []]",10,2.0,0.0780789999999979,0.01561579999999958,0.011107569563755694
billing_256,aten::as_strided,"[[1, 301, 64], [], [], []]",230,46.0,0.07494900000009305,0.014989800000018611,0.010662293718349128
billing_256,aten::linear,"[[1, 301, 768], [3072, 768], [3072]]",10,2.0,0.07382700000022305,0.01476540000004461,0.01050267726515313
billing_256,aten::_to_copy,"[[], [], [], [], [], [], []]",35,7.0,0.06940899999986799,0.013881799999973599,0.009874169697988877
billing_256,aten::bmm,"[[1, 32, 1], [1, 1, 301]]",10,2.0,0.06512500000028786,0.01302500000005757,0.00926472505850237
billing_256,aten::view,"[[1, 1, 301, 301], []]",70,14.0,0.06416200000000753,0.012832400000001506,0.009127728049152725
billing_256,aten::where,"[[1, 1, 1, 301], [], []]",20,4.0,0.06404399999990709,0.012808799999981418,0.009110941292026754
billing_256,aten::dropout,"[[1, 301, 1152], [], []]",110,22.0,0.05733200000012311,0.011466400000024623,0.008156087785840318
billing_256,aten::gather,"[[1, 301, 768], [], [1, 3, 768], []]",5,1.0,0.05574799999993411,0.011149599999986822,0.007930746910687087
billing_256,aten::arange,"[[], [], [], [0]]",25,5.0,0.05541800000007902,0.011083600000015804,0.007883800895056383
billing_256,aten::as_strided,"[[768, 768], [], [], []]",155,31.0,0.05425199999985487,0.010850399999970974,0.007717924973056497
billing_256,aten::layer_norm,"[[1, 301, 768], [], [768], [768], [], []]",20,4.0,0.05341499999997904,0.010682999999995809,0.007598852806103991
billing_256,aten::index,"[[1, 301], []]",5,1.0,0.052787999999942485,0.010557599999988497,0.007509655376361282
billing_256,aten::permute,"[[301, 1, 12, 64], []]",30,6.0,0.04736799999975483,0.009473599999950965,0.006738602634425014
billing_256,aten::copy_,"[[], [], []]",35,7.0,0.042916999999976266,0.008583399999995254,0.00610540046577764
billing_256,aten::unflatten,"[[301, 1, 768], [], []]",30,6.0,0.04278699999931268,0.008557399999862537,0.006086906580729687
billing_256,aten::sum,"[[1, 3], [], [], []]",10,2.0,0.042498999999836085,0.008499799999967217,0.006045935512599358
billing_256,aten::matmul,"[[1, 32, 1], [1, 1, 301]]",10,2.0,0.03932899999984352,0.007865799999968703,0.005594969241040758
billing_256,aten::view,"[[301, 1, 768], []]",60,12.0,0.03921000000042841,0.007842000000085681,0.005578040223358791
billing_256,aten::gelu,"[[1, 3, 768], []]",5,1.0,0.038042000000015834,0.007608400000003167,0.0054118797800251205
billing_256,aten::transpose,"[[1, 301, 768], [], []]",30,6.0,0.03716699999989942,0.007433399999979884,0.005287401708205814
billing_256,aten::relu,"[[1, 301, 3072]]",10,2.0,0.036456999999965774,0.007291399999993155,0.005186396644238169
billing_256,aten::expand,"[[768], [], []]",55,11.0,0.03633500000005006,0.007267000000010013,0.0051690408445245195
billing_256,aten::resolve_conj,"[[301, 2304]]",220,44.0,0.03632899999987875,0.00726579999997575,0.005168187280579219
billing_256,aten::view,"[[301, 3072], []]",10,2.0,0.03608500000010827,0.007217000000021653,0.005133475681160588
billing_256,aten::masked_fill_,"[[1, 301], [1, 301], []]",10,2.0,0.03566600000002654,0.0071332000000053075,0.005073868467337134
billing_256,aten::split,"[[2304, 768], [], []]",10,2.0,0.03470900000041001,0.006941800000082002,0.004937725022002857
billing_256,aten::all,"[[1, 301]]",10,2.0,0.03458300000020654,0.006916600000041307,0.004919800179634315
billing_256,aten::index_select,"[[3, 768], [], [1]]",5,1.0,0.0343760000000475,0.0068752000000095,0.004890352224339497
billing_256,aten::as_strided,"[[1, 301, 12], [], [], []]",120,24.0,0.033165999999940146,0.006633199999988029,0.0047182168336027145
billing_256,aten::clamp,"[[1, 3], [], []]",5,1.0,0.032584000000089874,0.006516800000017975,0.0046354211332935045
billing_256,aten::_to_copy,"[[1, 301], [], [], [], [], [], []]",15,3.0,0.03232999999999447,0.006465999999998894,0.0045992869272937645
billing_256,aten::unsqueeze,"[[1, 301], []]",30,6.0,0.031122000000079426,0.0062244000000158855,0.004427436057891318
billing_256,aten::copy_,"[[1, 301], [1, 301], []]",15,3.0,0.030583000000010768,0.0061166000000021535,0.004350757565651061
billing_256,aten::to,"[[], [], [], [], []]",115,23.0,0.030338000000165944,0.006067600000033189,0.004315903705568367
billing_256,aten::narrow,"[[2304, 768], [], [], []]",30,6.0,0.027793999999557853,0.005558799999911571,0.003953992603006223
billing_256,aten::linear,"[[1, 301, 768], [768, 768], [768]]",10,2.0,0.026248000000254252,0.00524960000005085,0.0037340576328115296
billing_256,aten::zeros_like,"[[1, 301], [], [], [], [], []]",10,2.0,0.024877000000094997,0.004975400000018999,0.003539018276855659
billing_256,aten::embedding,"[[256000, 768], [1, 301], [], [], []]",5,1.0,0.024832000000026597,0.00496640000000532,0.0035326165474389303
billing_256,aten::expand,"[[1, 3, 1], [], []]",5,1.0,0.024580999999976483,0.004916199999995296,0.0034969091234061
billing_256,aten::slice,"[[1, 301], [], [], [], []]",5,1.0,0.02229200000007404,0.004458400000014808,0.0031712744875839983
billing_256,aten::arange,"[[], [], [], [], []]",25,5.0,0.022201999999979648,0.004440399999995929,0.003158471028756573
billing_256,aten::addmm,"[[1], [3, 768], [768, 1], [], []]",5,1.0,0.021376000000047496,0.004275200000009499,0.0030409637289844347
billing_256,aten::unsqueeze,"[[1, 1, 301], []]",20,4.0,0.021122999999987315,0.004224599999997463,0.003004971783643194
billing_256,aten::ge,"[[1, 1, 301, 1], []]",5,1.0,0.020164999999923338,0.004032999999984668,0.0028686860775917734
billing_256,aten::topk,"[[1, 3], [], [], [], []]",5,1.0,0.019915999999939232,0.003983199999987847,0.0028332631748753103
billing_256,aten::copy_,"[[3, 768], [3, 768], []]",5,1.0,0.01945900000000256,0.003891800000000512,0.002768250056239915
billing_256,aten::expand,"[[1, 32, 1], [], []]",20,4.0,0.019336000000108017,0.0038672000000216033,0.002750751995875788
billing_256,aten::sum,"[[1, 301], []]",5,1.0,0.019042999999801396,0.0038085999999602793,0.0027090696243599346
billing_256,aten::select,"[[1, 2], [], []]",15,3.0,0.018541000000026543,0.0037082000000053087,0.0026376547763405614
billing_256,aten::t,"[[768, 3072]]",10,2.0,0.01854099999993923,0.003708199999987846,0.0026376547763281404
billing_256,aten::slice,"[[2304, 768], [], [], [], []]",30,6.0,0.018036999999923864,0.003607399999984773,0.0025659554069675733
billing_256,aten::permute,"[[1, 12, 301, 64], []]",10,2.0,0.01783499999996275,0.0035669999999925497,0.002537218754968357
billing_256,aten::stack,"[[], []]",5,1.0,0.017708999999973458,0.0035417999999946916,0.0025192939126302853
billing_256,aten::add,"[[301], [], []]",10,2.0,0.01758500000004756,0.0035170000000095116,0.0025016535916082094
billing_256,aten::bitwise_not,"[[1, 301]]",5,1.0,0.017291999999899416,0.003458399999979883,0.0024599712201149016
billing_256,aten::transpose,"[[768, 3072], [], []]",10,2.0,0.017211999999999533,0.0034423999999999067,0.002448590367850036
billing_256,aten::unsqueeze,"[[1, 3], []]",5,1.0,0.016917999999946913,0.0033835999999893827,0.0024067657357168286
billing_256,aten::bitwise_not,"[[1, 3]]",5,1.0,0.016873999999952503,0.0033747999999905005,0.0024005062669641137
billing_256,aten::abs,"[[1, 1, 301, 301]]",5,1.0,0.01645799999992869,0.003291599999985738,0.002341325835109364
billing_256,aten::zeros,"[[], [], [], [], []]",15,3.0,0.01616300000015917,0.0032326000000318343,0.0022993589423629416
billing_256,aten::linear,"[[1, 3, 768], [768, 768], [768]]",5,1.0,0.015540000000182772,0.0031080000000365546,0.0022107305552427447
billing_256,aten::new_ones,"[[1, 1, 301, 1], [], [], [], [], []]",10,2.0,0.015376000000145496,0.0030752000000290993,0.0021873998080652705
billing_256,aten::unsqueeze,"[[1], []]",30,6.0,0.015248000000222873,0.0030496000000445746,0.0021691904444297054
billing_256,aten::as_strided,"[[768, 3072], [], [], []]",10,2.0,0.015121000000013738,0.0030242000000027477,0.0021511233414068694
billing_256,aten::_to_copy,"[[1, 1, 301], [], [], [], [], [], []]",10,2.0,0.014958000000063067,0.0029916000000126132,0.0021279348548952043
billing_256,aten::full,"[[], [], [], [], [], []]",5,1.0,0.01479400000011333,0.002958800000022666,0.002104604107730183
billing_256,aten::flatten,"[[301, 1, 12, 64], [], []]",10,2.0,0.014789000000222586,0.0029578000000445174,0.0021038928044782817
billing_256,aten::masked_fill,"[[1, 3], [1, 3], []]",5,1.0,0.014582999999925959,0.0029165999999851916,0.00207458710981738
billing_256,aten::as_strided,"[[301, 1, 12, 64], [], [], []]",30,6.0,0.014420000000129222,0.002884000000025844,0.0020513986233276138
billing_256,aten::squeeze,"[[1, 3, 1], []]",5,1.0,0.014292000000103144,0.002858400000020629,0.002033189259677331
billing_256,aten::split,"[[2304], [], []]",10,2.0,0.013835000000137371,0.002767000000027474,0.0019681761410377955
billing_256,aten::reshape,"[[1, 1, 1, 301], []]",10,2.0,0.013792000000084953,0.0027584000000169906,0.0019620589329303177
billing_256,aten::dropout,"[[1, 301, 768], [], []]",25,5.0,0.013496999999860235,0.002699399999972047,0.0019200920401191382
billing_256,aten::embedding,"[[3, 768], [1], [], [], []]",5,1.0,0.013248999999952502,0.0026497999999905006,0.001884811398067029
billing_256,aten::unsqueeze,"[[1, 768], []]",5,1.0,0.012625999999931083,0.0025251999999862168,0.0017961830109404276
billing_256,aten::_to_copy,"[[1, 3], [], [], [], [], [], []]",5,1.0,0.012334000000031665,0.002466800000006333,0.0017546429001359923
billing_256,aten::empty_like,"[[1, 301], [], [], [], [], []]",10,2.0,0.01233199999984936,0.002466399999969872,0.0017543583788030795
billing_256,aten::view,"[[1, 301, 3072], []]",10,2.0,0.012291000000026543,0.0024582000000053085,0.0017485256920352428
billing_256,aten::as_strided,"[[1, 1, 301, 301], [], [], []]",75,15.0,0.012248000000109867,0.0024496000000219734,0.0017424084839470762
billing_256,aten::log,"[[1, 3]]",5,1.0,0.012084000000031665,0.002416800000006333,0.0017190777367637794
billing_256,aten::layer_norm,"[[1, 3, 768], [], [768], [768], [], []]",5,1.0,0.012083999999944353,0.0024167999999888706,0.0017190777367513586
billing_256,aten::unsqueeze,"[[32], []]",10,2.0,0.012083999999941853,0.0024167999999883706,0.0017190777367510027
billing_256,aten::transpose,"[[301, 1, 768], [], []]",10,2.0,0.012040999999968334,0.0024081999999936666,0.0017129605286547495
billing_256,aten::copy_,"[[1, 1, 301], [1, 1, 301], []]",10,2.0,0.011915000000092959,0.0023830000000185916,0.0016950356863328834
billing_256,aten::item,[[]],15,3.0,0.011875999999963142,0.0023751999999926283,0.0016894875208283504
billing_256,aten::slice,"[[2304], [], [], [], []]",30,6.0,0.011796999999729451,0.0023593999999458903,0.001678248929169486
billing_256,aten::__and__,"[[], [1, 1, 301, 301]]",10,2.0,0.011706999999878235,0.002341399999975647,0.0016654454703766556
billing_256,aten::transpose,"[[1, 32, 301], [], []]",10,2.0,0.011624999999989541,0.002324999999997908,0.0016537800968064041
billing_256,aten::sub,"[[1], [1], []]",5,1.0,0.01158199999993667,0.002316399999987334,0.0016476628886988624
billing_256,aten::addmm,"[[2], [1, 256], [256, 2], [], []]",5,1.0,0.011580000000132713,0.0023160000000265425,0.001647378367419774
billing_256,aten::to,"[[1, 3], [], [], [], []]",20,4.0,0.011542999999946915,0.002308599999989383,0.0016421147232142544
billing_256,aten::mul,"[[1, 3], [1, 3]]",5,1.0,0.011499999999941793,0.0022999999999883587,0.0016359975151135054
billing_256,aten::unsqueeze,"[[301], []]",15,3.0,0.011415999999849191,0.0022831999999698383,0.0016240476202072681
billing_256,aten::_softmax,"[[1, 3], [], []]",5,1.0,0.01133400000006077,0.0022668000000121537,0.0016123822466512815
billing_256,aten::select,"[[3, 768], [], []]",5,1.0,0.011127000000065891,0.0022254000000131785,0.001582934291379818
billing_256,aten::resize_,"[[0], [], []]",25,5.0,0.010916000000026656,0.0021832000000053314,0.0015529172934880889
billing_256,aten::as_strided,"[[1, 301, 768], [], [], []]",35,7.0,0.010792000000015832,0.0021584000000031663,0.0015352769724539317
billing_256,aten::narrow,"[[1, 301, 64], [], [], []]",10,2.0,0.010250000000029331,0.002050000000005866,0.0014581716982648948
billing_256,aten::copy_,"[[1, 3], [1, 3], []]",10,2.0,0.010122999999817693,0.0020245999999635384,0.0014401045952417031
billing_256,aten::div,"[[1], [1]]",5,1.0,0.009708000000013272,0.0019416000000026545,0.001381066424071653
billing_256,aten::t,"[[3072, 768]]",10,2.0,0.009378999999753432,0.0018757999999506863,0.001334262669036856
billing_256,aten::clone,"[[1, 3], []]",5,1.0,0.00924900000015623,0.0018498000000312458,0.0013157687841406078
billing_256,aten::select,"[[1, 301], [], []]",10,2.0,0.009127000000034287,0.0018254000000068574,0.0012984129843976201
billing_256,aten::clamp_min,"[[1, 3], []]",5,1.0,0.009083999999944354,0.0018167999999888708,0.0012922957762848055
billing_256,aten::gelu,"[[1, 256], []]",5,1.0,0.00895699999993667,0.001791399999987334,0.0012742286732906286
billing_256,aten::to,"[[1, 301], [], [], [], []]",5,1.0,0.008876999999978579,0.0017753999999957158,0.0012628478210174824
billing_256,aten::as_strided,"[[1, 301], [], [], []]",50,10.0,0.008668000000047528,0.0017336000000095057,0.0012331153444481214
billing_256,aten::zero_,"[[1, 301]]",15,3.0,0.008666000000010627,0.0017332000000021253,0.001232830823135894
billing_256,aten::as_strided,"[[768], [], [], []]",55,11.0,0.008459999999962747,0.0016919999999925495,0.0012035251285103794
billing_256,aten::copy_,"[[301], [301], []]",5,1.0,0.008373999999994908,0.0016747999999989817,0.0011912907123149134
billing_256,aten::linear,"[[1, 3, 768], [1, 768], [1]]",5,1.0,0.00829100000008475,0.0016582000000169498,0.0011794830780881198
billing_256,aten::view,"[[301, 1, 12, 64], []]",10,2.0,0.008249999999796274,0.0016499999999592548,0.0011736503912540379
billing_256,aten::unsqueeze,"[[1, 32], []]",10,2.0,0.007874000000172146,0.0015748000000344292,0.0011201603855957019
billing_256,aten::div,"[[1], []]",5,1.0,0.007871999999915716,0.0015743999999831431,0.0011198758642522442
billing_256,aten::fill_,"[[1, 301], []]",5,1.0,0.007790999999968335,0.001558199999993667,0.001108352751327133
billing_256,aten::fill_,"[[301], []]",5,1.0,0.007580999999949995,0.001516199999989999,0.0010784780140918654
billing_256,aten::narrow,"[[2304], [], [], []]",30,6.0,0.0075359999999636785,0.0015071999999927356,0.0010720762846868136
billing_256,aten::clamp,"[[1], [], []]",5,1.0,0.007377000000094995,0.001475400000018999,0.0010494568408007676
billing_256,aten::masked_fill_,"[[1, 3], [1, 3], []]",5,1.0,0.0073740000000689174,0.0014748000000137835,0.001049030058836591
billing_256,aten::neg,[[1]],5,1.0,0.0073340000000607685,0.0014668000000121538,0.0010433396326958778
billing_256,aten::as_strided,"[[1, 3], [], [], []]",15,3.0,0.007292000000055623,0.0014584000000111247,0.001037364685248614
billing_256,aten::_local_scalar_dense,[[]],15,3.0,0.007291000000055419,0.0014582000000110838,0.001037222424595096
billing_256,aten::as_strided,"[[1], [], [], []]",45,9.0,0.007208000000171978,0.0014416000000343956,0.0010254147903721034
billing_256,aten::unsqueeze,"[[1, 1], []]",10,2.0,0.006918999999734978,0.0013837999999469957,0.0009843014614516576
billing_256,aten::dropout,"[[1, 301, 3072], [], []]",10,2.0,0.006667000000074041,0.0013334000000148082,0.0009484517768207023
billing_256,aten::select,"[[1, 32, 301], [], []]",10,2.0,0.006621999999680156,0.0013243999999360313,0.0009420500473576697
billing_256,aten::softmax,"[[1, 3], [], []]",5,1.0,0.006540999999881024,0.0013081999999762048,0.0009305269344536483
billing_256,aten::transpose,"[[3072, 768], [], []]",10,2.0,0.006539000000164379,0.0013078000000328756,0.0009302424131869809
billing_256,aten::view,"[[1, 32, 1], []]",10,2.0,0.006501000000079102,0.0013002000000158205,0.0009248365083422732
billing_256,aten::expand,"[[3072], [], []]",10,2.0,0.006460000000253785,0.001292000000050757,0.0009190038215740807
billing_256,aten::view,"[[1, 3, 768], []]",10,2.0,0.006332999999984167,0.0012665999999968334,0.0009009367185426407
billing_256,aten::detach,"[[1, 3]]",10,2.0,0.0060820000001695,0.0012164000000339,0.0008652292945433048
billing_256,aten::to,"[[1, 301], [], [], [], [], []]",10,2.0,0.006081999999847085,0.001216399999969417,0.0008652292944974376
billing_256,aten::as_strided,"[[1, 32, 1], [], [], []]",30,6.0,0.0059549999999951525,0.0011909999999990305,0.0008471621915254177
billing_256,aten::slice,"[[1, 301, 64], [], [], [], []]",10,2.0,0.005918000000055145,0.0011836000000110289,0.0008418985473548648
billing_256,aten::is_nonzero,[[]],10,2.0,0.00574999999986494,0.0011499999999729882,0.0008179987575416791
billing_256,aten::copy_,"[[3, 1], [3, 1], []]",5,1.0,0.005707999999955063,0.0011415999999910126,0.0008120238101079685
billing_256,aten::select,"[[1, 3], [], []]",10,2.0,0.005707000000100493,0.0011414000000200986,0.0008118815494751686
billing_256,aten::_to_copy,"[[1], [], [], [], [], [], []]",5,1.0,0.00566900000005262,0.001133800000010524,0.0008064756446357817
billing_256,aten::unsqueeze,"[[1, 1, 1], []]",10,2.0,0.005625000000044793,0.0011250000000089587,0.0008002161758811589
billing_256,aten::fill_,"[[1, 1], []]",25,5.0,0.005623999999878378,0.0011247999999756757,0.0008000739152039959
billing_256,aten::as_strided,"[[1, 1, 301], [], [], []]",40,8.0,0.0055010000000208946,0.001100200000004179,0.0007825758548451415
billing_256,aten::as_strided,"[[3072, 768], [], [], []]",10,2.0,0.005458999999973457,0.0010917999999946915,0.0007766009073918612
billing_256,aten::expand,"[[1, 1, 301], [], []]",10,2.0,0.005418000000047869,0.0010836000000095738,0.0007707682206094042
billing_256,aten::copy_,"[[1], [1], []]",5,1.0,0.005417000000015833,0.0010834000000031665,0.0007706259599513579
billing_256,aten::new_empty,"[[1, 1, 301, 1], [], [], [], [], []]",10,2.0,0.0049999999997855865,0.0009999999999571172,0.0007113032674137521
billing_256,aten::to,"[[1, 1, 301], [], [], [], []]",10,2.0,0.004961000000065724,0.0009922000000131448,0.0007057551019675394
billing_256,aten::as_strided,"[[1, 32, 301], [], [], []]",20,4.0,0.004834000000174456,0.0009668000000348911,0.0006876879989899236
billing_256,aten::_unsafe_view,"[[1, 32, 301], []]",10,2.0,0.004792000000015832,0.0009584000000031664,0.000681713051520826
billing_256,aten::expand,"[[1, 1, 1, 301], [], []]",10,2.0,0.004705999999830965,0.0009411999999661931,0.0006694786352944855
billing_256,aten::view,"[[1, 1, 1, 301], []]",15,3.0,0.004625999999846272,0.0009251999999692545,0.0006580977830175549
billing_256,aten::to,"[[1, 301, 64], [], [], [], []]",20,4.0,0.004539999999918109,0.0009079999999836218,0.0006458633668277334
billing_256,aten::copy_,"[[1, 256], [1, 256], []]",5,1.0,0.004415999999968335,0.000883199999993667,0.0006282230458022611
billing_256,aten::as_strided,"[[1, 3, 1], [], [], []]",10,2.0,0.004333999999944354,0.0008667999999888707,0.0006165576722127636
billing_256,aten::resolve_conj,"[[301, 1152]]",110,22.0,0.004292999999946914,0.0008585999999893828,0.0006107249854200851
billing_256,aten::to,"[[1, 3], [], [], [], [], [], [], []]",20,4.0,0.004212000000113449,0.0008424000000226897,0.0005992018725111795
billing_256,aten::linear,"[[1, 772], [256, 772], [256]]",5,1.0,0.0041270000001532026,0.0008254000000306405,0.0005871097169702826
billing_256,aten::to,"[[1, 1, 301, 301], [], [], [], [], [], [], []]",10,2.0,0.004126000000018621,0.0008252000000037241,0.0005869674562976481
billing_256,aten::select,"[[1, 301, 768], [], []]",5,1.0,0.004123000000137836,0.0008246000000275671,0.000586540674354141
billing_256,aten::_softmax,"[[1, 2], [], []]",5,1.0,0.004083000000013271,0.0008166000000026542,0.0005808502481968664
billing_256,aten::__and__,"[[1, 1, 301, 301], [1, 1, 301, 1]]",5,1.0,0.003998000000066213,0.0007996000000132427,0.0005687580926578455
billing_256,aten::expand,"[[1, 1, 1, 1], [], []]",5,1.0,0.003875999999960186,0.0007751999999920372,0.0005514022929171223
billing_256,aten::select,"[[1, 32, 1], [], []]",10,2.0,0.0038339999999552673,0.0007667999999910535,0.0005454273454698908
billing_256,aten::reshape,"[[1, 32, 1], []]",10,2.0,0.003833000000008269,0.0007666000000016538,0.000545285084823942
billing_256,aten::reshape,"[[1, 301], []]",5,1.0,0.0037090000000924873,0.0007418000000184975,0.0005276447638033055
billing_256,aten::as_strided,"[[2304], [], [], []]",30,6.0,0.003623000000079628,0.0007246000000159256,0.0005154103476014348
billing_256,aten::copy_,"[[3], [], []]",5,1.0,0.00358500000001834,0.000717000000003668,0.0005100044427601396
billing_256,aten::t,"[[1, 768]]",5,1.0,0.003540999999997439,0.0007081999999994878,0.0005037449740036569
billing_256,aten::as_strided,"[[3, 768], [], [], []]",5,1.0,0.0035399999999208374,0.0007079999999841675,0.0005036027133392706
billing_256,aten::linear,"[[1, 256], [2, 256], [2]]",5,1.0,0.003497999999934109,0.0006995999999868218,0.0004976277658946269
billing_256,aten::select,"[[1, 1, 301], [], []]",10,2.0,0.003417999999946687,0.0006835999999893374,0.00048624691361730824
billing_256,aten::view,"[[3], []]",10,2.0,0.0034160000000265428,0.0006832000000053086,0.0004859623923216908
billing_256,aten::t,"[[256, 772]]",5,1.0,0.003415999999939231,0.0006831999999878462,0.0004859623923092698
billing_256,aten::to,"[[1], [], [], [], []]",10,2.0,0.0033329999999841676,0.0006665999999968335,0.0004741547580760878
billing_256,aten::as_strided,"[[1, 1, 1, 1], [], [], []]",5,1.0,0.0032920000000449365,0.0006584000000089873,0.00046832207129168997
billing_256,aten::as_strided,"[[], [], [], []]",15,3.0,0.0032490000000241254,0.0006498000000048251,0.0004622048631887088
billing_256,aten::as_strided,"[[32], [], [], []]",10,2.0,0.0032080000000448763,0.0006416000000089752,0.00045637217639861796
billing_256,aten::copy_,"[[301], [], []]",5,1.0,0.0031670000000158325,0.0006334000000031665,0.0004505394896014433
billing_256,aten::copy_,"[[1, 2], [1, 2], []]",5,1.0,0.0031669999998994174,0.0006333999999798835,0.00045053948958488193
billing_256,aten::as_strided,"[[1, 768], [], [], []]",15,3.0,0.003165999999968335,0.0006331999999936671,0.00045039722894119733
billing_256,aten::transpose,"[[1, 768], [], []]",5,1.0,0.0031659999999101274,0.0006331999999820254,0.00045039722893291674
billing_256,aten::view,"[[1, 1, 301], []]",10,2.0,0.0031270000000502025,0.0006254000000100405,0.0004448490634667787
billing_256,aten::empty_like,"[[1, 3], [], [], [], [], []]",5,1.0,0.003083000000042375,0.000616600000008475,0.0004385895947121558
billing_256,aten::_reshape_alias,"[[1, 1, 1, 301], [], []]",5,1.0,0.0030420000000024173,0.0006084000000004835,0.00043275690791342843
billing_256,aten::t,"[[2, 256]]",5,1.0,0.003001000000105705,0.000600200000021141,0.00042692422113507934
billing_256,aten::__and__,"[[1, 1, 301, 301], [1, 1, 1, 301]]",5,1.0,0.002958000000058064,0.0005916000000116127,0.0004208070130282813
billing_256,aten::select,"[[256000, 768], [], []]",5,1.0,0.0029189999998911844,0.0005837999999782369,0.0004152588475184757
billing_256,aten::resolve_conj,"[[301, 3072]]",20,4.0,0.002917999999859603,0.0005835999999719207,0.0004151165868604941
billing_256,aten::transpose,"[[256, 772], [], []]",5,1.0,0.0028319999999075664,0.0005663999999815133,0.0004028821706672762
billing_256,aten::transpose,"[[2, 256], [], []]",5,1.0,0.0027919999999867287,0.0005583999999973458,0.0003971917445389838
billing_256,aten::as_strided,"[[301], [], [], []]",15,3.0,0.0026260000000633,0.00052520000001266,0.0003735764760707277
billing_256,aten::to,"[[1, 32, 1], [], [], [], [], []]",10,2.0,0.0026249999999286046,0.0005249999999857209,0.00037343421539807694
billing_256,aten::resolve_conj,"[[3, 768]]",10,2.0,0.0025819999999075662,0.0005163999999815132,0.00036731700729506346
billing_256,aten::copy_,"[[3], [3], []]",5,1.0,0.002500999999960186,0.0005001999999920372,0.00035579389436995226
billing_256,aten::expand,"[[256], [], []]",5,1.0,0.002499999999970896,0.0004999999999941793,0.00035565163371798706
billing_256,aten::reshape,"[[1, 1, 301], []]",10,2.0,0.00245599999979936,0.000491199999959872,0.00034939216494007475
billing_256,aten::as_strided,"[[301, 1, 768], [], [], []]",10,2.0,0.00241800000006333,0.000483600000012666,0.00034398626014505096
billing_256,aten::log,[[1]],5,1.0,0.0024170000000158327,0.00048340000000316656,0.00034384399948480507
billing_256,aten::as_strided,"[[1, 1, 1], [], [], []]",10,2.0,0.00233400000004508,0.00046680000000901597,0.0003320363652493912
billing_256,aten::view,"[[1, 301], []]",5,1.0,0.0023319999999948777,0.00046639999999897554,0.0003317518439352717
billing_256,aten::expand,"[[1], [], []]",5,1.0,0.0022489999999233986,0.0004497999999846797,0.00031994420968552845
billing_256,aten::as_strided,"[[1, 2], [], [], []]",15,3.0,0.0021670000000158325,0.0004334000000031665,0.00030827883611259235
billing_256,aten::view,"[[3, 768], []]",5,1.0,0.0021659999999392313,0.00043319999998784627,0.0003081365754482061
billing_256,aten::fill_,"[[3], []]",5,1.0,0.00216499999998166,0.000432999999996332,0.00030799431480075325
billing_256,aten::select,"[[1, 768], [], []]",5,1.0,0.002125,0.00042500000000000003,0.00030230388866380825
billing_256,aten::detach_,[[301]],5,1.0,0.002122999999994818,0.0004245999999989636,0.00030201936735609335
billing_256,aten::to,"[[1, 301], [], [], [], [], [], [], []]",10,2.0,0.002084000000103174,0.0004168000000206348,0.00029647120188544296
billing_256,aten::detach_,[[1]],10,2.0,0.0020820000000425125,0.0004164000000085025,0.0002961866805698355
billing_256,aten::as_strided,"[[1, 1, 1, 301], [], [], []]",10,2.0,0.0020020000001532024,0.0004004000000306405,0.00028480582830647425
billing_256,aten::select,"[[301, 768], [], []]",5,1.0,0.00195900000005031,0.000391800000010062,0.00027868862019181606
billing_256,aten::to,"[[301], [], [], [], [], []]",5,1.0,0.0019580000000265726,0.0003916000000053145,0.0002785463595349504
billing_256,aten::expand,"[[2], [], []]",5,1.0,0.0017929999999760184,0.0003585999999952037,0.0002550733517020981
billing_256,aten::lift_fresh,[[301]],5,1.0,0.0017910000000157425,0.0003582000000031485,0.00025478883040077157
billing_256,aten::to,"[[1, 1, 301, 1], [], [], [], [], [], [], []]",5,1.0,0.001667000000058124,0.0003334000000116248,0.00023714850937418328
billing_256,aten::as_strided,"[[256, 772], [], [], []]",5,1.0,0.0016270000001240988,0.00032540000002481977,0.00023145808324401485
billing_256,aten::softmax,"[[1, 2], [], []]",5,1.0,0.0016239999999233987,0.00032479999998467977,0.00023103130125499657
billing_256,aten::to,"[[1, 1, 1, 301], [], [], [], [], [], [], []]",5,1.0,0.0015409999999392312,0.0003081999999878462,0.0002192236670176743
billing_256,aten::as_strided,"[[3072], [], [], []]",10,2.0,0.0015409999997937122,0.00030819999995874243,0.00021922366699697263
billing_256,aten::view,"[[3, 1], []]",5,1.0,0.0014999999999708961,0.0002999999999941792,0.0002133909802291361
billing_256,aten::as_strided,"[[1, 32], [], [], []]",10,2.0,0.0014999999999258762,0.00029999999998517524,0.0002133909802227315
billing_256,aten::as_strided,"[[2, 256], [], [], []]",5,1.0,0.0013329999999841676,0.0002665999999968335,0.00018963345109838597
billing_256,aten::as_strided,"[[1, 1], [], [], []]",10,2.0,0.0013320000000821893,0.0002664000000164379,0.00018949119045884175
billing_256,aten::detach,"[[1, 2]]",5,1.0,0.0012940000000817235,0.0002588000000163447,0.00018408528562619916
billing_256,aten::to,"[[1, 2], [], [], [], [], [], [], []]",10,2.0,0.0012489999999816064,0.0002497999999963213,0.00017768355620495813
billing_256,aten::detach_,[[3]],5,1.0,0.0011239999999974088,0.00022479999999948174,0.00015990097452109984
billing_256,aten::to,"[[1, 768], [], [], [], []]",5,1.0,0.001000000000029104,0.0002000000000058208,0.00014226065349299128
billing_256,aten::resolve_conj,"[[1, 32, 1]]",10,2.0,0.0009579999998229596,0.00019159999996459193,0.0001362857060171333
billing_256,aten::to,"[[1, 2], [], [], [], []]",5,1.0,0.0009169999999867287,0.00018339999999734572,0.00013045301924738832
billing_256,aten::to,"[[1], [], [], [], [], [], [], []]",5,1.0,0.0009160000001271556,0.0001832000000254311,0.0001303107586138767
billing_256,aten::to,"[[1, 772], [], [], [], []]",5,1.0,0.0008740000000398141,0.0001748000000079628,0.0001243358111549197
billing_256,aten::as_strided,"[[256000, 768], [], [], []]",5,1.0,0.0008730000000373365,0.0001746000000074673,0.0001241935505010784
billing_256,aten::zero_,"[[1, 3]]",10,2.0,0.0006259999998544572,0.00012519999997089143,8.905516906331568e-05
billing_256,aten::as_strided,"[[256], [], [], []]",5,1.0,0.000625,0.000125,8.891290843053184e-05
billing_256,aten::fill_,"[[], []]",10,2.0,0.0006240000001271255,0.0001248000000254251,8.877064779512796e-05
billing_256,aten::as_strided,"[[2], [], [], []]",5,1.0,0.0005829999999841675,0.0001165999999968335,8.293796098174776e-05
billing_256,aten::as_strided,"[[301, 768], [], [], []]",5,1.0,0.0005419999999840002,0.00010839999999680004,7.710527418868107e-05
billing_256,aten::resolve_conj,"[[1, 256]]",10,2.0,0.0005410000000265427,0.00010820000000530854,7.696301354124434e-05
billing_256,aten::resolve_neg,"[[1, 3]]",5,1.0,0.0004579999999550637,9.159999999101274e-05,6.515537929150106e-05
billing_256,aten::to,"[[1], [], [], [], [], []]",10,2.0,0.0004579999999417623,9.159999998835246e-05,6.51553792896088e-05
billing_256,aten::to,"[[1, 3, 768], [], [], [], []]",5,1.0,0.00041700000004493633,8.340000000898727e-05,5.932269251124351e-05
billing_256,aten::lift_fresh,[[1]],10,2.0,0.0003769999999917673,7.539999999835345e-05,5.363226636412561e-05
billing_256,aten::lift_fresh,[[]],10,2.0,0.0003760000000158925,7.52000000031785e-05,5.349000571406883e-05
billing_256,aten::resolve_conj,"[[1, 2]]",10,2.0,0.0003759999998437706,7.519999996875412e-05,5.3490005689582666e-05
billing_256,aten::resolve_conj,"[[32, 1]]",10,2.0,0.00037500000007162273,7.500000001432454e-05,5.3347745068508195e-05
billing_256,aten::resolve_conj,"[[32, 301]]",10,2.0,0.0003330000000980817,6.660000001961634e-05,4.7372797625740535e-05
billing_256,aten::to,"[[3], [], [], [], [], []]",5,1.0,0.0003329999999974689,6.659999999949378e-05,4.7372797611427284e-05
billing_256,aten::resolve_conj,"[[1, 301]]",10,2.0,0.0002920000000606251,5.840000001212502e-05,4.1540110827369036e-05
billing_256,aten::resolve_neg,"[[1, 2]]",5,1.0,0.00025000000002910384,5.0000000005820765e-05,3.5565163376353064e-05
billing_256,aten::resolve_conj,"[[3, 1]]",5,1.0,0.00024999999997089617,4.999999999417923e-05,3.55651633680724e-05
billing_256,aten::resolve_conj,"[[1, 3]]",5,1.0,0.00024999999997089617,4.999999999417923e-05,3.55651633680724e-05
billing_256,aten::resolve_conj,"[[768, 1]]",5,1.0,0.0002090000000607688,4.1800000012153764e-05,2.9732476587814853e-05
billing_256,aten::resolve_conj,"[[1, 1, 301]]",10,2.0,0.0002090000000157488,4.180000000314976e-05,2.9732476581410284e-05
billing_256,aten::resolve_conj,"[[1, 772]]",5,1.0,0.00020799999995506368,4.159999999101274e-05,2.9590215919288328e-05
billing_256,aten::lift_fresh,[[3]],5,1.0,0.00016699999992852098,3.33999999857042e-05,2.3757529122469458e-05
billing_512,aten::mm,"[[557, 768], [768, 2304]]",220,44.0,449.64731199999756,89.92946239999951,35.37237198854361
billing_512,aten::_scaled_dot_product_flash_attention_for_cpu,"[[1, 12, 557, 64], [1, 12, 557, 64], [1, 12, 557, 64], [], [], [1, 1, 557, 557], []]",70,14.0,198.4094529999997,39.68189059999994,15.608261831574088
billing_512,aten::mm,"[[557, 1152], [1152, 768]]",110,22.0,123.52721800000127,24.705443600000255,9.717506563913332
billing_512,aten::_scaled_dot_product_flash_attention_for_cpu,"[[1, 12, 557, 64], [1, 12, 557, 64], [1, 12, 557, 64], [], [], [], []]",40,8.0,95.99989000000043,19.199978000000087,7.552016278792522
billing_512,aten::mm,"[[557, 768], [768, 768]]",110,22.0,73.6061559999988,14.72123119999976,5.790370054917044
billing_512,aten::mul,"[[1, 12, 557, 64], [1, 1, 557, 64]]",440,88.0,35.84535600000213,7.169071200000426,2.8198439813954805
billing_512,aten::addmm,"[[768], [557, 3072], [3072, 768], [], []]",10,2.0,34.7336949999998,6.94673899999996,2.73239302735255
billing_512,aten::addmm,"[[3072], [557, 768], [768, 3072], [], []]",10,2.0,32.38008899999989,6.476017799999978,2.5472420774310134
billing_512,aten::gelu,"[[1, 557, 1152], []]",110,22.0,31.311018000000463,6.262203600000093,2.463141547782691
billing_512,aten::addmm,"[[768], [557, 768], [768, 768], [], []]",40,8.0,29.086582000000725,5.817316400000145,2.2881520047412347
billing_512,aten::_scaled_dot_product_flash_attention_for_cpu,"[[1, 12, 557, 64], [1, 12, 557, 64], [1, 12, 557, 64], [], [], [1, 1, 1, 557], []]",10,2.0,27.06732400000011,5.413464800000022,2.1293031843198094
billing_512,aten::native_layer_norm,"[[1, 557, 768], [], [768], [], []]",225,45.0,22.011832999998813,4.4023665999997625,1.731603246025102
billing_512,aten::add,"[[1, 557, 768], [1, 557, 768], []]",240,48.0,20.183772000000417,4.036754400000083,1.587795305926279
billing_512,aten::cat,"[[], []]",240,48.0,18.18414200000075,3.6368284000001503,1.4304905599358484
billing_512,aten::add,"[[1, 12, 557, 64], [1, 12, 557, 64], []]",220,44.0,13.779365999999824,2.755873199999965,1.0839803706383249
billing_512,aten::mul,"[[1, 557, 1152], [1, 557, 1152]]",110,22.0,13.11925100000028,2.623850200000056,1.0320511525332658
billing_512,aten::neg,"[[1, 12, 557, 32]]",220,44.0,9.243089999999544,1.8486179999999088,0.7271254805223278
billing_512,aten::where,"[[1, 1, 557, 557], [], []]",140,28.0,5.469182999999023,1.0938365999998045,0.4302438164011204
billing_512,aten::clamp_min,"[[1, 557, 3072], []]",10,2.0,2.327783000000229,0.4655566000000458,0.1831195338817382
billing_512,aten::copy_,"[[557, 768], [557, 768], []]",50,10.0,2.253996000000276,0.45079920000005524,0.1773149373851911
billing_512,aten::slice,"[[1, 12, 557, 64], [], [], [], []]",880,176.0,1.844701000001236,0.3689402000002472,0.1451169577539528
billing_512,aten::native_layer_norm,"[[1, 557, 768], [], [768], [768], []]",20,4.0,1.7615499999996682,0.3523099999999336,0.13857572415868813
billing_512,aten::copy_,"[[557, 3072], [557, 3072], []]",10,2.0,1.403466999999917,0.2806933999999834,0.11040643516099269
billing_512,aten::empty,"[[], [], [], [], [], []]",1285,257.0,1.2580400000015701,0.251608000000314,0.09896614005895174
billing_512,aten::addmm,"[[768], [3, 768], [768, 768], [], []]",5,1.0,1.0968109999999869,0.21936219999999737,0.08628275018605303
billing_512,aten::matmul,"[[1, 557, 768], [768, 2304]]",220,44.0,0.9334639999998084,0.1866927999999617,0.07343274376319915
billing_512,aten::linear,"[[1, 557, 768], [2304, 768], []]",220,44.0,0.8090179999994516,0.1618035999998903,0.06364295944330771
billing_512,aten::transpose,"[[1, 557, 12, 64], [], []]",450,90.0,0.7114929999996139,0.14229859999992278,0.05597096744844173
billing_512,aten::scaled_dot_product_attention,"[[1, 12, 557, 64], [1, 12, 557, 64], [1, 12, 557, 64], [1, 1, 557, 557], [], [], [], []]",70,14.0,0.6954479999998003,0.13908959999996007,0.05470875661474373
billing_512,aten::as_strided,"[[1, 12, 557, 64], [], [], []]",1480,296.0,0.6546959999995358,0.13093919999990716,0.0515029220310234
billing_512,aten::layer_norm,"[[1, 557, 768], [], [768], [], [], []]",225,45.0,0.6294910000000735,0.1258982000000147,0.049520122151743264
billing_512,aten::select,"[[1, 557, 3, 12, 64], [], []]",330,66.0,0.6145210000013667,0.12290420000027333,0.048342478263987174
billing_512,aten::bitwise_and,"[[], [1, 1, 557, 557]]",10,2.0,0.6089440000002182,0.12178880000004363,0.047903752815494485
billing_512,aten::transpose,"[[1, 12, 557, 64], [], []]",590,118.0,0.5957910000021722,0.11915820000043445,0.04686904673301665
billing_512,aten::t,"[[2304, 768]]",220,44.0,0.5891070000004465,0.1178214000000893,0.04634323699697967
billing_512,aten::narrow,"[[1, 12, 557, 64], [], [], []]",440,88.0,0.5832009999988885,0.1166401999997777,0.04587863012967687
billing_512,aten::unbind,"[[1, 557, 3, 12, 64], []]",110,22.0,0.5277789999991828,0.10555579999983655,0.041518751736055626
billing_512,aten::split,"[[1, 557, 2304], [], []]",110,22.0,0.5263700000011359,0.10527400000022717,0.041407910036944634
billing_512,aten::cos,"[[1, 557, 64]]",10,2.0,0.5079889999999377,0.10159779999998755,0.03996193326312194
billing_512,aten::matmul,"[[1, 557, 1152], [1152, 768]]",110,22.0,0.4884460000001108,0.09768920000002215,0.0384245455209575
billing_512,aten::view,"[[557], []]",490,98.0,0.4552909999996453,0.09105819999992906,0.03581634357690443
billing_512,aten::sin,"[[1, 557, 64]]",10,2.0,0.4259909999998258,0.08519819999996517,0.03351140263408401
billing_512,aten::matmul,"[[1, 557, 768], [768, 768]]",110,22.0,0.41493200000287284,0.08298640000057457,0.032641425095524805
billing_512,aten::unsqueeze,"[[1, 557, 64], []]",220,44.0,0.4068689999997241,0.08137379999994482,0.03200713366790251
billing_512,aten::transpose,"[[2304, 768], [], []]",220,44.0,0.39516700000113675,0.07903340000022735,0.031086573295554577
billing_512,aten::bitwise_and,"[[1, 1, 557, 557], [1, 1, 557, 1]]",5,1.0,0.3929069999998687,0.07858139999997374,0.030908786041843685
billing_512,aten::to,"[[1, 12, 557, 64], [], [], [], []]",660,132.0,0.37106100000123293,0.07421220000024659,0.029190228368327624
billing_512,aten::abs,"[[1, 1, 557, 557], [0]]",5,1.0,0.3665339999998896,0.07330679999997793,0.028834103192515035
billing_512,aten::le,"[[1, 1, 557, 557], []]",5,1.0,0.3657419999999902,0.07314839999999803,0.028771798986832672
billing_512,aten::narrow,"[[1, 557, 2304], [], [], []]",220,44.0,0.36044799999923455,0.0720895999998469,0.028355336278535464
billing_512,aten::t,"[[768, 1152]]",110,22.0,0.3600009999996892,0.07200019999993784,0.028320172162480887
billing_512,aten::mul,"[[1, 557, 64], []]",20,4.0,0.3474129999999636,0.06948259999999272,0.027329912893273734
billing_512,aten::chunk,"[[1, 557, 2304], [], []]",110,22.0,0.3338219999989887,0.06676439999979775,0.026260750696812562
billing_512,aten::sub,"[[1, 1, 557, 1], [1, 1, 1, 557], []]",5,1.0,0.32940800000013315,0.06588160000002663,0.025913514883876235
billing_512,aten::transpose,"[[768, 1152], [], []]",110,22.0,0.3252800000005172,0.06505600000010345,0.025588777811823817
billing_512,aten::index_select,"[[256000, 768], [], [557]]",5,1.0,0.32478399999974156,0.06495679999994831,0.025549759016279996
billing_512,aten::view,"[[1, 557, 768], []]",350,70.0,0.30753000000072045,0.06150600000014409,0.024192439868655012
billing_512,aten::empty_strided,"[[], [], [], [], [], []]",200,40.0,0.30553300000054434,0.06110660000010887,0.024035342016667054
billing_512,aten::as_strided,"[[2304, 768], [], [], []]",250,50.0,0.2928299999995538,0.05856599999991076,0.023036036050827085
billing_512,aten::slice,"[[1, 557, 2304], [], [], [], []]",220,44.0,0.281621000000825,0.056324200000165005,0.02215425847317169
billing_512,aten::linear,"[[1, 557, 768], [768, 768], []]",110,22.0,0.26412699999916556,0.052825399999833114,0.02077805926300875
billing_512,aten::view,"[[1, 557, 1152], []]",110,22.0,0.25306599999987694,0.05061319999997539,0.019907924390413063
billing_512,aten::linear,"[[1, 557, 1152], [768, 1152], []]",110,22.0,0.24965299999932175,0.04993059999986435,0.01963943417064602
billing_512,aten::view,"[[1, 557, 12, 64], []]",110,22.0,0.24619600000064473,0.04923920000012895,0.019367482606266154
billing_512,aten::_unsafe_view,"[[557, 2304], []]",220,44.0,0.24178400000006697,0.0483568000000134,0.019020404127047117
billing_512,aten::scaled_dot_product_attention,"[[1, 12, 557, 64], [1, 12, 557, 64], [1, 12, 557, 64], [], [], [], [], []]",40,8.0,0.23249199999868778,0.04649839999973755,0.018289431047047174
billing_512,aten::empty_like,"[[1, 12, 557, 64], [], [], [], [], []]",120,24.0,0.2248749999985721,0.044974999999714424,0.017690225068827448
billing_512,aten::_unsafe_view,"[[557, 768], []]",220,44.0,0.2234099999987975,0.0446819999997595,0.017574978021703446
billing_512,aten::scalar_tensor,"[[], [], [], [], []]",160,32.0,0.22270300000048518,0.04454060000009703,0.017519360504887952
billing_512,aten::addmm,"[[256], [1, 772], [772, 256], [], []]",5,1.0,0.2130840000003227,0.04261680000006454,0.016762663340058572
billing_512,aten::t,"[[768, 768]]",155,31.0,0.2124890000002706,0.04249780000005412,0.016715856518860397
billing_512,aten::add,"[[1, 557, 768], [1, 1, 768], []]",5,1.0,0.20995299999997952,0.0419905999999959,0.016516357193546414
billing_512,aten::view,"[[1, 557, 2304], []]",110,22.0,0.20032999999956427,0.04006599999991285,0.01575934536099165
billing_512,aten::as_strided,"[[1, 557, 3, 12, 64], [], [], []]",330,66.0,0.19883299999906281,0.039766599999812566,0.01564158097216642
billing_512,aten::as_strided,"[[1, 557, 12, 64], [], [], []]",450,90.0,0.19541400000000067,0.03908280000000013,0.015372618750958572
billing_512,aten::reshape,"[[1, 557, 768], []]",330,66.0,0.18875099999879422,0.03775019999975884,0.014848461020416325
billing_512,aten::as_strided,"[[1, 557, 2304], [], [], []]",220,44.0,0.16124599999912426,0.032249199999824854,0.012684727210453679
billing_512,aten::reshape,"[[1, 557, 12, 64], []]",110,22.0,0.1520879999994686,0.03041759999989372,0.011964295498723791
billing_512,aten::linear,"[[1, 557, 3072], [768, 3072], [768]]",10,2.0,0.13903800000034972,0.027807600000069942,0.010937692109578366
billing_512,aten::reshape,"[[1, 557, 1152], []]",110,22.0,0.1367230000006275,0.0273446000001255,0.010755578175038371
billing_512,aten::as_strided,"[[768, 1152], [], [], []]",110,22.0,0.13416699999954107,0.026833399999908213,0.010554505511134293
billing_512,aten::native_layer_norm,"[[1, 3, 768], [], [768], [768], []]",5,1.0,0.12795699999987847,0.025591399999975693,0.010065983898362097
billing_512,aten::resolve_conj,"[[557, 768]]",650,130.0,0.12352300000274315,0.02470460000054863,0.009717174747033578
billing_512,aten::transpose,"[[768, 768], [], []]",155,31.0,0.12141000000030543,0.024282000000061085,0.009550951531408032
billing_512,aten::bitwise_and,"[[1, 1, 557, 557], [1, 1, 1, 557]]",5,1.0,0.1099970000000635,0.0219994000000127,0.00865312590065277
billing_512,aten::linear,"[[557, 1, 768], [768, 768], [768]]",30,6.0,0.10954299999936484,0.02190859999987297,0.008617411116022829
billing_512,aten::scaled_dot_product_attention,"[[1, 12, 557, 64], [1, 12, 557, 64], [1, 12, 557, 64], [1, 1, 1, 557], [], [], [], []]",10,2.0,0.10878999999977532,0.021757999999955063,0.008558174920493534
billing_512,aten::expand,"[[1, 1, 557, 557], [], []]",75,15.0,0.10753900000007435,0.02150780000001487,0.008459762595619919
billing_512,aten::linear,"[[1, 557, 768], [3072, 768], [3072]]",10,2.0,0.10691399999911663,0.021382799999823326,0.008410595766559201
billing_512,aten::view,"[[557, 768], []]",55,11.0,0.10308499999981724,0.02061699999996345,0.008109380105518281
billing_512,aten::view,"[[1, 1, 557, 557], []]",70,14.0,0.09658799999918667,0.019317599999837336,0.007598281084799851
billing_512,aten::eq,"[[1, 1, 1, 557], []]",10,2.0,0.09020200000042677,0.018040400000085353,0.007095914093056389
billing_512,aten::transpose,"[[1, 557, 12], [], []]",120,24.0,0.07965299999912895,0.01593059999982579,0.006266056686607454
billing_512,aten::resolve_conj,"[[557, 2304]]",220,44.0,0.07949000000035948,0.015898000000071896,0.006253233977704869
billing_512,aten::bmm,"[[1, 32, 1], [1, 1, 557]]",10,2.0,0.07811900000021797,0.015623800000043594,0.006145381621631405
billing_512,aten::where,"[[1, 1, 1, 557], [], []]",20,4.0,0.07583300000027521,0.015166600000055042,0.0059655490279389815
billing_512,aten::_to_copy,"[[], [], [], [], [], [], []]",35,7.0,0.06508700000026921,0.01301740000005384,0.005120194237095477
billing_512,aten::as_strided,"[[768, 768], [], [], []]",155,31.0,0.06346399999966523,0.012692799999933047,0.004992517815538732
billing_512,aten::index,"[[1, 557], []]",5,1.0,0.05958000000005859,0.01191600000001172,0.004686975473522927
billing_512,aten::as_strided,"[[1, 557, 64], [], [], []]",230,46.0,0.05770199999935857,0.011540399999871715,0.0045392389857325886
billing_512,aten::dropout,"[[1, 557, 1152], [], []]",110,22.0,0.05683499999902051,0.011366999999804102,0.004471034760537476
billing_512,aten::permute,"[[557, 1, 12, 64], []]",30,6.0,0.05678900000019348,0.011357800000038696,0.004467416082016426
billing_512,aten::gather,"[[1, 557, 768], [], [1, 3, 768], []]",5,1.0,0.05587099999986822,0.011174199999973645,0.004395199843577112
billing_512,aten::arange,"[[], [], [], [0]]",25,5.0,0.0553330000001165,0.0110666000000233,0.004352877037206028
billing_512,aten::relu,"[[1, 557, 3072]]",10,2.0,0.051330999999656346,0.01026619999993127,0.004038051997810642
billing_512,aten::unflatten,"[[557, 1, 768], [], []]",30,6.0,0.05095400000043446,0.010190800000086892,0.004008394566627873
billing_512,aten::view,"[[557, 3072], []]",10,2.0,0.05054100000020116,0.010108200000040233,0.003975905126015982
billing_512,aten::layer_norm,"[[1, 557, 768], [], [768], [768], [], []]",20,4.0,0.04603900000048452,0.009207800000096904,0.0036217466234907815
billing_512,aten::sum,"[[1, 3], [], [], []]",10,2.0,0.04591400000010617,0.009182800000021234,0.0036119132576639423
billing_512,aten::view,"[[557, 1, 768], []]",60,12.0,0.045538000000495224,0.009107600000099044,0.003582334493376944
billing_512,aten::copy_,"[[], [], []]",35,7.0,0.045414999999804424,0.009082999999960885,0.0035726584613782774
billing_512,aten::transpose,"[[1, 557, 768], [], []]",30,6.0,0.04387499999979627,0.008774999999959255,0.0034515113947576597
billing_512,aten::index_select,"[[3, 768], [], [1]]",5,1.0,0.04162699999965844,0.008325399999931687,0.0032746681442522014
billing_512,aten::gelu,"[[1, 3, 768], []]",5,1.0,0.041540000000037255,0.008308000000007452,0.0032678241216872366
billing_512,aten::linear,"[[1, 557, 768], [768, 768], [768]]",10,2.0,0.04087599999952363,0.008175199999904726,0.0032155892825327633
billing_512,aten::split,"[[2304, 768], [], []]",10,2.0,0.040705999999743656,0.008141199999948731,0.0032022159050660486
billing_512,aten::matmul,"[[1, 32, 1], [1, 1, 557]]",10,2.0,0.04066699999972479,0.008133399999944958,0.003199147894935877
billing_512,aten::expand,"[[768], [], []]",55,11.0,0.039869000000471715,0.007973800000094343,0.003136371687746102
billing_512,aten::all,"[[1, 557]]",10,2.0,0.038873999999630086,0.007774799999926018,0.003058098095935168
billing_512,aten::add,"[[557], [], []]",10,2.0,0.037997999999889315,0.007599599999977863,0.002989185868449652
billing_512,aten::masked_fill_,"[[1, 557], [1, 557], []]",10,2.0,0.03732999999992899,0.007465999999985798,0.002936636361633199
billing_512,aten::_to_copy,"[[1, 557], [], [], [], [], [], []]",15,3.0,0.03704300000044418,0.007408600000088836,0.002914058953803641
billing_512,aten::clamp,"[[1, 3], [], []]",5,1.0,0.036166999999783005,0.007233399999956601,0.0028451467262457196
billing_512,aten::as_strided,"[[1, 557, 12], [], [], []]",120,24.0,0.03605300000122679,0.007210600000245359,0.0028361786967523645
billing_512,aten::unsqueeze,"[[1, 557], []]",30,6.0,0.03466299999989747,0.006932599999979494,0.002726831668984305
billing_512,aten::to,"[[], [], [], [], []]",115,23.0,0.03345000000085383,0.006690000000170766,0.002631408687364713
billing_512,aten::copy_,"[[1, 557], [1, 557], []]",15,3.0,0.03332999999974095,0.00666599999994819,0.0026219686561119735
billing_512,aten::narrow,"[[2304, 768], [], [], []]",30,6.0,0.03133500000066124,0.0062670000001322475,0.0024650281380630364
billing_512,aten::div,"[[1], [1]]",5,1.0,0.028500000000116415,0.005700000000023283,0.0022420074017424924
billing_512,aten::zeros_like,"[[1, 557], [], [], [], [], []]",10,2.0,0.025290000000095462,0.005058000000019092,0.001989486568071932
billing_512,aten::embedding,"[[256000, 768], [1, 557], [], [], []]",5,1.0,0.02462499999991519,0.004924999999983038,0.001937173062017306
billing_512,aten::arange,"[[], [], [], [], []]",25,5.0,0.023881999999845447,0.004776399999969089,0.0018787235357139995
billing_512,aten::linear,"[[1, 3, 768], [768, 768], [768]]",5,1.0,0.023666000000492203,0.00473320000009844,0.0018617314796675305
billing_512,aten::copy_,"[[3, 768], [3, 768], []]",5,1.0,0.023456999999994878,0.004691399999998976,0.0018452900920156964
billing_512,aten::addmm,"[[1], [3, 768], [768, 1], [], []]",5,1.0,0.022709999999846332,0.004541999999969267,0.0017865258980006842
billing_512,aten::ge,"[[1, 1, 557, 1], []]",5,1.0,0.022541000000010625,0.0045082000000021254,0.001773231187455962
billing_512,aten::slice,"[[1, 557], [], [], [], []]",5,1.0,0.022373999999836088,0.004474799999967217,0.0017600938107373378
billing_512,aten::unsqueeze,"[[1, 1, 557], []]",20,4.0,0.02229200000014544,0.004458400000029087,0.0017536431227987916
billing_512,aten::as_strided,"[[557, 1, 12, 64], [], [], []]",30,6.0,0.022003000000200702,0.004400600000040141,0.0017309083810802992
billing_512,aten::t,"[[768, 3072]]",10,2.0,0.021917000000132247,0.004383400000026449,0.0017241430254065263
billing_512,aten::topk,"[[1, 3], [], [], [], []]",5,1.0,0.021582999999984167,0.0043165999999968336,0.00169786827198509
billing_512,aten::permute,"[[1, 12, 557, 64], []]",10,2.0,0.02154100000023027,0.004308200000046053,0.0016945642610966326
billing_512,aten::sum,"[[1, 557], []]",5,1.0,0.02108199999970384,0.004216399999940768,0.0016584561418483566
billing_512,aten::transpose,"[[768, 3072], [], []]",10,2.0,0.020580000000161816,0.004116000000032363,0.001618965344843327
billing_512,aten::slice,"[[2304, 768], [], [], [], []]",30,6.0,0.02028399999969406,0.004056799999938812,0.001595679934599054
billing_512,aten::expand,"[[1, 32, 1], [], []]",20,4.0,0.02012300000006917,0.004024600000013834,0.0015830145594819289
billing_512,aten::select,"[[1, 2], [], []]",15,3.0,0.019248000000370667,0.0038496000000741333,0.0015141809989261143
billing_512,aten::as_strided,"[[768, 3072], [], [], []]",10,2.0,0.01875099999975646,0.003750199999951292,0.0014750835364686222
billing_512,aten::bitwise_not,"[[1, 557]]",5,1.0,0.01841800000015064,0.0036836000000301282,0.0014488874500162207
billing_512,aten::stack,"[[], []]",5,1.0,0.018251999999862163,0.0036503999999724325,0.0014358287402150103
billing_512,aten::_to_copy,"[[1, 1, 557], [], [], [], [], [], []]",10,2.0,0.017501000000084786,0.003500200000016957,0.0013767498785236907
billing_512,aten::clamp_min,"[[1, 3], []]",5,1.0,0.017500999999872875,0.003500199999974575,0.00137674987850702
billing_512,aten::unsqueeze,"[[1, 3], []]",5,1.0,0.017169000000227242,0.0034338000000454483,0.0013506324589778631
billing_512,aten::zeros,"[[], [], [], [], []]",15,3.0,0.01704299999944351,0.0034085999998887022,0.0013407204261927568
billing_512,aten::unsqueeze,"[[1], []]",30,6.0,0.016663000000466128,0.0033326000000932256,0.0013108269942500917
billing_512,aten::bitwise_not,"[[1, 3]]",5,1.0,0.0166260000000475,0.0033252000000094997,0.001307916317941225
billing_512,aten::flatten,"[[557, 1, 12, 64], [], []]",10,2.0,0.016543000000005123,0.0033086000000010244,0.0013013869630486329
billing_512,aten::abs,"[[1, 1, 557, 557]]",5,1.0,0.01653900000000567,0.003307800000001134,0.0013010722953431697
billing_512,aten::view,"[[1, 557, 3072], []]",10,2.0,0.015834999999962747,0.0031669999999925495,0.0012456907791706608
billing_512,aten::new_ones,"[[1, 1, 557, 1], [], [], [], [], []]",10,2.0,0.01575699999957078,0.0031513999999141563,0.0012395547588824505
billing_512,aten::t,"[[3072, 768]]",10,2.0,0.01575000000014552,0.003150000000029104,0.0012390040904430273
billing_512,aten::unsqueeze,"[[1, 768], []]",5,1.0,0.015708000000071477,0.0031416000000142955,0.0012357000795293852
billing_512,aten::resize_,"[[0], [], []]",25,5.0,0.01566299999998455,0.00313259999999691,0.0012321600678355993
billing_512,aten::split,"[[2304], [], []]",10,2.0,0.01553799999988405,0.00310759999997681,0.0012223267020306174
billing_512,aten::copy_,"[[1, 1, 557], [1, 1, 557], []]",10,2.0,0.015248999999852004,0.003049799999970401,0.0011995919603052564
billing_512,aten::slice,"[[2304], [], [], [], []]",30,6.0,0.01512599999975646,0.003025199999951292,0.0011899159283534175
billing_512,aten::as_strided,"[[1, 557, 768], [], [], []]",35,7.0,0.015083000000304308,0.0030166000000608614,0.001186533250562321
billing_512,aten::reshape,"[[1, 1, 1, 557], []]",10,2.0,0.014833000000011452,0.0029666000000022905,0.0011668665189451307
billing_512,aten::expand,"[[1, 3, 1], [], []]",5,1.0,0.014707999999984168,0.0029415999999968336,0.0011570331531459083
billing_512,aten::addmm,"[[2], [1, 256], [256, 2], [], []]",5,1.0,0.014626999999920372,0.0029253999999840742,0.0011506611321043846
billing_512,aten::select,"[[3, 768], [], []]",5,1.0,0.014539000000077067,0.0029078000000154133,0.0011437384425955696
billing_512,aten::dropout,"[[1, 557, 768], [], []]",25,5.0,0.014538999999801946,0.002907799999960389,0.0011437384425739266
billing_512,aten::layer_norm,"[[1, 3, 768], [], [768], [768], [], []]",5,1.0,0.014501999999803956,0.0029003999999607914,0.0011408277662981504
billing_512,aten::embedding,"[[3, 768], [1], [], [], []]",5,1.0,0.014499000000301748,0.0028998000000603494,0.0011405917655581805
billing_512,aten::masked_fill,"[[1, 3], [1, 3], []]",5,1.0,0.01425199999997858,0.002850399999995716,0.0011211610347177353
billing_512,aten::full,"[[], [], [], [], [], []]",5,1.0,0.013998999999984107,0.0027997999999968214,0.0011012583023448884
billing_512,aten::transpose,"[[557, 1, 768], [], []]",10,2.0,0.013954999999870779,0.0027909999999741557,0.0010977969575754023
billing_512,aten::squeeze,"[[1, 3, 1], []]",5,1.0,0.013874000000185334,0.0027748000000370667,0.0010914249365636423
billing_512,aten::empty_like,"[[1, 557], [], [], [], [], []]",10,2.0,0.01379100000031758,0.002758200000063516,0.0010848955816847871
billing_512,aten::as_strided,"[[1, 1, 557, 557], [], [], []]",75,15.0,0.013664000000019768,0.0027328000000039535,0.0010749048820115298
billing_512,aten::transpose,"[[1, 32, 557], [], []]",10,2.0,0.012919999999973243,0.0025839999999946487,0.0010163766887836734
billing_512,aten::log,"[[1, 3]]",5,1.0,0.012916999999957626,0.002583399999991525,0.001016140688003315
billing_512,aten::narrow,"[[1, 557, 64], [], [], []]",10,2.0,0.012748999999952503,0.0025497999999905007,0.0010029246443716419
billing_512,aten::unsqueeze,"[[32], []]",10,2.0,0.012705999999921004,0.002541199999984201,0.00099954196653497
billing_512,aten::item,[[]],15,3.0,0.012461000000126659,0.0024922000000253317,0.000980268569588879
billing_512,aten::mul,"[[1, 3], [1, 3]]",5,1.0,0.012123999999952503,0.0024247999999905006,0.0009537578153862616
billing_512,aten::unsqueeze,"[[557], []]",15,3.0,0.011958000000042148,0.0023916000000084297,0.0009406991056147968
billing_512,aten::sub,"[[1], [1], []]",5,1.0,0.011833000000100583,0.0023666000000201167,0.0009308657398223177
billing_512,aten::to,"[[1, 3], [], [], [], []]",20,4.0,0.011664999999920838,0.0023329999999841676,0.0009176496961769074
billing_512,aten::__and__,"[[], [1, 1, 557, 557]]",10,2.0,0.011582999999883669,0.0023165999999767337,0.0009111990082111016
billing_512,aten::as_strided,"[[3072, 768], [], [], []]",10,2.0,0.011499999999912688,0.0022999999999825374,0.0009046696533241262
billing_512,aten::_to_copy,"[[1, 3], [], [], [], [], [], []]",5,1.0,0.011417000000190455,0.002283400000038091,0.0008981402984567187
billing_512,aten::_softmax,"[[1, 3], [], []]",5,1.0,0.011207999999751337,0.0022415999999502675,0.0008816989108094635
billing_512,aten::view,"[[557, 1, 12, 64], []]",10,2.0,0.011165999999997438,0.0022331999999994877,0.000878394899921006
billing_512,aten::transpose,"[[3072, 768], [], []]",10,2.0,0.01095700000008219,0.002191400000016438,0.000861953512314962
billing_512,aten::copy_,"[[1, 3], [1, 3], []]",10,2.0,0.010915999999910128,0.0021831999999820254,0.0008587281683199855
billing_512,aten::zero_,"[[1, 557]]",15,3.0,0.009666000000098166,0.001933200000019633,0.0007603945103640175
billing_512,aten::select,"[[1, 557], [], []]",10,2.0,0.009626000000031809,0.0019252000000063618,0.0007572478333037332
billing_512,aten::to,"[[1, 557], [], [], [], []]",5,1.0,0.009582000000053086,0.0019164000000106173,0.0007537864885448362
billing_512,aten::as_strided,"[[1, 557], [], [], []]",50,10.0,0.009501000000430622,0.0019002000000861244,0.0007474144675380305
billing_512,aten::expand,"[[3072], [], []]",10,2.0,0.009335000000311993,0.0018670000000623986,0.0007343557577501813
billing_512,aten::gelu,"[[1, 256], []]",5,1.0,0.00933400000014808,0.001866800000029616,0.0007342770908109102
billing_512,aten::clamp,"[[1], [], []]",5,1.0,0.009167000000132248,0.0018334000000264495,0.0007211397141047712
billing_512,aten::neg,[[1]],5,1.0,0.009042000000015833,0.0018084000000031665,0.0007113063482985371
billing_512,aten::as_strided,"[[1], [], [], []]",45,9.0,0.008917999999571066,0.0017835999999142131,0.0007015516493928493
billing_512,aten::copy_,"[[557], [557], []]",5,1.0,0.008874000000185333,0.0017748000000370665,0.000698090304680601
billing_512,aten::as_strided,"[[768], [], [], []]",55,11.0,0.00879299999945215,0.00175859999989043,0.0006917182835864185
billing_512,aten::clone,"[[1, 3], []]",5,1.0,0.008709000000031665,0.001741800000006333,0.000685110261816372
billing_512,aten::unsqueeze,"[[1, 32], []]",10,2.0,0.008665000000037252,0.0017330000000074504,0.0006816489170562409
billing_512,aten::select,"[[1, 32, 557], [], []]",10,2.0,0.00862900000011041,0.001725800000022082,0.0006788169077124379
billing_512,aten::fill_,"[[1, 557], []]",5,1.0,0.008375000000100727,0.0016750000000201454,0.0006588355084120178
billing_512,aten::div,"[[1], []]",5,1.0,0.008332999999751336,0.0016665999999502673,0.0006555314974767149
billing_512,aten::linear,"[[1, 3, 768], [1, 768], [1]]",5,1.0,0.00832999999995809,0.001665999999991618,0.0006552954967138496
billing_512,aten::narrow,"[[2304], [], [], []]",30,6.0,0.008252000000327825,0.001650400000065565,0.0006491594764855601
billing_512,aten::as_strided,"[[1, 3], [], [], []]",15,3.0,0.008081999999820254,0.0016163999999640507,0.0006357860989616077
billing_512,aten::_local_scalar_dense,[[]],15,3.0,0.007873999999735589,0.0015747999999471177,0.0006194233782686127
billing_512,aten::as_strided,"[[1, 32, 1], [], [], []]",30,6.0,0.007542000000132248,0.0015084000000264496,0.0005933059587427828
billing_512,aten::to,"[[1, 557], [], [], [], [], []]",10,2.0,0.00750199999991537,0.001500399999983074,0.0005901592816706573
billing_512,aten::view,"[[1, 32, 1], []]",10,2.0,0.007500999999915166,0.0015001999999830332,0.0005900806147442647
billing_512,aten::fill_,"[[557], []]",5,1.0,0.007334999999915453,0.0014669999999830908,0.0005770219049657703
billing_512,aten::slice,"[[1, 557, 64], [], [], [], []]",10,2.0,0.007209000000105789,0.0014418000000211578,0.0005671098722572908
billing_512,aten::unsqueeze,"[[1, 1], []]",10,2.0,0.006832999999867752,0.0013665999999735504,0.0005375311079209605
billing_512,aten::view,"[[1, 3, 768], []]",10,2.0,0.00679099999961909,0.0013581999999238178,0.0005342270969935813
billing_512,aten::softmax,"[[1, 3], [], []]",5,1.0,0.006664000000280793,0.0013328000000561587,0.0005242363973958064
billing_512,aten::dropout,"[[1, 557, 3072], [], []]",10,2.0,0.006625999999901978,0.0013251999999803956,0.0005212470541636951
billing_512,aten::copy_,"[[3, 1], [3, 1], []]",5,1.0,0.006622999999905005,0.001324599999981001,0.0005210110533848033
billing_512,aten::masked_fill_,"[[1, 3], [1, 3], []]",5,1.0,0.00662299999978859,0.0013245999999577178,0.0005210110533756453
billing_512,aten::is_nonzero,[[]],10,2.0,0.006583000000259289,0.0013166000000518578,0.0005178643763576094
billing_512,aten::copy_,"[[1], [1], []]",5,1.0,0.006541000000142958,0.0013082000000285915,0.0005145603654406405
billing_512,aten::fill_,"[[1, 1], []]",25,5.0,0.006206999999867777,0.0012413999999735554,0.0004882856120092056
billing_512,aten::select,"[[1, 3], [], []]",10,2.0,0.0062049999999740065,0.0012409999999948014,0.0004881282781648092
billing_512,aten::unsqueeze,"[[1, 1, 1], []]",10,2.0,0.0060420000003068705,0.0012084000000613742,0.0004753055691916075
billing_512,aten::_to_copy,"[[1], [], [], [], [], [], []]",5,1.0,0.006040999999793712,0.0012081999999587424,0.0004752269022248623
billing_512,aten::detach,"[[1, 3]]",10,2.0,0.006040000000037253,0.0012080000000074507,0.0004751482353176443
billing_512,aten::as_strided,"[[1, 1, 557], [], [], []]",40,8.0,0.005957000000037169,0.0011914000000074337,0.0004686188804283792
billing_512,aten::to,"[[1, 1, 557], [], [], [], []]",10,2.0,0.00591399999987334,0.001182799999974668,0.00046523620258129717
billing_512,aten::as_strided,"[[1, 768], [], [], []]",15,3.0,0.005750999999727355,0.001150199999945471,0.00045241349357042583
billing_512,aten::to,"[[1, 557, 64], [], [], [], []]",20,4.0,0.005665999999931046,0.0011331999999862092,0.0004457268048444378
billing_512,aten::resolve_conj,"[[557, 3072]]",20,4.0,0.005543999999994413,0.0011087999999988825,0.0004361294398314764
billing_512,aten::new_empty,"[[1, 1, 557, 1], [], [], [], [], []]",10,2.0,0.005541000000111353,0.0011082000000222705,0.00043589343906154604
billing_512,aten::expand,"[[1, 1, 1, 557], [], []]",10,2.0,0.0052510000005131586,0.0010502000001026317,0.0004130800304439384
billing_512,aten::_unsafe_view,"[[1, 32, 557], []]",10,2.0,0.0052079999998677524,0.0010415999999735504,0.00040969735255897213
billing_512,aten::expand,"[[1, 1, 557], [], []]",10,2.0,0.005165999999984251,0.0010331999999968501,0.0004063933416603192
billing_512,aten::as_strided,"[[1, 3, 1], [], [], []]",10,2.0,0.00512599999998929,0.001025199999997858,0.0004032466646056513
billing_512,aten::as_strided,"[[3, 768], [], [], []]",5,1.0,0.0050840000000898725,0.0010168000000179745,0.0003999426537057462
billing_512,aten::to,"[[1, 1, 557, 557], [], [], [], [], [], [], []]",10,2.0,0.0048729999999209215,0.0009745999999841843,0.000383343932226991
billing_512,aten::copy_,"[[1, 256], [1, 256], []]",5,1.0,0.00483199999993667,0.000966399999987334,0.000380118588246789
billing_512,aten::expand,"[[1, 1, 1, 1], [], []]",5,1.0,0.004749000000053002,0.0009498000000106003,0.00037358923336668195
billing_512,aten::as_strided,"[[1, 32, 557], [], [], []]",20,4.0,0.004745999999868218,0.0009491999999736436,0.00037335323257301574
billing_512,aten::view,"[[1, 1, 1, 557], []]",15,3.0,0.004709000000063043,0.0009418000000126086,0.0003704425563124075
billing_512,aten::to,"[[1, 3], [], [], [], [], [], [], []]",20,4.0,0.004583000000047377,0.0009166000000094754,0.00036053052358772257
billing_512,aten::as_strided,"[[1, 1, 1, 1], [], [], []]",5,1.0,0.004459000000031665,0.000891800000006333,0.0003507758247157871
billing_512,aten::_softmax,"[[1, 2], [], []]",5,1.0,0.0044589999999152495,0.0008917999999830499,0.00035077582470662905
billing_512,aten::resolve_conj,"[[557, 1152]]",110,22.0,0.004458999999358639,0.0008917999998717278,0.0003507758246628422
billing_512,aten::linear,"[[1, 772], [256, 772], [256]]",5,1.0,0.004294000000227243,0.0008588000000454485,0.0003377957818790322
billing_512,aten::select,"[[1, 557, 768], [], []]",5,1.0,0.004166000000317581,0.0008332000000635161,0.000327726415309933
billing_512,aten::view,"[[3, 768], []]",5,1.0,0.004125999999931082,0.0008251999999862164,0.000324579738224464
billing_512,aten::as_strided,"[[2304], [], [], []]",30,6.0,0.004082000000227708,0.0008164000000455416,0.00032111839348722795
billing_512,aten::to,"[[1], [], [], [], []]",10,2.0,0.004080000000540167,0.0008160000001080335,0.00032096105965905486
billing_512,aten::copy_,"[[3], [], []]",5,1.0,0.003999999999968168,0.0007999999999936336,0.00031466770550392874
billing_512,aten::expand,"[[256], [], []]",5,1.0,0.003996999999857508,0.0007993999999715016,0.00031443170471609364
billing_512,aten::__and__,"[[1, 1, 557, 557], [1, 1, 557, 1]]",5,1.0,0.003960000000121454,0.0007920000000242909,0.000311521028460923
billing_512,aten::reshape,"[[1, 32, 1], []]",10,2.0,0.003959000000233118,0.0007918000000466236,0.00031144236154333064
billing_512,aten::view,"[[3], []]",10,2.0,0.00391599999985192,0.000783199999970384,0.0003080596836791488
billing_512,aten::select,"[[1, 32, 1], [], []]",10,2.0,0.0038340000001903718,0.0007668000000380744,0.00030160899574289187
billing_512,aten::reshape,"[[1, 557], []]",5,1.0,0.0038319999999523588,0.0007663999999904718,0.000301451661871415
billing_512,aten::empty_like,"[[1, 3], [], [], [], [], []]",5,1.0,0.0037899999999208376,0.0007579999999841675,0.00029814765096111776
billing_512,aten::linear,"[[1, 256], [2, 256], [2]]",5,1.0,0.0036240000001271254,0.000724800000025425,0.0002850889411988288
billing_512,aten::as_strided,"[[32], [], [], []]",10,2.0,0.0035840000000157486,0.0007168000000031497,0.0002819422641350028
billing_512,aten::t,"[[256, 772]]",5,1.0,0.0035820000000530853,0.000716400000010617,0.0002817849302851867
billing_512,aten::transpose,"[[1, 768], [], []]",5,1.0,0.003581000000005588,0.0007162000000011175,0.00028170626335507365
billing_512,aten::select,"[[1, 1, 557], [], []]",10,2.0,0.003417000000047665,0.000683400000009533,0.00026880488743261994
billing_512,aten::__and__,"[[1, 1, 557, 557], [1, 1, 1, 557]]",5,1.0,0.003335000000005039,0.0006670000000010077,0.00026235419946638483
billing_512,aten::as_strided,"[[], [], [], []]",15,3.0,0.003334000000147853,0.0006668000000295706,0.0002622755325512429
billing_512,aten::copy_,"[[557], [], []]",5,1.0,0.0033330000001321877,0.0006666000000264376,0.00026219686562363405
billing_512,aten::copy_,"[[1, 2], [1, 2], []]",5,1.0,0.0032910000000265427,0.0006582000000053085,0.0002588928547075057
billing_512,aten::transpose,"[[2, 256], [], []]",5,1.0,0.003252000000036787,0.0006504000000073574,0.00025582484457962394
billing_512,aten::t,"[[2, 256]]",5,1.0,0.0032490000000107103,0.000649800000002142,0.00025558884379844264
billing_512,aten::view,"[[1, 1, 557], []]",10,2.0,0.0032489999999952487,0.0006497999999990498,0.0002555888437972264
billing_512,aten::t,"[[1, 768]]",5,1.0,0.0032090000001480804,0.0006418000000296161,0.0002524421667541848
billing_512,aten::transpose,"[[256, 772], [], []]",5,1.0,0.00316800000006333,0.000633600000012666,0.00024921682276607686
billing_512,aten::select,"[[256000, 768], [], []]",5,1.0,0.0031239999999365864,0.0006247999999873172,0.0002457554779955356
billing_512,aten::to,"[[1, 32, 1], [], [], [], [], []]",10,2.0,0.002958999999930711,0.0005917999999861422,0.000232775435142933
billing_512,aten::select,"[[1, 768], [], []]",5,1.0,0.002874000000039814,0.0005748000000079628,0.0002260887464095041
billing_512,aten::as_strided,"[[557], [], [], []]",15,3.0,0.002832999999883668,0.0005665999999767337,0.00022286340241577966
billing_512,aten::log,[[1]],5,1.0,0.0027920000000158326,0.0005584000000031665,0.00021963805844473568
billing_512,aten::_reshape_alias,"[[1, 1, 1, 557], [], []]",5,1.0,0.0026669999998994174,0.0005333999999798835,0.0002098046926385016
billing_512,aten::copy_,"[[3], [3], []]",5,1.0,0.002665000000069085,0.000533000000013817,0.00020964735879909567
billing_512,aten::resolve_conj,"[[3, 768]]",10,2.0,0.002459000000089873,0.0004918000000179746,0.00019344197196714965
billing_512,aten::reshape,"[[1, 1, 557], []]",10,2.0,0.0024570000000417166,0.0004914000000083433,0.00019328463811060814
billing_512,aten::as_strided,"[[1, 1, 1], [], [], []]",10,2.0,0.0023739999999099837,0.00047479999998199676,0.00018675528321098663
billing_512,aten::expand,"[[1], [], []]",5,1.0,0.0023340000002644956,0.0004668000000528991,0.00018360860618381067
billing_512,aten::as_strided,"[[557, 1, 768], [], [], []]",10,2.0,0.002332999999838648,0.00046659999996772966,0.00018352993922393396
billing_512,aten::as_strided,"[[1, 2], [], [], []]",15,3.0,0.002248999999719672,0.00044979999994393437,0.00017692191739893934
billing_512,aten::to,"[[1, 557], [], [], [], [], [], [], []]",10,2.0,0.002207000000116295,0.00044140000002325906,0.00017361790652232296
billing_512,aten::detach_,[[557]],5,1.0,0.002207000000079688,0.00044140000001593766,0.00017361790651944319
billing_512,aten::to,"[[557], [], [], [], [], []]",5,1.0,0.0021669999999576247,0.0004333999999915249,0.0001704712294547765
billing_512,aten::view,"[[1, 557], []]",5,1.0,0.0021250000001007264,0.00042500000002014527,0.00016716721855821633
billing_512,aten::as_strided,"[[1, 1, 1, 557], [], [], []]",10,2.0,0.0021249999997089617,0.00042499999994179236,0.00016716721852739742
billing_512,aten::fill_,"[[3], []]",5,1.0,0.00212299999996867,0.000424599999993734,0.0001670098846950746
billing_512,aten::expand,"[[2], [], []]",5,1.0,0.0019579999996349215,0.0003915999999269843,0.00015402984181667932
billing_512,aten::detach_,[[1]],10,2.0,0.001957000000015796,0.0003914000000031592,0.00015395117492026495
billing_512,aten::select,"[[557, 768], [], []]",5,1.0,0.0019569999999368972,0.0003913999999873794,0.00015395117491405822
billing_512,aten::as_strided,"[[256, 772], [], [], []]",5,1.0,0.0018739999998360873,0.00037479999996721747,0.0001474218200168693
billing_512,aten::as_strided,"[[3072], [], [], []]",10,2.0,0.0017069999998493585,0.0003413999999698717,0.00013428444331301973
billing_512,aten::view,"[[3, 1], []]",5,1.0,0.0016690000000526197,0.00033380000001052395,0.00013129510012669857
billing_512,aten::to,"[[1, 1, 557, 1], [], [], [], [], [], [], []]",5,1.0,0.0016669999999999164,0.0003333999999999833,0.00013113776626979935
billing_512,aten::softmax,"[[1, 2], [], []]",5,1.0,0.0016660000000847503,0.00033320000001695006,0.00013105909935009637
billing_512,aten::as_strided,"[[1, 32], [], [], []]",10,2.0,0.0016269999998462482,0.00032539999996924964,0.0001279910892026464
billing_512,aten::resolve_conj,"[[1, 32, 1]]",10,2.0,0.001375999999931082,0.0002751999999862164,0.00010824569068879138
billing_512,aten::to,"[[1, 1, 1, 557], [], [], [], [], [], [], []]",5,1.0,0.0013749999998990462,0.00027499999997980924,0.00010816702375989457
billing_512,aten::lift_fresh,[[557]],5,1.0,0.0013330000000000837,0.0002666000000000167,0.00010486301286002536
billing_512,aten::as_strided,"[[1, 1], [], [], []]",10,2.0,0.001292000000248663,0.0002584000000497326,0.00010163766889813941
billing_512,aten::detach,"[[1, 2]]",5,1.0,0.001292000000132248,0.0002584000000264496,0.00010163766888898137
billing_512,aten::as_strided,"[[2, 256], [], [], []]",5,1.0,0.001290999999968335,0.000258199999993667,0.00010155900194971024
billing_512,aten::to,"[[1, 2], [], [], [], [], [], [], []]",10,2.0,0.0011670000003650785,0.00023340000007301568,9.18043031102214e-05
billing_512,aten::detach_,[[3]],5,1.0,0.0010860000000948275,0.0002172000000189655,8.543228205245633e-05
billing_512,aten::to,"[[1, 768], [], [], [], []]",5,1.0,0.0010429999999469145,0.0002085999999893829,8.204960420662633e-05
billing_512,aten::to,"[[1, 2], [], [], [], []]",5,1.0,0.0010009999999310822,0.00020019999998621644,7.874559329756328e-05
billing_512,aten::as_strided,"[[256000, 768], [], [], []]",5,1.0,0.000918000000079246,0.0001836000000158492,7.22162384199604e-05
billing_512,aten::to,"[[1], [], [], [], [], [], [], []]",5,1.0,0.0009169999999417087,0.00018339999998834175,7.213757148276415e-05
billing_512,aten::to,"[[1, 772], [], [], [], []]",5,1.0,0.0008750000000582077,0.00017500000001164154,6.883356058411122e-05
billing_512,aten::fill_,"[[], []]",10,2.0,0.0007460000000321543,0.00014920000000643086,5.868552707947922e-05
billing_512,aten::as_strided,"[[557, 768], [], [], []]",5,1.0,0.0006670000000315213,0.00013340000000630425,5.247083989567737e-05
billing_512,aten::zero_,"[[1, 3]]",10,2.0,0.0006650000004290177,0.00013300000008580355,5.2313506074193984e-05
billing_512,aten::to,"[[1], [], [], [], [], []]",10,2.0,0.0006270000002116376,0.00012540000004232754,4.9324162854782235e-05
billing_512,aten::as_strided,"[[256], [], [], []]",5,1.0,0.000584000000031665,0.000116800000006333,4.594148500643019e-05
billing_512,aten::as_strided,"[[2], [], [], []]",5,1.0,0.0005830000001005828,0.00011660000002011656,4.586281808547514e-05
billing_512,aten::resolve_neg,"[[1, 3]]",5,1.0,0.000540999999968335,0.00010819999999366701,4.2558807167254064e-05
billing_512,aten::resolve_conj,"[[1, 256]]",10,2.0,0.0005010000000474974,0.00010020000000949948,3.94121301184172e-05
billing_512,aten::resolve_conj,"[[32, 557]]",10,2.0,0.0004590000000580403,9.180000001160806e-05,3.610811921142903e-05
billing_512,aten::to,"[[1, 3, 768], [], [], [], []]",5,1.0,0.00041900000005261974,8.380000001052395e-05,3.296144215593828e-05
billing_512,aten::resolve_conj,"[[1, 2]]",10,2.0,0.0004180000000051223,8.360000000102446e-05,3.28827752258252e-05
billing_512,aten::resolve_conj,"[[3, 1]]",5,1.0,0.00041700000007404017,8.340000001480803e-05,3.280410830487014e-05
billing_512,aten::lift_fresh,[[]],10,2.0,0.00037500000013255885,7.500000002651177e-05,2.9500097401656082e-05
billing_512,aten::resolve_conj,"[[1, 557]]",10,2.0,0.0003749999999577085,7.49999999915417e-05,2.950009738790114e-05
billing_512,aten::to,"[[3], [], [], [], [], []]",5,1.0,0.0003739999998520034,7.479999997040069e-05,2.9421430453209042e-05
billing_512,aten::lift_fresh,[[1]],10,2.0,0.0003360000002273864,6.720000004547727e-05,2.643208728042816e-05
billing_512,aten::resolve_conj,"[[32, 1]]",10,2.0,0.00033399999994162497,6.6799999988325e-05,2.6274753405194964e-05
billing_512,aten::resolve_conj,"[[1, 1, 557]]",10,2.0,0.0002919999998571257,5.839999997142514e-05,2.297074249073012e-05
billing_512,aten::resolve_conj,"[[768, 1]]",5,1.0,0.0002490000000107102,4.980000000214204e-05,1.9588064668617987e-05
billing_512,aten::resolve_neg,"[[1, 2]]",5,1.0,0.00020899999991524964,4.179999998304993e-05,1.644138760604407e-05
billing_512,aten::lift_fresh,[[3]],5,1.0,0.0001680000001215376,3.360000002430752e-05,1.3216043640831171e-05
billing_512,aten::resolve_conj,"[[1, 3]]",5,1.0,0.00016599999996833503,3.3199999993667006e-05,1.3058709776025981e-05
billing_512,aten::resolve_conj,"[[1, 772]]",5,1.0,0.00016499999992083757,3.2999999984167513e-05,1.2980042845912895e-05
technical_original,aten::mm,"[[53, 768], [768, 2304]]",220,44.0,101.70940400000025,20.341880800000048,41.346749282327494
technical_original,aten::mm,"[[53, 1152], [1152, 768]]",110,22.0,28.725194000000283,5.7450388000000565,11.67732134586322
technical_original,aten::mm,"[[53, 768], [768, 768]]",110,22.0,17.374541999999707,3.4749083999999413,7.063071886344498
technical_original,aten::mul,"[[1, 12, 53, 64], [1, 1, 53, 64]]",440,88.0,11.702886000000007,2.340577200000001,4.757439079297518
technical_original,aten::addmm,"[[768], [53, 3072], [3072, 768], [], []]",10,2.0,8.966218999999967,1.7932437999999933,3.644933451811779
technical_original,aten::_scaled_dot_product_flash_attention_for_cpu,"[[1, 12, 53, 64], [1, 12, 53, 64], [1, 12, 53, 64], [], [], [], []]",110,22.0,8.113729999999533,1.6227459999999065,3.298380944740163
technical_original,aten::gelu,"[[1, 53, 1152], []]",110,22.0,7.514293000000094,1.5028586000000188,3.0546987445226943
technical_original,aten::native_layer_norm,"[[1, 53, 768], [], [768], [], []]",225,45.0,7.482977000000305,1.496595400000061,3.0419682127370926
technical_original,aten::addmm,"[[3072], [53, 768], [768, 3072], [], []]",10,2.0,6.391359999999921,1.278271999999984,2.598205761711991
technical_original,aten::addmm,"[[768], [53, 768], [768, 768], [], []]",40,8.0,6.343737999999809,1.2687475999999618,2.5788465400777003
technical_original,aten::add,"[[1, 53, 768], [1, 53, 768], []]",240,48.0,6.028713999999839,1.205742799999968,2.4507834718297077
technical_original,aten::add,"[[1, 12, 53, 64], [1, 12, 53, 64], []]",220,44.0,5.521050000000118,1.1042100000000237,2.2444086893400583
technical_original,aten::mul,"[[1, 53, 1152], [1, 53, 1152]]",110,22.0,3.8180830000001307,0.7636166000000262,1.552121183800485
technical_original,aten::cat,"[[], []]",240,48.0,3.143380999999717,0.6286761999999434,1.2778423724301815
technical_original,aten::neg,"[[1, 12, 53, 32]]",220,44.0,1.4465509999999366,0.2893101999999873,0.5880496706194182
technical_original,aten::slice,"[[1, 12, 53, 64], [], [], [], []]",880,176.0,1.138062999999921,0.2276125999999842,0.46264360696175233
technical_original,aten::copy_,"[[53, 768], [53, 768], []]",50,10.0,0.9766040000001521,0.19532080000003044,0.39700754451500214
technical_original,aten::addmm,"[[768], [3, 768], [768, 768], [], []]",5,1.0,0.9456040000000067,0.18912080000000134,0.3844054725595105
technical_original,aten::clamp_min,"[[1, 53, 3072], []]",10,2.0,0.8614399999999732,0.17228799999999464,0.35019125371894805
technical_original,aten::empty,"[[], [], [], [], [], []]",1180,236.0,0.8445039999994953,0.16890079999989907,0.3433064572465859
technical_original,aten::_scaled_dot_product_flash_attention_for_cpu,"[[1, 12, 53, 64], [1, 12, 53, 64], [1, 12, 53, 64], [], [], [1, 1, 1, 53], []]",10,2.0,0.8164800000002215,0.1632960000000443,0.3319141841991702
technical_original,aten::native_layer_norm,"[[1, 53, 768], [], [768], [768], []]",20,4.0,0.6516530000001949,0.130330600000039,0.26490896761212507
technical_original,aten::scaled_dot_product_attention,"[[1, 12, 53, 64], [1, 12, 53, 64], [1, 12, 53, 64], [], [], [], [], []]",110,22.0,0.6110690000002227,0.12221380000004453,0.24841082283022442
technical_original,aten::layer_norm,"[[1, 53, 768], [], [768], [], [], []]",225,45.0,0.5652449999998763,0.11304899999997527,0.22978252136925337
technical_original,aten::transpose,"[[1, 53, 12, 64], [], []]",450,90.0,0.559686000000426,0.1119372000000852,0.2275226853049527
technical_original,aten::matmul,"[[1, 53, 768], [768, 2304]]",220,44.0,0.5342480000000718,0.10684960000001435,0.21718166896925092
technical_original,aten::split,"[[1, 53, 2304], [], []]",110,22.0,0.4577820000000566,0.09155640000001132,0.18609682915814482
technical_original,aten::transpose,"[[1, 12, 53, 64], [], []]",590,118.0,0.44345100000053983,0.08869020000010797,0.18027101324887987
technical_original,aten::select,"[[1, 53, 3, 12, 64], [], []]",330,66.0,0.4144209999999826,0.08288419999999652,0.16846978264006612
technical_original,aten::unbind,"[[1, 53, 3, 12, 64], []]",110,22.0,0.4134859999998334,0.08269719999996668,0.16808968788909168
technical_original,aten::as_strided,"[[1, 12, 53, 64], [], [], []]",1480,296.0,0.3898989999996405,0.0779797999999281,0.15850113720472983
technical_original,aten::unsqueeze,"[[1, 53, 64], []]",220,44.0,0.3456159999997767,0.06912319999995534,0.14049928067567505
technical_original,aten::narrow,"[[1, 12, 53, 64], [], [], []]",440,88.0,0.3024970000005141,0.06049940000010282,0.12297061162286865
technical_original,aten::slice,"[[1, 53, 2304], [], [], [], []]",220,44.0,0.29758099999965765,0.05951619999993153,0.12097216692145901
technical_original,aten::narrow,"[[1, 53, 2304], [], [], []]",220,44.0,0.2963109999999679,0.05926219999999358,0.12045588848986255
technical_original,aten::copy_,"[[53, 3072], [53, 3072], []]",10,2.0,0.2917440000000497,0.058348800000009936,0.11859931872794549
technical_original,aten::chunk,"[[1, 53, 2304], [], []]",110,22.0,0.28656900000018415,0.05731380000003683,0.11649558574834325
technical_original,aten::matmul,"[[1, 53, 768], [768, 768]]",110,22.0,0.28591500000008224,0.05718300000001645,0.11622972268188725
technical_original,aten::linear,"[[1, 53, 768], [2304, 768], []]",220,44.0,0.27733500000007855,0.05546700000001571,0.11274179437938216
technical_original,aten::to,"[[1, 12, 53, 64], [], [], [], []]",660,132.0,0.2629929999996848,0.052598599999936956,0.10691150676680883
technical_original,aten::empty_strided,"[[], [], [], [], [], []]",200,40.0,0.2575340000000761,0.051506800000015215,0.10469232254746125
technical_original,aten::t,"[[2304, 768]]",220,44.0,0.2412040000001739,0.04824080000003478,0.09805387625613933
technical_original,aten::matmul,"[[1, 53, 1152], [1152, 768]]",110,22.0,0.23462900000018727,0.04692580000003745,0.09538101744624257
technical_original,aten::empty_like,"[[1, 12, 53, 64], [], [], [], [], []]",120,24.0,0.22703100000003223,0.04540620000000645,0.09229229026174807
technical_original,aten::index_select,"[[256000, 768], [], [53]]",5,1.0,0.20757600000002457,0.041515200000004915,0.08438347381358564
technical_original,aten::transpose,"[[2304, 768], [], []]",220,44.0,0.20483099999997964,0.04096619999999593,0.08326758066783636
technical_original,aten::transpose,"[[768, 1152], [], []]",110,22.0,0.20074099999994766,0.04014819999998953,0.08160492020660662
technical_original,aten::cos,"[[1, 53, 64]]",10,2.0,0.19787100000001623,0.039574200000003244,0.08043821225463155
technical_original,aten::addmm,"[[256], [1, 772], [772, 256], [], []]",5,1.0,0.1951610000001092,0.03903220000002184,0.07933654725469445
technical_original,aten::sin,"[[1, 53, 64]]",10,2.0,0.18466199999997274,0.03693239999999455,0.07506851004624912
technical_original,aten::view,"[[1, 53, 768], []]",350,70.0,0.17033099999988377,0.03406619999997675,0.06924269413675159
technical_original,aten::view,"[[53], []]",490,98.0,0.16780299999978174,0.03356059999995635,0.0682150154946671
technical_original,aten::t,"[[768, 768]]",155,31.0,0.16599100000008685,0.03319820000001737,0.0674784040630736
technical_original,aten::as_strided,"[[1, 53, 3, 12, 64], [], [], []]",330,66.0,0.16140600000003721,0.03228120000000744,0.06561451696899996
technical_original,aten::t,"[[768, 1152]]",110,22.0,0.15945699999976337,0.03189139999995268,0.0648222125094971
technical_original,aten::as_strided,"[[1, 53, 12, 64], [], [], []]",450,90.0,0.1487569999995999,0.02975139999991998,0.06047246509255555
technical_original,aten::view,"[[1, 53, 12, 64], []]",110,22.0,0.14787300000019332,0.029574600000038663,0.060113102782841876
technical_original,aten::view,"[[1, 53, 2304], []]",110,22.0,0.1415880000001478,0.028317600000029558,0.05755813432347198
technical_original,aten::_unsafe_view,"[[53, 2304], []]",220,44.0,0.1389509999998418,0.027790199999968363,0.056486145170235494
technical_original,aten::linear,"[[1, 53, 768], [768, 768], []]",110,22.0,0.13706899999987943,0.027413799999975886,0.055721077447021
technical_original,aten::reshape,"[[1, 53, 768], []]",330,66.0,0.13706800000026714,0.02741360000005343,0.05572067092872842
technical_original,aten::linear,"[[1, 53, 1152], [768, 1152], []]",110,22.0,0.13479000000002042,0.026958000000004083,0.054794621899128926
technical_original,aten::native_layer_norm,"[[1, 3, 768], [], [768], [768], []]",5,1.0,0.12862199999998847,0.025724399999997694,0.05228721609843506
technical_original,aten::add,"[[1, 53, 768], [1, 1, 768], []]",5,1.0,0.12695399999998336,0.02539079999999667,0.05160914332354068
technical_original,aten::as_strided,"[[1, 53, 2304], [], [], []]",220,44.0,0.11701100000031239,0.02340220000006248,0.047567130373582026
technical_original,aten::transpose,"[[1, 53, 12], [], []]",120,24.0,0.11403699999971015,0.02280739999994203,0.046358144502516026
technical_original,aten::view,"[[1, 53, 1152], []]",110,22.0,0.1073740000000653,0.02147480000001306,0.04364951206914278
technical_original,aten::as_strided,"[[2304, 768], [], [], []]",250,50.0,0.10349999999996681,0.020699999999993363,0.04207465959312386
technical_original,aten::scaled_dot_product_attention,"[[1, 12, 53, 64], [1, 12, 53, 64], [1, 12, 53, 64], [1, 1, 1, 53], [], [], [], []]",10,2.0,0.10241199999985837,0.020482399999971673,0.04163236751928913
technical_original,aten::transpose,"[[768, 768], [], []]",155,31.0,0.10121500000000014,0.02024300000000003,0.04114576493448699
technical_original,aten::as_strided,"[[768, 768], [], [], []]",155,31.0,0.0984069999999592,0.019681399999991838,0.04000426112637828
technical_original,aten::reshape,"[[1, 53, 12, 64], []]",110,22.0,0.0968219999997964,0.01936439999995928,0.03935992938278434
technical_original,aten::linear,"[[53, 1, 768], [768, 768], [768]]",30,6.0,0.0900449999999837,0.01800899999999674,0.03660495384602288
technical_original,aten::as_strided,"[[1, 53, 64], [], [], []]",230,46.0,0.08812300000014377,0.017624600000028752,0.035823625384851135
technical_original,aten::_unsafe_view,"[[53, 768], []]",220,44.0,0.08700499999990916,0.01740099999998183,0.03536913775745984
technical_original,aten::as_strided,"[[768, 1152], [], [], []]",110,22.0,0.07220200000016802,0.014440400000033604,0.029351445139621003
technical_original,aten::reshape,"[[1, 53, 1152], []]",110,22.0,0.0700729999997666,0.01401459999995332,0.028485967359034713
technical_original,aten::view,"[[53, 768], []]",55,11.0,0.0684949999998777,0.01369899999997554,0.027844481244703352
technical_original,aten::where,"[[1, 1, 1, 53], [], []]",20,4.0,0.06758199999991485,0.01351639999998297,0.027473329899708465
technical_original,aten::eq,"[[1, 1, 1, 53], []]",10,2.0,0.06720500000000902,0.013441000000001804,0.027320072444030685
technical_original,aten::linear,"[[1, 53, 3072], [768, 3072], [768]]",10,2.0,0.06170899999995163,0.012341799999990325,0.02508584704184423
technical_original,aten::mul,"[[1, 53, 64], []]",20,4.0,0.061578999999970165,0.012315799999994033,0.025032999643328988
technical_original,aten::resolve_conj,"[[53, 768]]",650,130.0,0.057376999999945166,0.011475399999989033,0.023324809115682462
technical_original,aten::dropout,"[[1, 53, 1152], [], []]",110,22.0,0.05371700000023884,0.010743400000047768,0.02183695158816047
technical_original,aten::gather,"[[1, 53, 768], [], [1, 3, 768], []]",5,1.0,0.05224899999999616,0.010449799999999232,0.021240182503204565
technical_original,aten::layer_norm,"[[1, 53, 768], [], [768], [768], [], []]",20,4.0,0.05112500000003638,0.010225000000007275,0.020783255765223944
technical_original,aten::permute,"[[53, 1, 12, 64], []]",30,6.0,0.04937599999980739,0.00987519999996148,0.02007225499577436
technical_original,aten::bmm,"[[1, 32, 1], [1, 1, 53]]",10,2.0,0.04925000000001933,0.009850000000003866,0.020021033671138437
technical_original,aten::index_select,"[[3, 768], [], [1]]",5,1.0,0.0487490000000762,0.009749800000015239,0.019817367927623758
technical_original,aten::_to_copy,"[[], [], [], [], [], [], []]",35,7.0,0.04678899999978694,0.009357799999957388,0.0190205917651627
technical_original,aten::transpose,"[[1, 53, 768], [], []]",30,6.0,0.04495799999999872,0.008991599999999744,0.01827625648297793
technical_original,aten::sum,"[[1, 3], [], [], []]",10,2.0,0.044583000000056924,0.008916600000011385,0.01812381206418588
technical_original,aten::linear,"[[1, 53, 768], [3072, 768], [3072]]",10,2.0,0.043955999999889174,0.008791199999977834,0.017868924995857807
technical_original,aten::to,"[[], [], [], [], []]",45,9.0,0.04325000000002706,0.008650000000005412,0.01758192297009014
technical_original,aten::gelu,"[[1, 3, 768], []]",5,1.0,0.042915999999968334,0.008583199999993667,0.017446145807707734
technical_original,aten::matmul,"[[1, 32, 1], [1, 1, 53]]",10,2.0,0.04191200000003323,0.008382400000006646,0.017038001283758174
technical_original,aten::copy_,"[[3, 768], [3, 768], []]",5,1.0,0.04154200000000128,0.008308400000000256,0.016887589457180347
technical_original,aten::unflatten,"[[53, 1, 768], [], []]",30,6.0,0.040165999999844645,0.008033199999968928,0.016328220069675544
technical_original,aten::copy_,"[[], [], []]",35,7.0,0.03845800000008716,0.007691600000017432,0.015633886556874824
technical_original,aten::view,"[[53, 1, 768], []]",60,12.0,0.03637400000005436,0.007274800000010873,0.01478670210669629
technical_original,aten::all,"[[1, 53]]",10,2.0,0.0353740000000264,0.00707480000000528,0.014380183656509678
technical_original,aten::masked_fill,"[[1, 3], [1, 3], []]",5,1.0,0.03470700000000943,0.006941400000001886,0.014109035850235895
technical_original,aten::as_strided,"[[1, 53, 12], [], [], []]",120,24.0,0.03454600000020764,0.006909200000041528,0.014043586379838257
technical_original,aten::relu,"[[1, 53, 3072]]",10,2.0,0.03362600000006205,0.00672520000001241,0.013669589405617851
technical_original,aten::linear,"[[1, 53, 768], [768, 768], [768]]",10,2.0,0.032876000000207566,0.0065752000000415135,0.013364700568045576
technical_original,aten::_to_copy,"[[1, 53], [], [], [], [], [], []]",15,3.0,0.032752000000119096,0.006550400000023819,0.013314292280187882
technical_original,aten::expand,"[[768], [], []]",55,11.0,0.03257600000009552,0.006515200000019104,0.013242745032947456
technical_original,aten::masked_fill_,"[[1, 53], [1, 53], []]",10,2.0,0.03249700000001758,0.006499400000003516,0.013210630075351927
technical_original,aten::split,"[[2304, 768], [], []]",10,2.0,0.03058100000002014,0.0061162000000040285,0.012431740724817206
technical_original,aten::copy_,"[[1, 53], [1, 53], []]",15,3.0,0.029706999999987375,0.0059413999999974754,0.012076443599350728
technical_original,aten::clamp,"[[1, 3], [], []]",5,1.0,0.029416000000026542,0.005883200000005308,0.011958146730365656
technical_original,aten::expand,"[[1, 32, 1], [], []]",20,4.0,0.027457999999967342,0.005491599999993468,0.011162183604898469
technical_original,aten::embedding,"[[256000, 768], [1, 53], [], [], []]",5,1.0,0.024666000000003917,0.004933200000000784,0.010027184092024069
technical_original,aten::flatten,"[[53, 1, 12, 64], [], []]",10,2.0,0.02366599999999744,0.004733199999999488,0.009620665641846193
technical_original,aten::view,"[[53, 3072], []]",10,2.0,0.02354000000000815,0.00470800000000163,0.009569444317128467
technical_original,aten::layer_norm,"[[1, 3, 768], [], [768], [768], [], []]",5,1.0,0.023501000000032947,0.004700200000006589,0.009553590097581713
technical_original,aten::unsqueeze,"[[1, 53], []]",20,4.0,0.023291999999887365,0.004658399999977473,0.009468627741435908
technical_original,aten::narrow,"[[2304, 768], [], [], []]",30,6.0,0.023256000000110362,0.004651200000022072,0.00945399307732025
technical_original,aten::transpose,"[[53, 1, 768], [], []]",10,2.0,0.02308100000002014,0.004616200000004028,0.009382852348502908
technical_original,aten::zeros_like,"[[1, 53], [], [], [], [], []]",10,2.0,0.022669999999889112,0.004533999999977822,0.009215773265427617
technical_original,aten::addmm,"[[1], [3, 768], [768, 1], [], []]",5,1.0,0.02191400000001886,0.004382800000003772,0.00890844531714788
technical_original,aten::topk,"[[1, 3], [], [], [], []]",5,1.0,0.020334000000031664,0.004066800000006332,0.008266146165876207
technical_original,aten::arange,"[[], [], [], [0]]",5,1.0,0.018916000000013356,0.003783200000002671,0.007689703003520273
technical_original,aten::narrow,"[[2304], [], [], []]",30,6.0,0.018836999999817635,0.003767399999963527,0.007657588045876865
technical_original,aten::select,"[[1, 2], [], []]",15,3.0,0.018835000000166476,0.003767000000033295,0.007656775009118324
technical_original,aten::resolve_conj,"[[53, 2304]]",220,44.0,0.0187429999995345,0.0037485999999069,0.007619375311445294
technical_original,aten::sum,"[[1, 53], []]",5,1.0,0.01816599999995378,0.003633199999990756,0.007384814165864626
technical_original,aten::stack,"[[], []]",5,1.0,0.017960999999995692,0.0035921999999991385,0.007301477883595739
technical_original,aten::linear,"[[1, 3, 768], [768, 768], [768]]",5,1.0,0.01754399999999441,0.0035087999999988823,0.007131959689872142
technical_original,aten::bitwise_not,"[[1, 53]]",5,1.0,0.017125000000021828,0.0034250000000043655,0.006961628459259863
technical_original,aten::bitwise_not,"[[1, 3]]",5,1.0,0.01708200000002398,0.003416400000004796,0.0069441481659032024
technical_original,aten::permute,"[[1, 12, 53, 64], []]",10,2.0,0.016790999999968335,0.003358199999993667,0.006825851296879586
technical_original,aten::zeros,"[[], [], [], [], []]",15,3.0,0.01636600000003364,0.0032732000000067277,0.006653080955581655
technical_original,aten::slice,"[[2304, 768], [], [], [], []]",30,6.0,0.0160769999998447,0.0032153999999689404,0.006535597123404206
technical_original,aten::reshape,"[[1, 1, 53], []]",10,2.0,0.015831000000036056,0.0031662000000072113,0.006435593584738885
technical_original,aten::select,"[[1, 3], [], []]",10,2.0,0.015665999999980387,0.0031331999999960774,0.006368518040437339
technical_original,aten::scalar_tensor,"[[], [], [], [], []]",20,4.0,0.015376000000032947,0.0030752000000065895,0.006250627689907886
technical_original,aten::full,"[[], [], [], [], [], []]",5,1.0,0.015125999999943133,0.0030251999999886267,0.0061489980773275655
technical_original,aten::log,"[[1, 3]]",5,1.0,0.014916999999957626,0.002983399999991525,0.006064035721246832
technical_original,aten::unsqueeze,"[[1, 3], []]",5,1.0,0.01458200000000943,0.002916400000001886,0.005927852040459186
technical_original,aten::unsqueeze,"[[53], []]",5,1.0,0.014375000000002615,0.002875000000000523,0.005843702721270141
technical_original,aten::t,"[[768, 3072]]",10,2.0,0.014205999999991037,0.0028411999999982075,0.0057750011031858185
technical_original,aten::slice,"[[1, 53], [], [], [], []]",5,1.0,0.014124999999927241,0.002824999999985448,0.00574207310869569
technical_original,aten::_to_copy,"[[1, 1, 53], [], [], [], [], [], []]",10,2.0,0.013872999999994818,0.002774599999998964,0.005639630459279001
technical_original,aten::squeeze,"[[1, 3, 1], []]",5,1.0,0.013708000000086032,0.002741600000017206,0.005572554915037166
technical_original,aten::as_strided,"[[53, 1, 12, 64], [], [], []]",30,6.0,0.013416000000077474,0.0026832000000154947,0.005453851527582517
technical_original,aten::expand,"[[1, 3, 1], [], []]",5,1.0,0.013209000000046217,0.002641800000009243,0.005369702208383536
technical_original,aten::split,"[[2304], [], []]",10,2.0,0.013204000000085215,0.0026408000000170432,0.0053676696161485135
technical_original,aten::select,"[[3, 768], [], []]",5,1.0,0.012956999999951223,0.0025913999999902446,0.005267259558900758
technical_original,aten::mul,"[[1, 3], [1, 3]]",5,1.0,0.012623000000035972,0.0025246000000071944,0.00513148239657668
technical_original,aten::to,"[[1, 3], [], [], [], []]",20,4.0,0.012542999999874155,0.002508599999974831,0.00509896092049688
technical_original,aten::embedding,"[[3, 768], [1], [], [], []]",5,1.0,0.012375999999960186,0.002475199999992037,0.005031072339352588
technical_original,aten::slice,"[[2304], [], [], [], []]",30,6.0,0.011999000000017987,0.0023998000000035975,0.004877814883660019
technical_original,aten::transpose,"[[768, 3072], [], []]",10,2.0,0.011795000000071013,0.0023590000000142026,0.0047948851198458264
technical_original,aten::unsqueeze,"[[1, 768], []]",5,1.0,0.011500999999945635,0.002300199999989127,0.004675368695443337
technical_original,aten::sub,"[[1], [1], []]",5,1.0,0.011499999999985449,0.00229999999999709,0.004674962177009347
technical_original,aten::transpose,"[[1, 32, 53], [], []]",10,2.0,0.01133200000000943,0.002266400000001886,0.0046066670773896555
technical_original,aten::_softmax,"[[1, 3], [], []]",5,1.0,0.011293000000019674,0.0022586000000039347,0.004590812857836986
technical_original,aten::unsqueeze,"[[32], []]",10,2.0,0.011291000000027907,0.0022582000000055816,0.004589999820939982
technical_original,aten::item,[[]],15,3.0,0.0112090000000303,0.00224180000000606,0.004556665308026585
technical_original,aten::_to_copy,"[[1, 3], [], [], [], [], [], []]",5,1.0,0.01112400000001071,0.0022248000000021423,0.004522111239753726
technical_original,aten::empty_like,"[[1, 53], [], [], [], [], []]",10,2.0,0.011123999999974332,0.0022247999999948664,0.004522111239738937
technical_original,aten::addmm,"[[2], [1, 256], [256, 2], [], []]",5,1.0,0.011044999999954598,0.0022089999999909196,0.004489996282167071
technical_original,aten::view,"[[1, 53, 3072], []]",10,2.0,0.011001000000003841,0.0022002000000007683,0.00447210947037938
technical_original,aten::clamp,"[[1], [], []]",5,1.0,0.010958999999958906,0.002191799999991781,0.004455035695453751
technical_original,aten::arange,"[[], [], [], [], []]",5,1.0,0.010666999999985365,0.0021333999999970732,0.004336332308013338
technical_original,aten::copy_,"[[1, 3], [1, 3], []]",10,2.0,0.010498999999981606,0.0020997999999963213,0.00426803720838237
technical_original,aten::div,"[[1], [1]]",5,1.0,0.01037599999998929,0.0020751999999978578,0.004218035439013938
technical_original,aten::copy_,"[[1, 1, 53], [1, 1, 53], []]",10,2.0,0.009794000000005099,0.0019588000000010197,0.003981441701018375
technical_original,aten::gelu,"[[1, 256], []]",5,1.0,0.009499999999970896,0.0018999999999941793,0.0038619252766529505
technical_original,aten::select,"[[1, 53], [], []]",10,2.0,0.009210000000002425,0.001842000000000485,0.0037440349261149476
technical_original,aten::as_strided,"[[1, 53, 768], [], [], []]",35,7.0,0.009205999999991036,0.001841199999998207,0.003742408852309617
technical_original,aten::copy_,"[[53], [53], []]",5,1.0,0.009123999999994794,0.0018247999999989589,0.0037090743393967756
technical_original,aten::clone,"[[1, 3], []]",5,1.0,0.009002000000065891,0.0018004000000131782,0.0036594790885042987
technical_original,aten::fill_,"[[1, 53], []]",5,1.0,0.009000000000030355,0.001800000000006071,0.0036586660515895014
technical_original,aten::dropout,"[[1, 53, 768], [], []]",25,5.0,0.008959999999932506,0.0017919999999865012,0.003642405313542715
technical_original,aten::narrow,"[[1, 53, 64], [], [], []]",10,2.0,0.008877000000006546,0.0017754000000013092,0.0036086642822082686
technical_original,aten::neg,[[1]],5,1.0,0.008792000000001281,0.0017584000000002563,0.003574110213941233
technical_original,aten::clamp_min,"[[1, 3], []]",5,1.0,0.008665000000008149,0.0017330000000016297,0.0035224823707717687
technical_original,aten::view,"[[53, 1, 12, 64], []]",10,2.0,0.008501000000032946,0.0017002000000065891,0.0034558133449531098
technical_original,aten::as_strided,"[[768, 3072], [], [], []]",10,2.0,0.008289999999979045,0.001657999999995809,0.003370037951944223
technical_original,aten::as_strided,"[[768], [], [], []]",55,11.0,0.008213000000010651,0.0016426000000021302,0.003338736031293578
technical_original,aten::_local_scalar_dense,[[]],15,3.0,0.008166999999943074,0.0016333999999886147,0.0033200361825580444
technical_original,aten::to,"[[1, 53], [], [], [], []]",5,1.0,0.008123999999901571,0.0016247999999803142,0.0033025558891836377
technical_original,aten::linear,"[[1, 3, 768], [1, 768], [1]]",5,1.0,0.008083000000056927,0.0016166000000113854,0.0032858886327896083
technical_original,aten::div,"[[1], []]",5,1.0,0.007958000000013272,0.0015916000000026544,0.0032350738264999564
technical_original,aten::unsqueeze,"[[1], []]",20,4.0,0.007827000000048429,0.0015654000000096858,0.0031818199095412928
technical_original,aten::t,"[[3072, 768]]",10,2.0,0.007626000000032946,0.0015252000000065891,0.0031001097010497744
technical_original,aten::unsqueeze,"[[1, 32], []]",10,2.0,0.007581999999980326,0.0015163999999960652,0.003082222889220673
technical_original,aten::zero_,"[[1, 53]]",15,3.0,0.007499000000090746,0.001499800000018149,0.0030484818579010163
technical_original,aten::fill_,"[[53], []]",5,1.0,0.007249999999994997,0.0014499999999989994,0.002947258763768458
technical_original,aten::as_strided,"[[1, 32, 1], [], [], []]",30,6.0,0.007165000000035661,0.0014330000000071321,0.0029127046955200932
technical_original,aten::_to_copy,"[[1], [], [], [], [], [], []]",5,1.0,0.007085999999966589,0.0014171999999933178,0.0028805897379281698
technical_original,aten::masked_fill_,"[[1, 3], [1, 3], []]",5,1.0,0.00708299999999872,0.001416599999999744,0.002879370182590706
technical_original,aten::as_strided,"[[1, 53], [], [], []]",35,7.0,0.007040000000068972,0.0014080000000137945,0.002861889889261729
technical_original,aten::view,"[[1, 3, 768], []]",10,2.0,0.007,0.0014,0.002845629151226681
technical_original,aten::transpose,"[[3072, 768], [], []]",10,2.0,0.006913999999989756,0.001382799999997951,0.0028106685645074465
technical_original,aten::unsqueeze,"[[1, 1, 53], []]",10,2.0,0.006666000000048371,0.0013332000000096742,0.0027098519888878146
technical_original,aten::copy_,"[[1], [1], []]",5,1.0,0.006540000000051805,0.001308000000010361,0.0026586306641671305
technical_original,aten::to,"[[1, 53], [], [], [], [], []]",10,2.0,0.006456000000025369,0.0012912000000050738,0.0026244831143416637
technical_original,aten::_softmax,"[[1, 2], [], []]",5,1.0,0.006209000000002561,0.0012418000000005123,0.0025240730571391076
technical_original,aten::view,"[[1, 32, 1], []]",10,2.0,0.006165999999996302,0.0012331999999992604,0.0025065927637790276
technical_original,aten::copy_,"[[3, 1], [3, 1], []]",5,1.0,0.006124999999956344,0.0012249999999912689,0.0024899255073055995
technical_original,aten::select,"[[1, 32, 53], [], []]",10,2.0,0.00599899999998297,0.001199799999996594,0.002438704182594343
technical_original,aten::is_nonzero,[[]],10,2.0,0.00595800000002555,0.00119160000000511,0.002422036926154467
technical_original,aten::fill_,"[[1, 1], []]",25,5.0,0.005832999999955063,0.0011665999999910127,0.002371222119853908
technical_original,aten::detach,"[[1, 3]]",10,2.0,0.005789000000062515,0.001157800000012503,0.002353335308089879
technical_original,aten::as_strided,"[[1], [], [], []]",35,7.0,0.005710999999937485,0.0011421999999874969,0.0023216268689253833
technical_original,aten::expand,"[[1, 1, 53], [], []]",10,2.0,0.0055439999999484825,0.0011087999999896965,0.002253738287750589
technical_original,aten::resize_,"[[0], [], []]",5,1.0,0.005541999999999916,0.0011083999999999831,0.002252925250871147
technical_original,aten::as_strided,"[[1, 3], [], [], []]",15,3.0,0.005499999999929742,0.0010999999999859484,0.0022358514759352596
technical_original,aten::softmax,"[[1, 3], [], []]",5,1.0,0.0054979999999341085,0.0010995999999868218,0.002235038439036685
technical_original,aten::as_strided,"[[2304], [], [], []]",30,6.0,0.005333000000056928,0.0010666000000113854,0.0021679628948076983
technical_original,aten::slice,"[[1, 53, 64], [], [], [], []]",10,2.0,0.005208999999969819,0.0010417999999939639,0.0021175546069505573
technical_original,aten::expand,"[[3072], [], []]",10,2.0,0.004959000000104425,0.000991800000020885,0.0020159249944614664
technical_original,aten::_unsafe_view,"[[1, 32, 53], []]",10,2.0,0.0049179999999469145,0.000983599999989383,0.0019992577379402514
technical_original,aten::to,"[[1, 1, 53], [], [], [], []]",10,2.0,0.004875999999972237,0.0009751999999944473,0.001982183963043185
technical_original,aten::as_strided,"[[1, 32, 53], [], [], []]",20,4.0,0.004834000000031665,0.0009668000000063331,0.0019651101881599836
technical_original,aten::copy_,"[[1, 256], [1, 256], []]",5,1.0,0.004833999999988009,0.0009667999999976018,0.001965110188142237
technical_original,aten::as_strided,"[[1, 3, 1], [], [], []]",10,2.0,0.0047079999999405115,0.0009415999999881023,0.0019138888634008479
technical_original,aten::as_strided,"[[1, 1, 53], [], [], []]",30,6.0,0.004665999999984024,0.0009331999999968048,0.001896815088511176
technical_original,aten::dropout,"[[1, 53, 3072], [], []]",10,2.0,0.004542999999946914,0.0009085999999893828,0.0018468133191245361
technical_original,aten::to,"[[1, 3], [], [], [], [], [], [], []]",20,4.0,0.004459999999991737,0.0008919999999983475,0.0018130722877782123
technical_original,aten::expand,"[[1, 1, 1, 53], [], []]",10,2.0,0.004458000000042376,0.0008916000000084752,0.001812259250898447
technical_original,aten::linear,"[[1, 772], [256, 772], [256]]",5,1.0,0.004336000000083004,0.0008672000000166009,0.0017626639999935843
technical_original,aten::select,"[[1, 53, 768], [], []]",5,1.0,0.00425,0.0008500000000000001,0.001727703413244771
technical_original,aten::resolve_conj,"[[53, 1152]]",110,22.0,0.0040860000000525355,0.0008172000000105071,0.0016610343874373882
technical_original,aten::as_strided,"[[3072, 768], [], [], []]",10,2.0,0.0039179999999905705,0.0007835999999981141,0.0015927392877827578
technical_original,aten::to,"[[1, 53, 64], [], [], [], []]",20,4.0,0.0038750000000752605,0.0007750000000150521,0.0015752589944596504
technical_original,aten::view,"[[1, 1, 53], []]",10,2.0,0.0037940000000050984,0.0007588000000010197,0.001542330999966934
technical_original,aten::as_strided,"[[53], [], [], []]",5,1.0,0.0037499999999682813,0.0007499999999936562,0.0015244441881442567
technical_original,aten::t,"[[256, 772]]",5,1.0,0.0037479999999777648,0.0007495999999955529,0.0015236311512477612
technical_original,aten::select,"[[1, 32, 1], [], []]",10,2.0,0.003710999999994556,0.0007421999999989112,0.001508589968598103
technical_original,aten::reshape,"[[1, 53], []]",5,1.0,0.003669999999978472,0.0007339999999956945,0.00149192271213438
technical_original,aten::view,"[[3], []]",10,2.0,0.003668000000019674,0.0007336000000039348,0.001491109675250779
technical_original,aten::empty_like,"[[1, 3], [], [], [], [], []]",5,1.0,0.003663999999916996,0.0007327999999833992,0.0014894836014083374
technical_original,aten::copy_,"[[3], [], []]",5,1.0,0.0035820000000094296,0.0007164000000018859,0.0014561490885315438
technical_original,aten::linear,"[[1, 256], [2, 256], [2]]",5,1.0,0.0034999999999417923,0.0006999999999883585,0.0014228145755896782
technical_original,aten::reshape,"[[1, 32, 1], []]",10,2.0,0.003458000000015545,0.000691600000003109,0.0014057408007123
technical_original,aten::select,"[[1, 1, 53], [], []]",10,2.0,0.0033769999999590256,0.0006753999999918051,0.0013728128062251291
technical_original,aten::to,"[[1], [], [], [], []]",10,2.0,0.003331000000107451,0.0006662000000214902,0.001354112957577406
technical_original,aten::t,"[[1, 768]]",5,1.0,0.0032519999999931315,0.0006503999999986263,0.001321997999967089
technical_original,aten::copy_,"[[1, 2], [1, 2], []]",5,1.0,0.003208000000056927,0.0006416000000113854,0.0013041111881853125
technical_original,aten::view,"[[3, 768], []]",5,1.0,0.0030849999999918508,0.0006169999999983702,0.0012541094187873032
technical_original,aten::copy_,"[[53], [], []]",5,1.0,0.00308399999999051,0.000616799999998102,0.001253702900336583
technical_original,aten::transpose,"[[1, 768], [], []]",5,1.0,0.0030809999999910362,0.0006161999999982073,0.001252483344986271
technical_original,aten::as_strided,"[[1, 768], [], [], []]",15,3.0,0.003044000000023516,0.0006088000000047032,0.0012374421623429909
technical_original,aten::as_strided,"[[], [], [], []]",15,3.0,0.003042000000002645,0.000608400000000529,0.0012366291254341558
technical_original,aten::select,"[[256000, 768], [], []]",5,1.0,0.0030399999999816602,0.0006079999999963321,0.0012358160885252746
technical_original,aten::t,"[[2, 256]]",5,1.0,0.0028310000000055877,0.0005662000000011176,0.0011508537324483765
technical_original,aten::transpose,"[[256, 772], [], []]",5,1.0,0.002793000000048778,0.0005586000000097557,0.001135406031359275
technical_original,aten::transpose,"[[2, 256], [], []]",5,1.0,0.002793000000005122,0.0005586000000010244,0.0011354060313415282
technical_original,aten::as_strided,"[[32], [], [], []]",10,2.0,0.0027919999999721765,0.0005583999999944354,0.00113499951287796
technical_original,aten::view,"[[1, 1, 1, 53], []]",10,2.0,0.0027089999999734575,0.0005417999999946915,0.0011012584815139356
technical_original,aten::copy_,"[[3], [3], []]",5,1.0,0.0026249999999841977,0.0005249999999968395,0.0010671109317035815
technical_original,aten::select,"[[1, 768], [], []]",5,1.0,0.0025410000000119907,0.0005082000000023981,0.00103296338190016
technical_original,aten::view,"[[1, 53], []]",5,1.0,0.0025400000000107637,0.0005080000000021528,0.0010325568634494858
technical_original,aten::log,[[1]],5,1.0,0.0024579999999696156,0.0004915999999939231,0.0009992223505183885
technical_original,aten::as_strided,"[[53, 1, 768], [], [], []]",10,2.0,0.0024179999999905705,0.0004835999999981141,0.0009829616125198973
technical_original,aten::to,"[[1, 32, 1], [], [], [], [], []]",10,2.0,0.0024169999999878655,0.0004833999999975731,0.0009825550940686227
technical_original,aten::detach_,[[53]],5,1.0,0.0024149999999817737,0.0004829999999963547,0.0009817420571657956
technical_original,aten::detach_,[[1]],10,2.0,0.002335000000022205,0.000467000000004441,0.0009492205811682128
technical_original,aten::fill_,"[[3], []]",5,1.0,0.002335000000019704,0.0004670000000039408,0.000949220581167196
technical_original,aten::expand,"[[256], [], []]",5,1.0,0.0023329999999841676,0.00046659999999683355,0.0009484075442523993
technical_original,aten::to,"[[1, 53], [], [], [], [], [], [], []]",10,2.0,0.0022100000000222055,0.0004420000000044411,0.0008984057748963078
technical_original,aten::expand,"[[1], [], []]",5,1.0,0.002209000000017113,0.0004418000000034226,0.0008979992564440623
technical_original,aten::select,"[[53, 768], [], []]",5,1.0,0.002042999999972153,0.00040859999999443063,0.0008305171936966954
technical_original,aten::to,"[[53], [], [], [], [], []]",5,1.0,0.0020010000000024774,0.00040020000000049545,0.0008134434188016628
technical_original,aten::as_strided,"[[1, 1, 1, 53], [], [], []]",10,2.0,0.002,0.0004,0.0008130369003504803
technical_original,aten::as_strided,"[[1, 2], [], [], []]",15,3.0,0.001957999999896856,0.0003915999999793712,0.0007959631254011903
technical_original,aten::expand,"[[2], [], []]",5,1.0,0.0019570000000385334,0.0003914000000077067,0.0007955566070086097
technical_original,aten::as_strided,"[[3, 768], [], [], []]",5,1.0,0.0017919999999867287,0.00035839999999734575,0.0007284810627086354
technical_original,aten::as_strided,"[[3072], [], [], []]",10,2.0,0.0017079999999259597,0.0003415999999851919,0.0006943335128692116
technical_original,aten::as_strided,"[[256, 772], [], [], []]",5,1.0,0.0017069999999803258,0.00034139999999606516,0.0006939269944411371
technical_original,aten::resolve_conj,"[[53, 3072]]",20,4.0,0.0016680000000778821,0.00033360000001557644,0.0006780727749239612
technical_original,aten::softmax,"[[1, 2], [], []]",5,1.0,0.0016659999999974388,0.0003331999999994878,0.000677259737990909
technical_original,aten::resolve_conj,"[[3, 768]]",10,2.0,0.0016239999999816063,0.0003247999999963213,0.0006601859630771127
technical_original,aten::view,"[[3, 1], []]",5,1.0,0.001459000000017113,0.0002918000000034226,0.0005931104188126322
technical_original,aten::as_strided,"[[1, 32], [], [], []]",10,2.0,0.0013750000000145519,0.0002750000000029104,0.000558962868996871
technical_original,aten::lift_fresh,[[53]],5,1.0,0.0013340000000157488,0.00026680000000314975,0.0005422956125401726
technical_original,aten::as_strided,"[[2, 256], [], [], []]",5,1.0,0.0013339999999880093,0.00026679999999760183,0.000542295612528896
technical_original,aten::detach,"[[1, 2]]",5,1.0,0.0012939999999216525,0.0002587999999843305,0.0005260348744949111
technical_original,aten::resolve_conj,"[[1, 32, 1]]",10,2.0,0.001207999999969843,0.0002415999999939686,0.0004910742877994309
technical_original,aten::to,"[[1, 2], [], [], [], [], [], [], []]",10,2.0,0.001125999999960186,0.00022519999999203718,0.00045773977488113536
technical_original,aten::detach_,[[3]],5,1.0,0.001083999999960156,0.00021679999999203118,0.000440665999973763
technical_original,aten::to,"[[1, 772], [], [], [], []]",5,1.0,0.0009999999999708961,0.00019999999999417923,0.00040651845016340896
technical_original,aten::to,"[[1, 768], [], [], [], []]",5,1.0,0.0009580000000278233,0.00019160000000556466,0.00038944467527919077
technical_original,aten::to,"[[1, 2], [], [], [], []]",5,1.0,0.0009179999999614666,0.00018359999999229332,0.00037318393724520595
technical_original,aten::to,"[[1], [], [], [], [], [], [], []]",5,1.0,0.0009170000000290201,0.00018340000000580402,0.0003727774188224925
technical_original,aten::as_strided,"[[256000, 768], [], [], []]",5,1.0,0.00083500000001834,0.00016700000000366798,0.0003394429059037811
technical_original,aten::resolve_neg,"[[1, 3]]",5,1.0,0.0007510000000183936,0.00015020000000367872,0.0003052953560890827
technical_original,aten::zero_,"[[1, 3]]",10,2.0,0.0007099999999906004,0.00014199999999812008,0.0002886280996205994
technical_original,aten::as_strided,"[[256], [], [], []]",5,1.0,0.0005840000000025611,0.00011680000000051222,0.00023740677490338144
technical_original,aten::as_strided,"[[2], [], [], []]",5,1.0,0.0005829999999987194,0.00011659999999974389,0.00023700025645164447
technical_original,aten::as_strided,"[[53, 768], [], [], []]",5,1.0,0.0005410000000132413,0.00010820000000264826,0.00021992648155018778
technical_original,aten::to,"[[1], [], [], [], [], []]",10,2.0,0.000500000000014552,0.0001000000000029104,0.00020325922509353573
technical_original,aten::resolve_conj,"[[1, 256]]",10,2.0,0.0004999999998835847,9.999999997671694e-05,0.00020325922504029511
technical_original,aten::lift_fresh,[[]],10,2.0,0.00045799999998530436,9.159999999706087e-05,0.00018618545017428596
technical_original,aten::lift_fresh,[[1]],10,2.0,0.00045700000000692853,9.14000000013857e-05,0.00018577893173290136
technical_original,aten::resolve_conj,"[[32, 1]]",10,2.0,0.00041599999998038584,8.319999999607717e-05,0.00016911167526492641
technical_original,aten::resolve_conj,"[[1, 2]]",10,2.0,0.0003740000000252621,7.480000000505242e-05,0.00015203790037580933
technical_original,aten::resolve_conj,"[[32, 53]]",10,2.0,0.00037399999998024213,7.479999999604842e-05,0.00015203790035750792
technical_original,aten::to,"[[1, 3, 768], [], [], [], []]",5,1.0,0.00037399999993795066,7.479999998759013e-05,0.00015203790034031562
technical_original,aten::resolve_conj,"[[3, 1]]",5,1.0,0.00033500000003550666,6.700000000710134e-05,0.00013618368082313957
technical_original,aten::resolve_conj,"[[1, 1, 53]]",10,2.0,0.00033400000000142425,6.680000000028484e-05,0.00013577716235910921
technical_original,aten::to,"[[3], [], [], [], [], []]",5,1.0,0.0003330000000436257,6.660000000872514e-05,0.00013537064392608964
technical_original,aten::resolve_conj,"[[1, 53]]",10,2.0,0.0003310000000542459,6.620000001084919e-05,0.00013455760703005648
technical_original,aten::resolve_conj,"[[768, 1]]",5,1.0,0.00029099999996833503,5.8199999993667004e-05,0.00011829686898812252
technical_original,aten::lift_fresh,[[3]],5,1.0,0.00020999999997604846,4.1999999995209694e-05,8.53688745270637e-05
technical_original,aten::resolve_conj,"[[1, 3]]",5,1.0,0.00020900000003166498,4.1800000006332994e-05,8.496235609949759e-05
technical_original,aten::resolve_conj,"[[1, 772]]",5,1.0,0.00020799999995506368,4.159999999101274e-05,8.455583761818253e-05
technical_original,aten::resolve_neg,"[[1, 2]]",5,1.0,0.00020799999995506368,4.159999999101274e-05,8.455583761818253e-05
technical_64,aten::mm,"[[109, 768], [768, 2304]]",220,44.0,140.1080340000007,28.021606800000143,41.10615320571316
technical_64,aten::mm,"[[109, 1152], [1152, 768]]",110,22.0,39.25386699999988,7.850773399999976,11.51665200597044
technical_64,aten::mm,"[[109, 768], [768, 768]]",110,22.0,23.522743000000006,4.704548600000001,6.901313579038674
technical_64,aten::mul,"[[1, 12, 109, 64], [1, 1, 109, 64]]",440,88.0,12.955383000000158,2.5910766000000316,3.800966605788611
technical_64,aten::_scaled_dot_product_flash_attention_for_cpu,"[[1, 12, 109, 64], [1, 12, 109, 64], [1, 12, 109, 64], [], [], [1, 1, 109, 109], []]",70,14.0,12.49652499999979,2.499304999999958,3.6663427251360425
technical_64,aten::addmm,"[[768], [109, 3072], [3072, 768], [], []]",10,2.0,11.93199300000003,2.386398600000006,3.5007152573955587
technical_64,aten::gelu,"[[1, 109, 1152], []]",110,22.0,10.697812999999982,2.1395625999999965,3.138620445877263
technical_64,aten::cat,"[[], []]",240,48.0,9.907380000000035,1.9814760000000071,2.9067161141324536
technical_64,aten::addmm,"[[3072], [109, 768], [768, 3072], [], []]",10,2.0,9.715456999999908,1.9430913999999817,2.8504080208955926
technical_64,aten::addmm,"[[768], [109, 768], [768, 768], [], []]",40,8.0,9.374380000000063,1.8748760000000124,2.750339787713914
technical_64,aten::native_layer_norm,"[[1, 109, 768], [], [768], [], []]",225,45.0,8.933290999999475,1.786658199999895,2.6209291358495195
technical_64,aten::add,"[[1, 109, 768], [1, 109, 768], []]",240,48.0,7.238183000000166,1.4476366000000334,2.1236031284900743
technical_64,aten::_scaled_dot_product_flash_attention_for_cpu,"[[1, 12, 109, 64], [1, 12, 109, 64], [1, 12, 109, 64], [], [], [], []]",40,8.0,6.3454719999997,1.26909439999994,1.8616915586335996
technical_64,aten::add,"[[1, 12, 109, 64], [1, 12, 109, 64], []]",220,44.0,5.641212999999697,1.1282425999999393,1.6550697288639928
technical_64,aten::neg,"[[1, 12, 109, 32]]",220,44.0,4.724177999999914,0.9448355999999828,1.3860217654546132
technical_64,aten::mul,"[[1, 109, 1152], [1, 109, 1152]]",110,22.0,4.2259919999998585,0.8451983999999717,1.2398594829908998
technical_64,aten::_scaled_dot_product_flash_attention_for_cpu,"[[1, 12, 109, 64], [1, 12, 109, 64], [1, 12, 109, 64], [], [], [1, 1, 1, 109], []]",10,2.0,1.8993280000000379,0.3798656000000076,0.5572419048853536
technical_64,aten::slice,"[[1, 12, 109, 64], [], [], [], []]",880,176.0,1.1659040000002565,0.2331808000000513,0.3420633855098138
technical_64,aten::copy_,"[[109, 768], [109, 768], []]",50,10.0,1.0465639999997947,0.20931279999995894,0.3070503446188912
technical_64,aten::addmm,"[[768], [3, 768], [768, 768], [], []]",5,1.0,1.0007289999999338,0.20014579999998677,0.2936028607138773
technical_64,aten::where,"[[1, 1, 109, 109], [], []]",140,28.0,0.8823929999998654,0.1764785999999731,0.25888438235913813
technical_64,aten::native_layer_norm,"[[1, 109, 768], [], [768], [768], []]",20,4.0,0.8451519999999872,0.16903039999999744,0.2479582833495057
technical_64,aten::empty,"[[], [], [], [], [], []]",1285,257.0,0.7919880000000589,0.15839760000001177,0.23236055160897193
technical_64,aten::clamp_min,"[[1, 109, 3072], []]",10,2.0,0.6221540000000241,0.12443080000000481,0.18253312755461346
technical_64,aten::scaled_dot_product_attention,"[[1, 12, 109, 64], [1, 12, 109, 64], [1, 12, 109, 64], [1, 1, 109, 109], [], [], [], []]",70,14.0,0.5543170000000383,0.11086340000000765,0.16263049930836052
technical_64,aten::matmul,"[[1, 109, 768], [768, 2304]]",220,44.0,0.4834540000000396,0.09669080000000792,0.14184007600817786
technical_64,aten::as_strided,"[[1, 12, 109, 64], [], [], []]",1480,296.0,0.48293100000060757,0.09658620000012151,0.14168663357172745
technical_64,aten::narrow,"[[1, 12, 109, 64], [], [], []]",440,88.0,0.4783429999994549,0.09566859999989098,0.1403405649304732
technical_64,aten::transpose,"[[1, 109, 12, 64], [], []]",450,90.0,0.47258500000013454,0.09451700000002691,0.138651231182984
technical_64,aten::layer_norm,"[[1, 109, 768], [], [768], [], [], []]",225,45.0,0.41940399999977385,0.08388079999995476,0.12304851182966095
technical_64,aten::select,"[[1, 109, 3, 12, 64], [], []]",330,66.0,0.41889600000024896,0.08377920000004979,0.12289947022788546
technical_64,aten::split,"[[1, 109, 2304], [], []]",110,22.0,0.4057769999998209,0.08115539999996418,0.11905050019720655
technical_64,aten::unbind,"[[1, 109, 3, 12, 64], []]",110,22.0,0.3979069999996672,0.07958139999993344,0.11674152892340166
technical_64,aten::transpose,"[[1, 12, 109, 64], [], []]",590,118.0,0.3680930000000431,0.07361860000000861,0.10799442986939824
technical_64,aten::unsqueeze,"[[1, 109, 64], []]",220,44.0,0.34816999999973713,0.06963399999994743,0.10214924121783246
technical_64,aten::copy_,"[[109, 3072], [109, 3072], []]",10,2.0,0.31199400000004973,0.06239880000000995,0.09153560147211293
technical_64,aten::to,"[[1, 12, 109, 64], [], [], [], []]",660,132.0,0.2799639999999891,0.055992799999997823,0.08213835243797486
technical_64,aten::narrow,"[[1, 109, 2304], [], [], []]",220,44.0,0.2723650000003945,0.054473000000078896,0.07990888957795399
technical_64,aten::index_select,"[[256000, 768], [], [109]]",5,1.0,0.26299400000001755,0.05259880000000351,0.07715954144488238
technical_64,aten::t,"[[2304, 768]]",220,44.0,0.25858399999964926,0.051716799999929855,0.07586569604232443
technical_64,aten::chunk,"[[1, 109, 2304], [], []]",110,22.0,0.25844899999974624,0.05168979999994925,0.07582608853003302
technical_64,aten::cos,"[[1, 109, 64]]",10,2.0,0.2553689999999665,0.0510737999999933,0.07492245047124371
technical_64,aten::matmul,"[[1, 109, 1152], [1152, 768]]",110,22.0,0.23968899999986934,0.04793779999997387,0.07032211126250447
technical_64,aten::sin,"[[1, 109, 64]]",10,2.0,0.2341610000000112,0.04683220000000224,0.06870025698029143
technical_64,aten::scaled_dot_product_attention,"[[1, 12, 109, 64], [1, 12, 109, 64], [1, 12, 109, 64], [], [], [], [], []]",40,8.0,0.22745900000015762,0.04549180000003152,0.06673396403538671
technical_64,aten::matmul,"[[1, 109, 768], [768, 768]]",110,22.0,0.22238400000054614,0.04447680000010923,0.0652450149612528
technical_64,aten::empty_strided,"[[], [], [], [], [], []]",200,40.0,0.22145799999988744,0.04429159999997749,0.06497333676544306
technical_64,aten::slice,"[[1, 109, 2304], [], [], [], []]",220,44.0,0.21728800000001547,0.043457600000003094,0.06374990471826611
technical_64,aten::linear,"[[1, 109, 768], [2304, 768], []]",220,44.0,0.21214999999959971,0.04242999999991994,0.06224247213814696
technical_64,aten::addmm,"[[256], [1, 772], [772, 256], [], []]",5,1.0,0.21108099999993282,0.04221619999998656,0.061928839318467155
technical_64,aten::transpose,"[[2304, 768], [], []]",220,44.0,0.19245600000025342,0.038491200000050685,0.05646446956331646
technical_64,aten::view,"[[109], []]",490,98.0,0.1785330000004696,0.035706600000093916,0.05237961479278802
technical_64,aten::view,"[[1, 109, 768], []]",350,70.0,0.17616399999983376,0.03523279999996675,0.051684576298632406
technical_64,aten::scalar_tensor,"[[], [], [], [], []]",160,32.0,0.16570200000015578,0.033140400000031156,0.04861514078842509
technical_64,aten::transpose,"[[768, 1152], [], []]",110,22.0,0.16295100000006277,0.03259020000001255,0.047808027704012386
technical_64,aten::empty_like,"[[1, 12, 109, 64], [], [], [], [], []]",120,24.0,0.1624149999999117,0.032482999999982345,0.047650771210609094
technical_64,aten::t,"[[768, 1152]]",110,22.0,0.1620420000000122,0.03240840000000244,0.0475413371210436
technical_64,aten::add,"[[1, 109, 768], [1, 1, 768], []]",5,1.0,0.16087100000004284,0.03217420000000857,0.047197778625300016
technical_64,aten::linear,"[[1, 109, 768], [768, 768], []]",110,22.0,0.1518999999999123,0.03037999999998246,0.04456578608435966
technical_64,aten::t,"[[768, 768]]",155,31.0,0.14782999999986535,0.02956599999997307,0.04337169293514608
technical_64,aten::as_strided,"[[1, 109, 3, 12, 64], [], [], []]",330,66.0,0.14696999999992386,0.029393999999984773,0.04311937841223652
technical_64,aten::reshape,"[[1, 109, 768], []]",330,66.0,0.14433400000014943,0.028866800000029884,0.04234600506063424
technical_64,aten::as_strided,"[[1, 109, 12, 64], [], [], []]",450,90.0,0.14065700000002657,0.028131400000005313,0.04126721378059631
technical_64,aten::_unsafe_view,"[[109, 2304], []]",220,44.0,0.1331579999999822,0.026631599999996442,0.039067089818458155
technical_64,aten::view,"[[1, 109, 12, 64], []]",110,22.0,0.13295599999994373,0.026591199999988747,0.039007825244457124
technical_64,aten::view,"[[1, 109, 2304], []]",110,22.0,0.13169899999982634,0.026339799999965267,0.03863903529637743
technical_64,aten::linear,"[[1, 109, 1152], [768, 1152], []]",110,22.0,0.11120399999978872,0.022240799999957744,0.03262602814824607
technical_64,aten::native_layer_norm,"[[1, 3, 768], [], [768], [768], []]",5,1.0,0.10591100000002189,0.021182200000004377,0.031073120276394448
technical_64,aten::as_strided,"[[2304, 768], [], [], []]",250,50.0,0.10558199999994441,0.021116399999988884,0.030976595301903227
technical_64,aten::view,"[[1, 109, 1152], []]",110,22.0,0.10145699999985754,0.020291399999971507,0.029766365758769852
technical_64,aten::as_strided,"[[1, 109, 2304], [], [], []]",220,44.0,0.10050599999987797,0.020101199999975596,0.029487352838655702
technical_64,aten::scaled_dot_product_attention,"[[1, 12, 109, 64], [1, 12, 109, 64], [1, 12, 109, 64], [1, 1, 1, 109], [], [], [], []]",10,2.0,0.094329000000027,0.0188658000000054,0.027675089108329123
technical_64,aten::_unsafe_view,"[[109, 768], []]",220,44.0,0.09279499999967265,0.01855899999993453,0.027225030412679097
technical_64,aten::reshape,"[[1, 109, 12, 64], []]",110,22.0,0.0910350000002077,0.01820700000004154,0.026708665807776685
technical_64,aten::expand,"[[1, 1, 109, 109], [], []]",75,15.0,0.08628499999983842,0.017256999999967684,0.02531506815196835
technical_64,aten::transpose,"[[768, 768], [], []]",155,31.0,0.08541299999970534,0.017082599999941068,0.025059232961240796
technical_64,aten::transpose,"[[1, 109, 12], [], []]",120,24.0,0.0755769999999584,0.01511539999999168,0.02217345895258552
technical_64,aten::bitwise_and,"[[], [1, 1, 109, 109]]",10,2.0,0.07528899999997793,0.015057799999995587,0.02208896292630881
technical_64,aten::eq,"[[1, 1, 1, 109], []]",10,2.0,0.06783299999995507,0.013566599999991014,0.01990145469032332
technical_64,aten::mul,"[[1, 109, 64], []]",20,4.0,0.06745999999986907,0.013491999999973813,0.01979202060070312
technical_64,aten::as_strided,"[[768, 1152], [], [], []]",110,22.0,0.06691900000008992,0.013383800000017983,0.01963329716250818
technical_64,aten::reshape,"[[1, 109, 1152], []]",110,22.0,0.06658400000025903,0.013316800000051806,0.019535011854208435
technical_64,aten::linear,"[[109, 1, 768], [768, 768], [768]]",30,6.0,0.0645449999999837,0.012908999999996739,0.01893679172360717
technical_64,aten::where,"[[1, 1, 1, 109], [], []]",20,4.0,0.06104400000009627,0.012208800000019254,0.017909636904144256
technical_64,aten::gather,"[[1, 109, 768], [], [1, 3, 768], []]",5,1.0,0.056455999999991034,0.011291199999998208,0.01656356826319725
technical_64,aten::linear,"[[1, 109, 3072], [768, 3072], [768]]",10,2.0,0.05504600000000209,0.011009200000000418,0.016149889801192703
technical_64,aten::dropout,"[[1, 109, 1152], [], []]",110,22.0,0.05441600000002382,0.010883200000004764,0.015965054743706235
technical_64,aten::resolve_conj,"[[109, 768]]",650,130.0,0.054107999999750744,0.010821599999950148,0.015874690937740722
technical_64,aten::linear,"[[1, 109, 768], [3072, 768], [3072]]",10,2.0,0.050414999999964495,0.0100829999999929,0.014791205434119204
technical_64,aten::_to_copy,"[[], [], [], [], [], [], []]",35,7.0,0.049833000000173794,0.00996660000003476,0.014620453047734846
technical_64,aten::as_strided,"[[768, 768], [], [], []]",155,31.0,0.049716000000234996,0.009943200000047,0.01458612653707556
technical_64,aten::as_strided,"[[1, 109, 64], [], [], []]",230,46.0,0.04937500000000796,0.009875000000001593,0.014486080894778696
technical_64,aten::bmm,"[[1, 32, 1], [1, 1, 109]]",10,2.0,0.048084000000073956,0.009616800000014792,0.014107315721427802
technical_64,aten::bitwise_and,"[[1, 1, 109, 109], [1, 1, 109, 1]]",5,1.0,0.04516599999999744,0.009033199999999488,0.01325120667733533
technical_64,aten::view,"[[109, 768], []]",55,11.0,0.04328400000013062,0.008656800000026124,0.012699048616737053
technical_64,aten::permute,"[[109, 1, 12, 64], []]",30,6.0,0.042875000000043656,0.008575000000008732,0.012579052523831265
technical_64,aten::index,"[[1, 109], []]",5,1.0,0.04195800000004101,0.008391600000008203,0.012310014829035354
technical_64,aten::sum,"[[1, 3], [], [], []]",10,2.0,0.04174600000005739,0.008349200000011478,0.012247816365248916
technical_64,aten::le,"[[1, 1, 109, 109], []]",5,1.0,0.04033100000002127,0.008066200000004254,0.011832670958329792
technical_64,aten::gelu,"[[1, 3, 768], []]",5,1.0,0.03924999999994179,0.007849999999988358,0.011515517470767168
technical_64,aten::copy_,"[[], [], []]",35,7.0,0.039041999999912605,0.007808399999982521,0.011454492562887952
technical_64,aten::transpose,"[[1, 109, 768], [], []]",30,6.0,0.03858299999995506,0.007716599999991013,0.011319827021012765
technical_64,aten::arange,"[[], [], [], [0]]",25,5.0,0.03779300000000524,0.007558600000001048,0.011088049726711064
technical_64,aten::matmul,"[[1, 32, 1], [1, 1, 109]]",10,2.0,0.03762599999998656,0.007525199999997312,0.011039053767020975
technical_64,aten::expand,"[[768], [], []]",55,11.0,0.03582899999979418,0.007165799999958836,0.010511833769639708
technical_64,aten::index_select,"[[3, 768], [], [1]]",5,1.0,0.03554300000007788,0.007108600000015576,0.010427924521400796
technical_64,aten::view,"[[1, 1, 109, 109], []]",70,14.0,0.03524699999993299,0.007049399999986598,0.010341081383234666
technical_64,aten::unflatten,"[[109, 1, 768], [], []]",30,6.0,0.03479699999996228,0.006959399999992457,0.010209056342176944
technical_64,aten::view,"[[109, 1, 768], []]",60,12.0,0.03428600000003644,0.006857200000007288,0.010059134573343394
technical_64,aten::relu,"[[1, 109, 3072]]",10,2.0,0.034081000000063796,0.0068162000000127594,0.00999898983242121
technical_64,aten::layer_norm,"[[1, 109, 768], [], [768], [768], [], []]",20,4.0,0.034040999999808266,0.006808199999961653,0.009987254273140345
technical_64,aten::masked_fill_,"[[1, 109], [1, 109], []]",10,2.0,0.0334610000000248,0.006692200000004959,0.0098170886647184
technical_64,aten::all,"[[1, 109]]",10,2.0,0.033123000000010734,0.006624600000002147,0.009717923189424462
technical_64,aten::as_strided,"[[1, 109, 12], [], [], []]",120,24.0,0.03287299999993093,0.006574599999986186,0.009644575944364204
technical_64,aten::_to_copy,"[[1, 109], [], [], [], [], [], []]",15,3.0,0.031414000000094235,0.006282800000018847,0.009216521422377106
technical_64,aten::sub,"[[1, 1, 109, 1], [1, 1, 1, 109], []]",5,1.0,0.03020699999999738,0.006041399999999476,0.008862400923310814
technical_64,aten::clamp,"[[1, 3], [], []]",5,1.0,0.03016400000003341,0.006032800000006682,0.00884978519717505
technical_64,aten::to,"[[], [], [], [], []]",115,23.0,0.029789000000010227,0.005957800000002045,0.008739764329612982
technical_64,aten::split,"[[2304, 768], [], []]",10,2.0,0.029458999999973458,0.005891799999994692,0.008642945966153564
technical_64,aten::view,"[[109, 3072], []]",10,2.0,0.028791999999957622,0.0057583999999915245,0.008447255516390624
technical_64,aten::unsqueeze,"[[1, 109], []]",30,6.0,0.02849699999999348,0.005699399999998696,0.008360705767257668
technical_64,aten::copy_,"[[1, 109], [1, 109], []]",15,3.0,0.028458999999987897,0.0056917999999975795,0.00834955698601043
technical_64,aten::embedding,"[[256000, 768], [1, 109], [], [], []]",5,1.0,0.025082000000067637,0.005016400000013527,0.007358782400076161
technical_64,aten::zeros_like,"[[1, 109], [], [], [], [], []]",10,2.0,0.023585000000035508,0.004717000000007102,0.006919579096786122
technical_64,aten::arange,"[[], [], [], [], []]",25,5.0,0.022493999999988433,0.004498799999997687,0.006599491719431531
technical_64,aten::narrow,"[[2304, 768], [], [], []]",30,6.0,0.021999000000039813,0.004399800000007963,0.006454264174273658
technical_64,aten::linear,"[[1, 109, 768], [768, 768], [768]]",10,2.0,0.021834999999933644,0.004366999999986729,0.00640614838149834
technical_64,aten::sum,"[[1, 109], []]",5,1.0,0.021541000000026542,0.004308200000005308,0.006319892021362269
technical_64,aten::abs,"[[1, 1, 109, 109], [0]]",5,1.0,0.021207999999969616,0.004241599999993923,0.006222193490956494
technical_64,aten::resolve_conj,"[[109, 2304]]",220,44.0,0.02074100000004205,0.004148200000008409,0.006085180837248923
technical_64,aten::topk,"[[1, 3], [], [], [], []]",5,1.0,0.01983299999998417,0.003966599999996834,0.00581878364325813
technical_64,aten::addmm,"[[1], [3, 768], [768, 1], [], []]",5,1.0,0.019415999999982888,0.0038831999999965777,0.005696440438536301
technical_64,aten::expand,"[[1, 32, 1], [], []]",20,4.0,0.01845400000001905,0.0036908000000038096,0.005414200239645142
technical_64,aten::slice,"[[2304, 768], [], [], [], []]",30,6.0,0.017247000000075785,0.003449400000015157,0.005060079740623913
technical_64,aten::permute,"[[1, 12, 109, 64], []]",10,2.0,0.01724699999987206,0.003449399999974412,0.005060079740564142
technical_64,aten::select,"[[1, 2], [], []]",15,3.0,0.01712499999992724,0.003424999999985448,0.005024286285002353
technical_64,aten::bitwise_not,"[[1, 109]]",5,1.0,0.016750000000029103,0.0033500000000058205,0.004914265417476974
technical_64,aten::unsqueeze,"[[1, 3], []]",5,1.0,0.01670700000002398,0.003341400000004796,0.004901649691329135
technical_64,aten::stack,"[[], []]",5,1.0,0.016377999999909663,0.0032755999999819325,0.00480512471682711
technical_64,aten::unsqueeze,"[[1, 1, 109], []]",20,4.0,0.016000999999958822,0.0032001999999917647,0.004694517071325975
technical_64,aten::bitwise_not,"[[1, 3]]",5,1.0,0.015623999999996158,0.0031247999999992316,0.004583909425821371
technical_64,aten::zeros,"[[], [], [], [], []]",15,3.0,0.015587999999919817,0.0031175999999839632,0.0045733474225136675
technical_64,aten::unsqueeze,"[[1], []]",30,6.0,0.015497000000163099,0.0030994000000326197,0.004546649025391633
technical_64,aten::new_ones,"[[1, 1, 109, 1], [], [], [], [], []]",10,2.0,0.015292000000013104,0.003058400000002621,0.0044865042844174155
technical_64,aten::slice,"[[2304], [], [], [], []]",30,6.0,0.015042999999801396,0.0030085999999602793,0.004413450428298608
technical_64,aten::slice,"[[1, 109], [], [], [], []]",5,1.0,0.014957000000067637,0.0029914000000135273,0.004388218976084046
technical_64,aten::t,"[[768, 3072]]",10,2.0,0.014580999999976484,0.002916199999995297,0.0042779047195218925
technical_64,aten::flatten,"[[109, 1, 12, 64], [], []]",10,2.0,0.014249000000054366,0.0028498000000108732,0.004180499578135816
technical_64,aten::split,"[[2304], [], []]",10,2.0,0.014043000000005123,0.0028086000000010244,0.0041200614482110095
technical_64,aten::add,"[[109], [], []]",10,2.0,0.01399999999997101,0.002799999999994202,0.004107445722054665
technical_64,aten::masked_fill,"[[1, 3], [1, 3], []]",5,1.0,0.013956999999951222,0.0027913999999902442,0.004094829995902522
technical_64,aten::mul,"[[1, 3], [1, 3]]",5,1.0,0.013459000000002561,0.002691800000000512,0.0039487222838041946
technical_64,aten::copy_,"[[3, 768], [3, 768], []]",5,1.0,0.013373999999996158,0.0026747999999992317,0.00392378422048979
technical_64,aten::embedding,"[[3, 768], [1], [], [], []]",5,1.0,0.013164999999920837,0.0026329999999841675,0.003862465923616891
technical_64,aten::linear,"[[1, 3, 768], [768, 768], [768]]",5,1.0,0.013083000000071478,0.0026166000000142956,0.0038384080272890037
technical_64,aten::_to_copy,"[[1, 1, 109], [], [], [], [], [], []]",10,2.0,0.012919999999952097,0.0025839999999904195,0.0037905856234899567
technical_64,aten::full,"[[], [], [], [], [], []]",5,1.0,0.012917999999960217,0.0025835999999920434,0.003789998845532044
technical_64,aten::squeeze,"[[1, 3, 1], []]",5,1.0,0.01287400000001071,0.002574800000002142,0.0037770897304203743
technical_64,aten::empty_like,"[[1, 109], [], [], [], [], []]",10,2.0,0.012831999999994879,0.0025663999999989756,0.00376476739324954
technical_64,aten::reshape,"[[1, 1, 1, 109], []]",10,2.0,0.01262599999996155,0.00252519999999231,0.003704329263329404
technical_64,aten::as_strided,"[[1, 1, 109, 109], [], [], []]",75,15.0,0.012460000000243781,0.0024920000000487564,0.003655626692707745
technical_64,aten::layer_norm,"[[1, 3, 768], [], [768], [768], [], []]",5,1.0,0.012291999999928522,0.0024583999999857045,0.003606337343950492
technical_64,aten::bitwise_and,"[[1, 1, 109, 109], [1, 1, 1, 109]]",5,1.0,0.012126000000003842,0.0024252000000007682,0.003557634773268127
technical_64,aten::unsqueeze,"[[1, 768], []]",5,1.0,0.012043000000019673,0.0024086000000039347,0.0035332834879205407
technical_64,aten::transpose,"[[1, 32, 109], [], []]",10,2.0,0.012002000000093858,0.0024004000000187715,0.003521254539756263
technical_64,aten::as_strided,"[[109, 1, 12, 64], [], [], []]",30,6.0,0.011996999999973923,0.0023993999999947844,0.0035197875948203387
technical_64,aten::addmm,"[[2], [1, 256], [256, 2], [], []]",5,1.0,0.011958000000129686,0.0023916000000259374,0.0035083454246402903
technical_64,aten::to,"[[1, 3], [], [], [], []]",20,4.0,0.011878000000026078,0.0023756000000052157,0.0034848743061981035
technical_64,aten::expand,"[[1, 3, 1], [], []]",5,1.0,0.011833000000013272,0.0023666000000026545,0.003471671802087714
technical_64,aten::unsqueeze,"[[109], []]",15,3.0,0.011295000000007462,0.0022590000000014925,0.0033138285307667257
technical_64,aten::item,[[]],15,3.0,0.011170000000023605,0.002234000000004721,0.0032771549082530405
technical_64,aten::ge,"[[1, 1, 109, 1], []]",5,1.0,0.011167000000013331,0.0022334000000026662,0.003276274741309584
technical_64,aten::log,"[[1, 3]]",5,1.0,0.011041999999957626,0.002208399999991525,0.003239601118774819
technical_64,aten::transpose,"[[109, 1, 768], [], []]",10,2.0,0.010999999999941792,0.0021999999999883584,0.0032272787816039848
technical_64,aten::transpose,"[[768, 3072], [], []]",10,2.0,0.010960000000079163,0.0021920000000158328,0.0032155432224383928
technical_64,aten::copy_,"[[1, 3], [1, 3], []]",10,2.0,0.010376000000003842,0.0020752000000007686,0.0030442040580102307
technical_64,aten::sub,"[[1], [1], []]",5,1.0,0.010375000000043657,0.0020750000000087313,0.003043910669041764
technical_64,aten::select,"[[3, 768], [], []]",5,1.0,0.010334000000002562,0.0020668000000005123,0.0030318817208436657
technical_64,aten::_to_copy,"[[1, 3], [], [], [], [], [], []]",5,1.0,0.010205000000089058,0.0020410000000178116,0.002994034542430032
technical_64,aten::div,"[[1], [1]]",5,1.0,0.01016599999999744,0.002033199999999488,0.002982592372177405
technical_64,aten::_softmax,"[[1, 3], [], []]",5,1.0,0.009999000000025262,0.0019998000000050523,0.002933596412500957
technical_64,aten::unsqueeze,"[[32], []]",10,2.0,0.009918000000006259,0.001983600000001252,0.002909831905103445
technical_64,aten::select,"[[1, 109], [], []]",10,2.0,0.009792000000042435,0.001958400000008487,0.00287286489361549
technical_64,aten::resize_,"[[0], [], []]",25,5.0,0.00962499999995373,0.001924999999990746,0.002823868933904854
technical_64,aten::abs,"[[1, 1, 109, 109]]",5,1.0,0.009500999999999976,0.0019001999999999953,0.0027874887003801487
technical_64,aten::copy_,"[[1, 1, 109], [1, 1, 109], []]",10,2.0,0.009498000000008005,0.0018996000000016011,0.002786608533442062
technical_64,aten::as_strided,"[[1, 109, 768], [], [], []]",35,7.0,0.009374000000054365,0.001874800000010873,0.0027502282999173904
technical_64,aten::narrow,"[[1, 109, 64], [], [], []]",10,2.0,0.009167999999961467,0.0018335999999922934,0.002689790169979776
technical_64,aten::gelu,"[[1, 256], []]",5,1.0,0.008916999999943073,0.0017833999999886147,0.0026161495359573904
technical_64,aten::to,"[[1, 109], [], [], [], []]",5,1.0,0.008833999999973457,0.0017667999999946913,0.0025917982506140727
technical_64,aten::view,"[[1, 109, 3072], []]",10,2.0,0.008831999999994879,0.0017663999999989756,0.0025912114726600625
technical_64,aten::view,"[[109, 1, 12, 64], []]",10,2.0,0.008751999999964028,0.0017503999999928057,0.0025677403542392224
technical_64,aten::as_strided,"[[1, 109], [], [], []]",50,10.0,0.0087500000000158,0.00175000000000316,0.0025671535762941174
technical_64,aten::__and__,"[[], [1, 1, 109, 109]]",10,2.0,0.008417000000088364,0.0016834000000176728,0.002469455045926333
technical_64,aten::as_strided,"[[768], [], [], []]",55,11.0,0.008377000000094996,0.0016754000000189992,0.0024577194867223835
technical_64,aten::copy_,"[[109], [109], []]",5,1.0,0.008122999999994931,0.0016245999999989862,0.0023831986857355937
technical_64,aten::clamp_min,"[[1, 3], []]",5,1.0,0.0080849999999773,0.00161699999999546,0.0023720499044848206
technical_64,aten::clone,"[[1, 3], []]",5,1.0,0.008084000000017112,0.0016168000000034224,0.002371756515516354
technical_64,aten::zero_,"[[1, 109]]",15,3.0,0.00804000000008091,0.001608000000016182,0.0023588474004085868
technical_64,aten::fill_,"[[1, 109], []]",5,1.0,0.0079560000000385,0.0015912000000077,0.0023342027260637656
technical_64,aten::div,"[[1], []]",5,1.0,0.0077929999999905705,0.0015585999999981142,0.0022863803222856823
technical_64,aten::t,"[[3072, 768]]",10,2.0,0.007750999999974738,0.0015501999999949477,0.0022740579851148477
technical_64,aten::as_strided,"[[768, 3072], [], [], []]",10,2.0,0.007706999999965774,0.0015413999999931548,0.0022611488699857333
technical_64,aten::narrow,"[[2304], [], [], []]",30,6.0,0.007668000000194297,0.0015336000000388595,0.0022497066998270325
technical_64,aten::linear,"[[1, 3, 768], [1, 768], [1]]",5,1.0,0.0076250000000145516,0.0015250000000029103,0.00223709097362796
technical_64,aten::clamp,"[[1], [], []]",5,1.0,0.007501000000120257,0.0015002000000240514,0.0022007107401206994
technical_64,aten::_local_scalar_dense,[[]],15,3.0,0.00749899999995364,0.001499799999990728,0.0022001239621115207
technical_64,aten::dropout,"[[1, 109, 768], [], []]",25,5.0,0.007252000000081693,0.0014504000000163386,0.00212765688405269
technical_64,aten::neg,[[1]],5,1.0,0.006957999999984168,0.0013915999999968335,0.0020414005238607504
technical_64,aten::as_strided,"[[1], [], [], []]",45,9.0,0.006837999999902763,0.0013675999999805525,0.002006193846219183
technical_64,aten::view,"[[1, 32, 1], []]",10,2.0,0.00683000000003608,0.001366000000007216,0.0020038467344171175
technical_64,aten::unsqueeze,"[[1, 32], []]",10,2.0,0.006790999999964697,0.0013581999999929394,0.0019924045641704275
technical_64,aten::softmax,"[[1, 3], [], []]",5,1.0,0.006749999999956344,0.0013499999999912688,0.0019803756159819347
technical_64,aten::view,"[[1, 3, 768], []]",10,2.0,0.006667000000044936,0.0013334000000089872,0.001956024330655695
technical_64,aten::unsqueeze,"[[1, 1], []]",10,2.0,0.006417000000033113,0.0012834000000066226,0.0018826770856153838
technical_64,aten::transpose,"[[3072, 768], [], []]",10,2.0,0.006332000000053085,0.001266400000010617,0.0018577390223087171
technical_64,aten::select,"[[1, 3], [], []]",10,2.0,0.006165000000070222,0.0012330000000140445,0.0018087430626291341
technical_64,aten::select,"[[1, 32, 109], [], []]",10,2.0,0.00616500000003839,0.001233000000007678,0.0018087430626197948
technical_64,aten::is_nonzero,[[]],10,2.0,0.006121999999963237,0.0012243999999926474,0.0017961273364514086
technical_64,aten::copy_,"[[1], [1], []]",5,1.0,0.0060410000000265425,0.0012082000000053085,0.0017723628290780451
technical_64,aten::to,"[[1, 109], [], [], [], [], []]",10,2.0,0.006000999999940746,0.001200199999988149,0.0017606272698469784
technical_64,aten::masked_fill_,"[[1, 3], [1, 3], []]",5,1.0,0.005959000000017113,0.0011918000000034226,0.0017483049327031942
technical_64,aten::fill_,"[[109], []]",5,1.0,0.005916000000014606,0.0011832000000029212,0.001735689206556122
technical_64,aten::as_strided,"[[1, 32, 1], [], [], []]",30,6.0,0.005877999999968097,0.0011755999999936194,0.0017245404252968766
technical_64,aten::expand,"[[3072], [], []]",10,2.0,0.005832999999955063,0.0011665999999910127,0.0017113379211864213
technical_64,aten::_to_copy,"[[1], [], [], [], [], [], []]",5,1.0,0.0058320000000530855,0.001166400000010617,0.0017110445322350322
technical_64,aten::slice,"[[1, 109, 64], [], [], [], []]",10,2.0,0.005748000000005732,0.0011496000000011464,0.0016863998578887603
technical_64,aten::detach,"[[1, 3]]",10,2.0,0.005667000000103144,0.0011334000000206288,0.001662635350525403
technical_64,aten::unsqueeze,"[[1, 1, 1], []]",10,2.0,0.005666000000051553,0.0011332000000103108,0.0016623419615301198
technical_64,aten::as_strided,"[[1, 1, 109], [], [], []]",40,8.0,0.005458999999973684,0.0010917999999947368,0.0016016104426167682
technical_64,aten::fill_,"[[1, 1], []]",25,5.0,0.005125999999943019,0.0010251999999886037,0.0015039119122186974
technical_64,aten::expand,"[[1, 1, 109], [], []]",10,2.0,0.0051210000000469335,0.0010242000000093867,0.0015024449673484478
technical_64,aten::as_strided,"[[1, 3], [], [], []]",15,3.0,0.005042999999946915,0.001008599999989383,0.0014795606268676086
technical_64,aten::new_empty,"[[1, 1, 109, 1], [], [], [], [], []]",10,2.0,0.004957000000001017,0.0009914000000002033,0.001454329174590808
technical_64,aten::_unsafe_view,"[[1, 32, 109], []]",10,2.0,0.004875999999974738,0.0009751999999949477,0.0014305646671911609
technical_64,aten::copy_,"[[3, 1], [3, 1], []]",5,1.0,0.004833999999973458,0.0009667999999946915,0.0014182423300245957
technical_64,aten::to,"[[1, 1, 109], [], [], [], []]",10,2.0,0.0048330000000314614,0.0009666000000062922,0.0014179489410614662
technical_64,aten::copy_,"[[1, 256], [1, 256], []]",5,1.0,0.004791999999986729,0.0009583999999973458,0.0014059199928623
technical_64,aten::view,"[[1, 1, 1, 109], []]",15,3.0,0.004750999999958821,0.0009501999999917642,0.0013938910446680702
technical_64,aten::as_strided,"[[1, 32, 109], [], [], []]",20,4.0,0.004582999999969616,0.0009165999999939231,0.001344601696006479
technical_64,aten::to,"[[1, 3], [], [], [], [], [], [], []]",20,4.0,0.004372000000005641,0.0008744000000011282,0.0012826966212059537
technical_64,aten::as_strided,"[[1, 3, 1], [], [], []]",10,2.0,0.00429299999999057,0.000858599999998114,0.0012595188917698898
technical_64,aten::expand,"[[1, 1, 1, 109], [], []]",10,2.0,0.004292000000059488,0.0008584000000118975,0.0012592255028099622
technical_64,aten::select,"[[1, 109, 768], [], []]",5,1.0,0.004208999999958905,0.0008417999999917811,0.0012348742174282208
technical_64,aten::_softmax,"[[1, 2], [], []]",5,1.0,0.004166000000026543,0.0008332000000053086,0.0012222584913017278
technical_64,aten::linear,"[[1, 772], [256, 772], [256]]",5,1.0,0.0041249999999854485,0.0008249999999970897,0.0012102295431036289
technical_64,aten::select,"[[1, 1, 109], [], []]",10,2.0,0.004085999999982277,0.0008171999999964554,0.0011987873728769513
technical_64,aten::view,"[[3], []]",10,2.0,0.004042999999976018,0.0008085999999952036,0.0011861716467287781
technical_64,aten::select,"[[1, 32, 1], [], []]",10,2.0,0.00404200000003425,0.00080840000000685,0.0011858782577657153
technical_64,aten::dropout,"[[1, 109, 3072], [], []]",10,2.0,0.003998999999967054,0.0007997999999934108,0.001173262531599664
technical_64,aten::to,"[[1, 109, 64], [], [], [], []]",20,4.0,0.003918999999952348,0.0007837999999904695,0.0011497914131835597
technical_64,aten::resolve_conj,"[[109, 1152]]",110,22.0,0.003915000000039072,0.0007830000000078144,0.001148617857288414
technical_64,aten::as_strided,"[[3072, 768], [], [], []]",10,2.0,0.00375099999998929,0.000750199999997858,0.00110050206452964
technical_64,aten::copy_,"[[3], [], []]",5,1.0,0.0036240000000265127,0.0007248000000053026,0.001063241664061845
technical_64,aten::as_strided,"[[2304], [], [], []]",30,6.0,0.00358000000003085,0.00071600000000617,0.001050332548936633
technical_64,aten::reshape,"[[1, 32, 1], []]",10,2.0,0.0034609999999761385,0.0006921999999952277,0.0010154192602830445
technical_64,aten::linear,"[[1, 256], [2, 256], [2]]",5,1.0,0.0034159999999537833,0.0006831999999907567,0.001002216756169854
technical_64,aten::to,"[[1], [], [], [], []]",10,2.0,0.003333999999857042,0.0006667999999714084,0.000978158859769387
technical_64,aten::reshape,"[[1, 109], []]",5,1.0,0.0032489999999841075,0.0006497999999968215,0.0009532207964941401
technical_64,aten::empty_like,"[[1, 3], [], [], [], [], []]",5,1.0,0.0032069999999948776,0.0006413999999989755,0.0009408984593311105
technical_64,aten::as_strided,"[[], [], [], []]",15,3.0,0.0031669999999867286,0.0006333999999973458,0.0009291629001228249
technical_64,aten::view,"[[1, 1, 109], []]",10,2.0,0.0031660000000106265,0.0006332000000021252,0.0009288695111496889
technical_64,aten::t,"[[2, 256]]",5,1.0,0.0030849999999336434,0.0006169999999867286,0.000905105003735166
technical_64,aten::copy_,"[[1, 2], [1, 2], []]",5,1.0,0.0030840000000025613,0.0006168000000005122,0.0009048116147752383
technical_64,aten::t,"[[256, 772]]",5,1.0,0.003082000000111293,0.0006164000000222586,0.0009042248368468443
technical_64,aten::t,"[[1, 768]]",5,1.0,0.003042999999932363,0.0006085999999864726,0.0008927826665686007
technical_64,aten::copy_,"[[109], [], []]",5,1.0,0.002999999999985448,0.0005999999999970896,0.0008801669404378385
technical_64,aten::transpose,"[[256, 772], [], []]",5,1.0,0.002999999999985448,0.0005999999999970896,0.0008801669404378385
technical_64,aten::expand,"[[1, 1, 1, 1], [], []]",5,1.0,0.0029999999999577084,0.0005999999999915417,0.0008801669404297001
technical_64,aten::transpose,"[[1, 768], [], []]",5,1.0,0.002959000000031665,0.000591800000006333,0.0008681379922653559
technical_64,aten::as_strided,"[[1, 768], [], [], []]",15,3.0,0.0029559999999473805,0.0005911999999894761,0.0008672578253001856
technical_64,aten::as_strided,"[[32], [], [], []]",10,2.0,0.002914999999993597,0.0005829999999987194,0.0008552288771277029
technical_64,aten::transpose,"[[2, 256], [], []]",5,1.0,0.0028320000000239816,0.0005664000000047963,0.0008308775917843858
technical_64,aten::select,"[[256000, 768], [], []]",5,1.0,0.0027489999999537533,0.0005497999999907507,0.0008065263064115499
technical_64,aten::as_strided,"[[109], [], [], []]",15,3.0,0.002708000000015886,0.0005416000000031772,0.0007944973582437368
technical_64,aten::_reshape_alias,"[[1, 1, 1, 109], [], []]",5,1.0,0.002706999999996242,0.0005413999999992484,0.0007942039692578261
technical_64,aten::log,[[1]],5,1.0,0.0025829999999841674,0.0005165999999968335,0.0007578237357160098
technical_64,aten::copy_,"[[3], [3], []]",5,1.0,0.0024990000000120745,0.0004998000000024148,0.0007331790613918183
technical_64,aten::reshape,"[[1, 1, 109], []]",10,2.0,0.0024580000000316887,0.0004916000000063377,0.0007211501132115308
technical_64,aten::as_strided,"[[109, 1, 768], [], [], []]",10,2.0,0.0024579999999841673,0.0004915999999968335,0.0007211501131975886
technical_64,aten::detach_,[[109]],5,1.0,0.0024179999999430495,0.0004835999999886099,0.0007094145539796302
technical_64,aten::select,"[[1, 768], [], []]",5,1.0,0.0024160000000410945,0.0004832000000082189,0.0007088277760481009
technical_64,aten::to,"[[109], [], [], [], [], []]",5,1.0,0.0024160000000265427,0.00048320000000530856,0.0007088277760438315
technical_64,aten::to,"[[1, 32, 1], [], [], [], [], []]",10,2.0,0.0023349999999747978,0.00046699999999495957,0.0006850632686367132
technical_64,aten::as_strided,"[[1, 1, 1], [], [], []]",10,2.0,0.0022499999999577086,0.0004499999999915417,0.000660125205319173
technical_64,aten::to,"[[1, 1, 109, 109], [], [], [], [], [], [], []]",10,2.0,0.0022099999999745704,0.00044199999999491407,0.0006483896461182254
technical_64,aten::as_strided,"[[1, 1, 1, 1], [], [], []]",5,1.0,0.0022090000000448526,0.00044180000000897053,0.000648096257158698
technical_64,aten::to,"[[1, 109], [], [], [], [], [], [], []]",10,2.0,0.0022079999999841675,0.0004415999999968335,0.0006478028681607463
technical_64,aten::as_strided,"[[1, 2], [], [], []]",15,3.0,0.002168999999994412,0.0004337999999988824,0.0006363606979380046
technical_64,aten::__and__,"[[1, 1, 109, 109], [1, 1, 109, 1]]",5,1.0,0.0021249999999881767,0.00042499999999763533,0.0006234515828096908
technical_64,aten::expand,"[[256], [], []]",5,1.0,0.0021239999999379507,0.00042479999998759014,0.0006231581938148078
technical_64,aten::fill_,"[[3], []]",5,1.0,0.002082999999968365,0.00041659999999367296,0.0006111292456376889
technical_64,aten::select,"[[109, 768], [], []]",5,1.0,0.0020010000000474973,0.0004002000000094995,0.0005870713492888212
technical_64,aten::view,"[[3, 768], []]",5,1.0,0.0019999999999563444,0.0003999999999912689,0.0005867779602819305
technical_64,aten::expand,"[[1], [], []]",5,1.0,0.0019989999999961584,0.0003997999999992317,0.0005864845713134642
technical_64,aten::__and__,"[[1, 1, 109, 109], [1, 1, 1, 109]]",5,1.0,0.0019979999999513894,0.00039959999999027786,0.000586191182320182
technical_64,aten::as_strided,"[[1, 1, 1, 109], [], [], []]",10,2.0,0.0019599999999772993,0.0003919999999954599,0.0005750424010821835
technical_64,aten::expand,"[[2], [], []]",5,1.0,0.0019569999999948778,0.00039139999999897556,0.0005741622341468988
technical_64,aten::detach_,[[1]],10,2.0,0.0019199999999508464,0.0003839999999901693,0.0005633068418685279
technical_64,aten::view,"[[1, 109], []]",5,1.0,0.001917000000014582,0.0003834000000029164,0.0005624266749467851
technical_64,aten::resolve_conj,"[[109, 3072]]",20,4.0,0.001834000000046217,0.0003668000000092434,0.0005380753896038348
technical_64,aten::as_strided,"[[3, 768], [], [], []]",5,1.0,0.001665999999982887,0.00033319999999657736,0.0004887860409204964
technical_64,aten::as_strided,"[[3072], [], [], []]",10,2.0,0.0016250000000436558,0.0003250000000087312,0.0004767570927522832
technical_64,aten::as_strided,"[[256, 772], [], [], []]",5,1.0,0.001624999999985448,0.0003249999999970896,0.00047675709273520576
technical_64,aten::view,"[[3, 1], []]",5,1.0,0.0015840000000025612,0.00031680000000051223,0.00046472814455418435
technical_64,aten::softmax,"[[1, 2], [], []]",5,1.0,0.0015419999999867287,0.0003083999999973457,0.00045240580738334975
technical_64,aten::lift_fresh,[[109]],5,1.0,0.0014180000000038717,0.00028360000000077435,0.00041602557385010555
technical_64,aten::as_strided,"[[1, 32], [], [], []]",10,2.0,0.0014170000000158325,0.00028340000000316647,0.0004157321848734674
technical_64,aten::as_strided,"[[2, 256], [], [], []]",5,1.0,0.001334000000017113,0.0002668000000034226,0.00039138089952161137
technical_64,aten::as_strided,"[[1, 1], [], [], []]",10,2.0,0.0013329999999974688,0.00026659999999949376,0.00039108751053570066
technical_64,aten::detach,"[[1, 2]]",5,1.0,0.0011650000000663567,0.00023300000001327134,0.00034179816189115357
technical_64,aten::detach_,[[3]],5,1.0,0.001123999999982857,0.00022479999999657142,0.0003297692136806135
technical_64,aten::to,"[[1, 2], [], [], [], [], [], [], []]",10,2.0,0.0010860000000684521,0.00021720000001369043,0.0003186204324601262
technical_64,aten::to,"[[1], [], [], [], [], [], [], []]",5,1.0,0.0010000000000278532,0.00020000000000557064,0.00029338898015554115
technical_64,aten::to,"[[1, 768], [], [], [], []]",5,1.0,0.0009999999999417922,0.00019999999998835844,0.0002933889801302918
technical_64,aten::to,"[[1, 1, 1, 109], [], [], [], [], [], [], []]",5,1.0,0.0009170000000276559,0.00018340000000553118,0.0002690376948032516
technical_64,aten::to,"[[1, 2], [], [], [], []]",5,1.0,0.0009169999999867287,0.00018339999999734572,0.000269037694791244
technical_64,aten::resolve_conj,"[[1, 32, 1]]",10,2.0,0.0009169999999562605,0.0001833999999912521,0.00026903769478230495
technical_64,aten::to,"[[1, 1, 109, 1], [], [], [], [], [], [], []]",5,1.0,0.0009159999999671982,0.00018319999999343964,0.0002687443058053666
technical_64,aten::resolve_conj,"[[3, 768]]",10,2.0,0.0008770000000367873,0.00017540000000735746,0.00025730213560003586
technical_64,aten::to,"[[1, 772], [], [], [], []]",5,1.0,0.0008310000000637956,0.0001662000000127591,0.00024380624252118082
technical_64,aten::as_strided,"[[256000, 768], [], [], []]",5,1.0,0.0007920000000291339,0.00015840000000582677,0.000232364072285264
technical_64,aten::fill_,"[[], []]",10,2.0,0.0006660000000108539,0.00013320000000217077,0.00019539706078133237
technical_64,aten::as_strided,"[[2], [], [], []]",5,1.0,0.000625,0.000125,0.0001833681125921058
technical_64,aten::zero_,"[[1, 3]]",10,2.0,0.0006230000000334712,0.00012460000000669424,0.00018278133464163116
technical_64,aten::as_strided,"[[256], [], [], []]",5,1.0,0.000584000000031665,0.000116800000006333,0.00017133916441535382
technical_64,aten::resolve_conj,"[[1, 256]]",10,2.0,0.0005829999999696156,0.00011659999999392313,0.00017104577541700186
technical_64,aten::as_strided,"[[109, 768], [], [], []]",5,1.0,0.000540999999968335,0.00010819999999366701,0.00015872343825043664
technical_64,aten::resolve_neg,"[[1, 3]]",5,1.0,0.0005400000000081491,0.00010800000000162982,0.00015843004928197028
technical_64,aten::to,"[[1], [], [], [], [], []]",10,2.0,0.000501000000048748,0.0001002000000097496,0.00014698787906813416
technical_64,aten::to,"[[1, 3, 768], [], [], [], []]",5,1.0,0.00045899999995890537,9.179999999178108e-05,0.00013466554187558578
technical_64,aten::resolve_conj,"[[1, 2]]",10,2.0,0.0004169999999576248,8.339999999152496e-05,0.00012234320470902059
technical_64,aten::resolve_conj,"[[32, 109]]",10,2.0,0.00041599999998038584,8.319999999607717e-05,0.00012204981573555106
technical_64,aten::lift_fresh,[[1]],10,2.0,0.00037600000000259117,7.520000000051823e-05,0.00011031425653617106
technical_64,aten::to,"[[3], [], [], [], [], []]",5,1.0,0.0003750000000012506,7.500000000025012e-05,0.00011002086755563038
technical_64,aten::resolve_conj,"[[1, 109]]",10,2.0,0.0003749999999431566,7.499999998863132e-05,0.00011002086753858625
technical_64,aten::lift_fresh,[[]],10,2.0,0.0003730000000080054,7.460000000160108e-05,0.00010943408959731744
technical_64,aten::resolve_conj,"[[1, 1, 109]]",10,2.0,0.0003330000000146356,6.660000000292712e-05,9.76985303933679e-05
technical_64,aten::resolve_conj,"[[1, 3]]",5,1.0,0.00020900000001711306,4.180000000342261e-05,6.131829685582096e-05
technical_64,aten::resolve_conj,"[[3, 1]]",5,1.0,0.00020800000005692708,4.160000001138542e-05,6.10249078873546e-05
technical_64,aten::resolve_conj,"[[32, 1]]",10,2.0,0.00020700000002398157,4.140000000479631e-05,6.073151889754136e-05
technical_64,aten::resolve_conj,"[[1, 772]]",5,1.0,0.00020700000002398157,4.140000000479631e-05,6.073151889754136e-05
technical_64,aten::resolve_neg,"[[1, 2]]",5,1.0,0.00016799999990325888,3.359999998065178e-05,4.928934863637525e-05
technical_64,aten::resolve_conj,"[[768, 1]]",5,1.0,0.0001660000000265427,3.320000000530854e-05,4.870257071225064e-05
technical_64,aten::lift_fresh,[[3]],5,1.0,0.0001640000000188593,3.2800000003771856e-05,4.811579274970167e-05
technical_128,aten::mm,"[[173, 768], [768, 2304]]",220,44.0,174.49873600000018,34.899747200000036,41.163415828207626
technical_128,aten::mm,"[[173, 1152], [1152, 768]]",110,22.0,48.031412999999546,9.60628259999991,11.330380216251868
technical_128,aten::mm,"[[173, 768], [768, 768]]",110,22.0,29.58616099999973,5.917232199999946,6.979233637562203
technical_128,aten::_scaled_dot_product_flash_attention_for_cpu,"[[1, 12, 173, 64], [1, 12, 173, 64], [1, 12, 173, 64], [], [], [1, 1, 173, 173], []]",70,14.0,24.440360000000386,4.8880720000000775,5.765363834332343
technical_128,aten::mul,"[[1, 12, 173, 64], [1, 1, 173, 64]]",440,88.0,14.508763000000371,2.901752600000074,3.422547682648702
technical_128,aten::addmm,"[[768], [173, 3072], [3072, 768], [], []]",10,2.0,13.905590999999971,2.781118199999994,3.2802622975445486
technical_128,aten::gelu,"[[1, 173, 1152], []]",110,22.0,13.21342700000013,2.642685400000026,3.1169841259862805
technical_128,aten::_scaled_dot_product_flash_attention_for_cpu,"[[1, 12, 173, 64], [1, 12, 173, 64], [1, 12, 173, 64], [], [], [], []]",40,8.0,11.77405999999994,2.354811999999988,2.7774443464522474
technical_128,aten::addmm,"[[3072], [173, 768], [768, 3072], [], []]",10,2.0,11.71638599999994,2.3432771999999877,2.7638393261587133
technical_128,aten::addmm,"[[768], [173, 768], [768, 768], [], []]",40,8.0,10.858895000000556,2.1717790000001114,2.561561307354496
technical_128,aten::native_layer_norm,"[[1, 173, 768], [], [768], [], []]",225,45.0,10.546573000000388,2.1093146000000775,2.4878860438368022
technical_128,aten::cat,"[[], []]",240,48.0,10.382592000000166,2.076518400000033,2.449203711542232
technical_128,aten::add,"[[1, 173, 768], [1, 173, 768], []]",240,48.0,8.134839000000165,1.626967800000033,1.9189695474500572
technical_128,aten::add,"[[1, 12, 173, 64], [1, 12, 173, 64], []]",220,44.0,5.896258999999951,1.17925179999999,1.3908992501115274
technical_128,aten::neg,"[[1, 12, 173, 32]]",220,44.0,5.282385000000383,1.0564770000000767,1.246089314479058
technical_128,aten::mul,"[[1, 173, 1152], [1, 173, 1152]]",110,22.0,4.936315000000108,0.9872630000000215,1.1644530594423501
technical_128,aten::_scaled_dot_product_flash_attention_for_cpu,"[[1, 12, 173, 64], [1, 12, 173, 64], [1, 12, 173, 64], [], [], [1, 1, 1, 173], []]",10,2.0,3.6275929999999645,0.7255185999999929,0.855731809510033
technical_128,aten::where,"[[1, 1, 173, 173], [], []]",140,28.0,1.4306839999998757,0.28613679999997516,0.3374915014327565
technical_128,aten::slice,"[[1, 12, 173, 64], [], [], [], []]",880,176.0,1.261751000000926,0.2523502000001852,0.2976410160626886
technical_128,aten::copy_,"[[173, 768], [173, 768], []]",50,10.0,1.1742239999996529,0.23484479999993058,0.2769938160895728
technical_128,aten::native_layer_norm,"[[1, 173, 768], [], [768], [768], []]",20,4.0,0.9713090000002267,0.19426180000004534,0.22912713972145793
technical_128,aten::empty,"[[], [], [], [], [], []]",1285,257.0,0.8108319999994988,0.16216639999989976,0.19127138423969187
technical_128,aten::clamp_min,"[[1, 173, 3072], []]",10,2.0,0.6887369999999937,0.13774739999999874,0.16246975867648658
technical_128,aten::addmm,"[[768], [3, 768], [768, 768], [], []]",5,1.0,0.6176939999999013,0.12353879999998026,0.14571105533156864
technical_128,aten::scaled_dot_product_attention,"[[1, 12, 173, 64], [1, 12, 173, 64], [1, 12, 173, 64], [1, 1, 173, 173], [], [], [], []]",70,14.0,0.5420289999996694,0.10840579999993387,0.127862044329845
technical_128,aten::as_strided,"[[1, 12, 173, 64], [], [], []]",1480,296.0,0.4929829999997169,0.09859659999994339,0.11629232790102045
technical_128,aten::copy_,"[[173, 3072], [173, 3072], []]",10,2.0,0.4890289999999804,0.09780579999999608,0.1153595982440338
technical_128,aten::transpose,"[[1, 173, 12, 64], [], []]",450,90.0,0.45276099999987174,0.09055219999997435,0.10680415079791644
technical_128,aten::layer_norm,"[[1, 173, 768], [], [768], [], [], []]",225,45.0,0.4455310000000786,0.08910620000001572,0.10509862843568324
technical_128,aten::matmul,"[[1, 173, 768], [768, 2304]]",220,44.0,0.4263669999994745,0.0852733999998949,0.10057793264705224
technical_128,aten::split,"[[1, 173, 2304], [], []]",110,22.0,0.4082000000000362,0.08164000000000723,0.09629242438223633
technical_128,aten::select,"[[1, 173, 3, 12, 64], [], []]",330,66.0,0.39732300000014403,0.0794646000000288,0.09372659219214544
technical_128,aten::transpose,"[[1, 12, 173, 64], [], []]",590,118.0,0.3789819999998176,0.07579639999996352,0.08940003816072488
technical_128,aten::narrow,"[[1, 12, 173, 64], [], [], []]",440,88.0,0.3785980000000645,0.0757196000000129,0.08930945440046276
technical_128,aten::unbind,"[[1, 173, 3, 12, 64], []]",110,22.0,0.3644099999998097,0.07288199999996195,0.08596257317273227
technical_128,aten::unsqueeze,"[[1, 173, 64], []]",220,44.0,0.29874899999977106,0.05974979999995421,0.07047345784356719
technical_128,aten::cos,"[[1, 173, 64]]",10,2.0,0.29153699999987087,0.058307399999974176,0.06877218159507377
technical_128,aten::to,"[[1, 12, 173, 64], [], [], [], []]",660,132.0,0.28223999999940913,0.05644799999988183,0.06657906383533335
technical_128,aten::narrow,"[[1, 173, 2304], [], [], []]",220,44.0,0.2702309999996332,0.05404619999992664,0.06374619826849212
technical_128,aten::chunk,"[[1, 173, 2304], [], []]",110,22.0,0.2611950000001407,0.05223900000002814,0.061614649158573086
technical_128,aten::matmul,"[[1, 173, 1152], [1152, 768]]",110,22.0,0.24564599999933398,0.0491291999998668,0.057946714551035276
technical_128,aten::t,"[[2304, 768]]",220,44.0,0.2362900000000518,0.04725800000001036,0.055739678974232244
technical_128,aten::matmul,"[[1, 173, 768], [768, 768]]",110,22.0,0.22908099999957213,0.045816199999914424,0.05403911041122964
technical_128,aten::empty_strided,"[[], [], [], [], [], []]",200,40.0,0.2216669999999762,0.044333399999995235,0.052290183330556086
technical_128,aten::sin,"[[1, 173, 64]]",10,2.0,0.2189119999999275,0.0437823999999855,0.051640292029287785
technical_128,aten::index_select,"[[256000, 768], [], [173]]",5,1.0,0.21678699999994352,0.04335739999998871,0.051139014709810346
technical_128,aten::slice,"[[1, 173, 2304], [], [], [], []]",220,44.0,0.20933700000052158,0.04186740000010432,0.04938159540164783
technical_128,aten::scaled_dot_product_attention,"[[1, 12, 173, 64], [1, 12, 173, 64], [1, 12, 173, 64], [], [], [], [], []]",40,8.0,0.20366299999957116,0.04073259999991423,0.04804312598460649
technical_128,aten::transpose,"[[2304, 768], [], []]",220,44.0,0.20187200000007488,0.04037440000001498,0.047620637665106075
technical_128,aten::linear,"[[1, 173, 768], [2304, 768], []]",220,44.0,0.19949400000001355,0.03989880000000271,0.04705967885769098
technical_128,aten::view,"[[173], []]",490,98.0,0.19549099999986622,0.03909819999997324,0.04611539033535819
technical_128,aten::transpose,"[[768, 1152], [], []]",110,22.0,0.19145100000023468,0.03829020000004694,0.045162373690407875
technical_128,aten::t,"[[768, 1152]]",110,22.0,0.18354299999988785,0.03670859999997757,0.043296914376228395
technical_128,aten::scalar_tensor,"[[], [], [], [], []]",160,32.0,0.17557699999989201,0.035115399999978404,0.04141777314000002
technical_128,aten::view,"[[1, 173, 768], []]",350,70.0,0.17353600000000913,0.034707200000001825,0.040936311018116525
technical_128,aten::addmm,"[[256], [1, 772], [772, 256], [], []]",5,1.0,0.17328599999992003,0.034657199999984005,0.04087733721580359
technical_128,aten::empty_like,"[[1, 12, 173, 64], [], [], [], [], []]",120,24.0,0.16107499999995384,0.032214999999990765,0.03799682081666562
technical_128,aten::linear,"[[1, 173, 768], [768, 768], []]",110,22.0,0.15816200000014574,0.03163240000002915,0.03730965807240558
technical_128,aten::bitwise_and,"[[], [1, 1, 173, 173]]",10,2.0,0.15628800000003457,0.031257600000006915,0.03686759045039919
technical_128,aten::t,"[[768, 768]]",155,31.0,0.15296500000005295,0.03059300000001059,0.036083710670339476
technical_128,aten::as_strided,"[[1, 173, 12, 64], [], [], []]",450,90.0,0.1475930000000203,0.029518600000004058,0.03481648160668326
technical_128,aten::as_strided,"[[1, 173, 3, 12, 64], [], [], []]",330,66.0,0.13941799999996146,0.027883599999992292,0.03288803827172398
technical_128,aten::view,"[[1, 173, 12, 64], []]",110,22.0,0.1391240000001303,0.027824800000026063,0.03281868508026852
technical_128,aten::add,"[[1, 173, 768], [1, 1, 768], []]",5,1.0,0.13653899999998975,0.02730779999999795,0.032208895964537035
technical_128,aten::linear,"[[1, 173, 1152], [768, 1152], []]",110,22.0,0.12999900000025355,0.02599980000005071,0.03066614129664294
technical_128,aten::native_layer_norm,"[[1, 3, 768], [], [768], [768], []]",5,1.0,0.12570199999994658,0.025140399999989314,0.0296524995827772
technical_128,aten::reshape,"[[1, 173, 768], []]",330,66.0,0.12091800000036484,0.02418360000007297,0.02852397690221792
technical_128,aten::view,"[[1, 173, 2304], []]",110,22.0,0.12053900000027033,0.024107800000054067,0.02843457261792109
technical_128,aten::view,"[[1, 173, 1152], []]",110,22.0,0.11819999999982157,0.023639999999964315,0.027882813723572132
technical_128,aten::as_strided,"[[2304, 768], [], [], []]",250,50.0,0.10711899999991648,0.021423799999983294,0.025268858910807983
technical_128,aten::_unsafe_view,"[[173, 2304], []]",220,44.0,0.10437600000003887,0.020875200000007775,0.02462179835209003
technical_128,aten::as_strided,"[[1, 173, 2304], [], [], []]",220,44.0,0.10421099999965737,0.020842199999931473,0.024582875642487373
technical_128,aten::reshape,"[[1, 173, 12, 64], []]",110,22.0,0.10311999999978207,0.020623999999956413,0.02432551396931491
technical_128,aten::transpose,"[[768, 768], [], []]",155,31.0,0.10278400000002373,0.020556800000004746,0.0242462531790916
technical_128,aten::_unsafe_view,"[[173, 768], []]",220,44.0,0.09212700000042287,0.018425400000084573,0.021732317935086277
technical_128,aten::bitwise_and,"[[1, 1, 173, 173], [1, 1, 173, 1]]",5,1.0,0.08837199999999235,0.01767439999999847,0.02084653142456026
technical_128,aten::as_strided,"[[768, 1152], [], [], []]",110,22.0,0.08007999999986531,0.016015999999973062,0.01889048835011228
technical_128,aten::scaled_dot_product_attention,"[[1, 12, 173, 64], [1, 12, 173, 64], [1, 12, 173, 64], [1, 1, 1, 173], [], [], [], []]",10,2.0,0.0788300000000163,0.01576600000000326,0.018595619338688356
technical_128,aten::reshape,"[[1, 173, 1152], []]",110,22.0,0.07822000000030038,0.015644000000060075,0.01845172326116312
technical_128,aten::le,"[[1, 1, 173, 173], []]",5,1.0,0.0776659999999988,0.015533199999999761,0.018321037315213104
technical_128,aten::transpose,"[[1, 173, 12], [], []]",120,24.0,0.07674700000028861,0.015349400000057722,0.018104249618056414
technical_128,aten::linear,"[[173, 1, 768], [768, 768], [768]]",30,6.0,0.07475399999992806,0.014950799999985612,0.01763411046610027
technical_128,aten::expand,"[[1, 1, 173, 173], [], []]",75,15.0,0.07462500000005388,0.014925000000010777,0.01760367998414733
technical_128,aten::linear,"[[1, 173, 3072], [768, 3072], [768]]",10,2.0,0.06882900000008521,0.013765800000017042,0.016236431351819115
technical_128,aten::mul,"[[1, 173, 64], []]",20,4.0,0.06658100000015474,0.013316200000030948,0.01570613892162668
technical_128,aten::eq,"[[1, 1, 1, 173], []]",10,2.0,0.0648739999998943,0.012974799999978859,0.015303465799516091
technical_128,aten::view,"[[173, 768], []]",55,11.0,0.06279200000017715,0.01255840000003543,0.014812331974095802
technical_128,aten::resolve_conj,"[[173, 768]]",650,130.0,0.05989899999958287,0.011979799999916574,0.014129887133833658
technical_128,aten::sub,"[[1, 1, 173, 1], [1, 1, 1, 173], []]",5,1.0,0.05795599999999354,0.011591199999998709,0.013671542742517816
technical_128,aten::where,"[[1, 1, 1, 173], [], []]",20,4.0,0.05766599999999744,0.011533199999999489,0.013603133131860123
technical_128,aten::dropout,"[[1, 173, 1152], [], []]",110,22.0,0.05490299999994659,0.010980599999989318,0.012951354668917957
technical_128,aten::bmm,"[[1, 32, 1], [1, 1, 173]]",10,2.0,0.0528710000000458,0.01057420000000916,0.01247201560391273
technical_128,aten::as_strided,"[[768, 768], [], [], []]",155,31.0,0.048876999999867624,0.009775399999973525,0.011529850138455172
technical_128,aten::linear,"[[1, 173, 768], [3072, 768], [3072]]",10,2.0,0.047959000000118976,0.009591800000023794,0.011313298336498578
technical_128,aten::permute,"[[173, 1, 12, 64], []]",30,6.0,0.046122000000235856,0.009224400000047171,0.010879958837285209
technical_128,aten::as_strided,"[[1, 173, 64], [], [], []]",230,46.0,0.0454209999998759,0.00908419999997518,0.010714596295573786
technical_128,aten::_to_copy,"[[], [], [], [], [], [], []]",35,7.0,0.044994000000096776,0.008998800000019356,0.01061386904131131
technical_128,aten::view,"[[1, 1, 173, 173], []]",70,14.0,0.04241499999991537,0.008482999999983074,0.010005495296825194
technical_128,aten::index,"[[1, 173], []]",5,1.0,0.04128999999989424,0.008257999999978848,0.009740113186506619
technical_128,aten::sum,"[[1, 3], [], [], []]",10,2.0,0.04083199999992212,0.008166399999984423,0.00963207318071442
technical_128,aten::gather,"[[1, 173, 768], [], [1, 3, 768], []]",5,1.0,0.03887399999986519,0.007774799999973038,0.009170190361150765
technical_128,aten::arange,"[[], [], [], [0]]",25,5.0,0.03774800000004302,0.007549600000008603,0.00890457235566996
technical_128,aten::gelu,"[[1, 3, 768], []]",5,1.0,0.03766600000001199,0.007533200000002398,0.008885228948510895
technical_128,aten::transpose,"[[1, 173, 768], [], []]",30,6.0,0.037582999999998715,0.007516599999999743,0.008865649646146851
technical_128,aten::matmul,"[[1, 32, 1], [1, 1, 173]]",10,2.0,0.03725000000005048,0.007450000000010096,0.008787096541506239
technical_128,aten::layer_norm,"[[1, 173, 768], [], [768], [768], [], []]",20,4.0,0.03604300000000512,0.007208600000001024,0.008502371024030207
technical_128,aten::copy_,"[[], [], []]",35,7.0,0.03516800000007561,0.0070336000000151225,0.008295962716025155
technical_128,aten::abs,"[[1, 1, 173, 173], [0]]",5,1.0,0.03504000000000815,0.007008000000001629,0.008265768129235783
technical_128,aten::view,"[[173, 1, 768], []]",60,12.0,0.03486899999977322,0.006973799999954644,0.0082254300484127
technical_128,aten::unflatten,"[[173, 1, 768], [], []]",30,6.0,0.03416700000016135,0.006833400000032271,0.00805983161166858
technical_128,aten::relu,"[[1, 173, 3072]]",10,2.0,0.03337199999997392,0.006674399999994784,0.0078722949203361
technical_128,aten::index_select,"[[3, 768], [], [1]]",5,1.0,0.03237599999997474,0.006475199999994947,0.0076373432920053275
technical_128,aten::all,"[[1, 173]]",10,2.0,0.03212599999986764,0.006425199999973529,0.007578369489688158
technical_128,aten::as_strided,"[[1, 173, 12], [], [], []]",120,24.0,0.03208099999982324,0.006416199999964648,0.007567754205265138
technical_128,aten::_to_copy,"[[1, 173], [], [], [], [], [], []]",15,3.0,0.03158000000006632,0.006316000000013264,0.007449570705529495
technical_128,aten::expand,"[[768], [], []]",55,11.0,0.03125,0.00625,0.007371725286488531
technical_128,aten::split,"[[2304, 768], [], []]",10,2.0,0.030664999999818976,0.006132999999963795,0.007233726589082764
technical_128,aten::masked_fill_,"[[1, 173], [1, 173], []]",10,2.0,0.02995699999992212,0.005991399999984424,0.0070667127810164106
technical_128,aten::clamp,"[[1, 3], [], []]",5,1.0,0.029706999999994876,0.005941399999998975,0.007007738978741666
technical_128,aten::unsqueeze,"[[1, 173], []]",30,6.0,0.027918000000165193,0.005583600000033039,0.006585722449580948
technical_128,aten::copy_,"[[1, 173], [1, 173], []]",15,3.0,0.02716599999987841,0.005433199999975682,0.006408329252219237
technical_128,aten::view,"[[173, 3072], []]",10,2.0,0.0267050000000163,0.00534100000000326,0.006299581560825484
technical_128,aten::to,"[[], [], [], [], []]",115,23.0,0.02625000000020122,0.005250000000040244,0.006192249240697835
technical_128,aten::embedding,"[[256000, 768], [1, 173], [], [], []]",5,1.0,0.024709999999961495,0.004941999999992299,0.00582897061852313
technical_128,aten::linear,"[[1, 173, 768], [768, 768], [768]]",10,2.0,0.023081000000049243,0.004616200000009849,0.005444697322809755
technical_128,aten::zeros_like,"[[1, 173], [], [], [], [], []]",10,2.0,0.02299700000001758,0.004599400000003516,0.005424882125232204
technical_128,aten::narrow,"[[2304, 768], [], [], []]",30,6.0,0.022625000000130967,0.004525000000026194,0.005337129107448592
technical_128,aten::arange,"[[], [], [], [], []]",25,5.0,0.021831999999981463,0.004366399999996292,0.005150064206543392
technical_128,aten::topk,"[[1, 3], [], [], [], []]",5,1.0,0.021208000000027823,0.004241600000005565,0.0050028655960337245
technical_128,aten::expand,"[[1, 32, 1], [], []]",20,4.0,0.0201650000000991,0.00403300000001982,0.004756826892888697
technical_128,aten::addmm,"[[1], [3, 768], [768, 1], [], []]",5,1.0,0.019162999999971363,0.0038325999999942726,0.004520459893272596
technical_128,aten::resolve_conj,"[[173, 2304]]",220,44.0,0.01808500000030858,0.003617000000061716,0.004266164857869436
technical_128,aten::slice,"[[2304, 768], [], [], [], []]",30,6.0,0.017833999999958904,0.0035667999999917806,0.004206955160285873
technical_128,aten::sum,"[[1, 173], []]",5,1.0,0.01775,0.0035499999999999998,0.0041871399627254864
technical_128,aten::select,"[[1, 2], [], []]",15,3.0,0.017123000000079627,0.0034246000000159255,0.004039233666596164
technical_128,aten::bitwise_not,"[[1, 173]]",5,1.0,0.01704000000000815,0.0034080000000016298,0.00401965436421839
technical_128,aten::stack,"[[], []]",5,1.0,0.01696099999989383,0.003392199999978766,0.0040010186426671784
technical_128,aten::permute,"[[1, 12, 173, 64], []]",10,2.0,0.01674799999994866,0.0033495999999897325,0.003950772963127408
technical_128,aten::bitwise_and,"[[1, 1, 173, 173], [1, 1, 1, 173]]",5,1.0,0.016459000000031664,0.0032918000000063327,0.0038825992476975413
technical_128,aten::bitwise_not,"[[1, 3]]",5,1.0,0.016207999999911408,0.0032415999999822814,0.0038233895501680977
technical_128,aten::zeros,"[[], [], [], [], []]",15,3.0,0.015958999999986418,0.0031917999999972837,0.003764651643103052
technical_128,aten::as_strided,"[[173, 1, 12, 64], [], [], []]",30,6.0,0.015459999999875434,0.003091999999975087,0.0036469399337022224
technical_128,aten::t,"[[768, 3072]]",10,2.0,0.015414000000047962,0.0030828000000095923,0.00363608875412121
technical_128,aten::slice,"[[2304], [], [], [], []]",30,6.0,0.015288000000015017,0.0030576000000030034,0.0036063659577583165
technical_128,aten::unsqueeze,"[[1], []]",30,6.0,0.014953000000095928,0.0029906000000191856,0.0035273410627062454
technical_128,aten::masked_fill,"[[1, 3], [1, 3], []]",5,1.0,0.01437799999996787,0.002875599999993574,0.003391701317404648
technical_128,aten::unsqueeze,"[[1, 3], []]",5,1.0,0.014375999999974737,0.0028751999999949472,0.0033912295269879333
technical_128,aten::new_ones,"[[1, 1, 173, 1], [], [], [], [], []]",10,2.0,0.014165000000074542,0.0028330000000149082,0.003341455637877106
technical_128,aten::split,"[[2304], [], []]",10,2.0,0.013960000000020956,0.0027920000000041913,0.0032930971199851005
technical_128,aten::flatten,"[[173, 1, 12, 64], [], []]",10,2.0,0.013750000000101863,0.0027500000000203724,0.003243559126078983
technical_128,aten::unsqueeze,"[[1, 1, 173], []]",20,4.0,0.013666000000027908,0.0027332000000055813,0.0032237439284914563
technical_128,aten::slice,"[[1, 173], [], [], [], []]",5,1.0,0.013581000000063796,0.002716200000012759,0.003203692835720673
technical_128,aten::linear,"[[1, 3, 768], [768, 768], [768]]",5,1.0,0.013499999999985447,0.0026999999999970893,0.0031845853237596135
technical_128,aten::add,"[[173], [], []]",10,2.0,0.01320900000000256,0.0026418000000005123,0.003115939817895869
technical_128,aten::squeeze,"[[1, 3, 1], []]",5,1.0,0.013082999999998719,0.002616599999999744,0.0030862170215398407
technical_128,aten::full,"[[], [], [], [], [], []]",5,1.0,0.01274899999998297,0.002549799999996594,0.0030074280216741364
technical_128,aten::as_strided,"[[1, 173, 768], [], [], []]",35,7.0,0.012581000000151107,0.002516200000030221,0.0029677976265736366
technical_128,aten::transpose,"[[768, 3072], [], []]",10,2.0,0.012500999999887427,0.002500199999977485,0.002948926009778025
technical_128,aten::_to_copy,"[[1, 1, 173], [], [], [], [], [], []]",10,2.0,0.012373000000041429,0.002474600000008286,0.0029187314230408965
technical_128,aten::layer_norm,"[[1, 3, 768], [], [768], [768], [], []]",5,1.0,0.012250000000116416,0.0024500000000232834,0.0028897163123309663
technical_128,aten::expand,"[[1, 3, 1], [], []]",5,1.0,0.012209000000046218,0.0024418000000092435,0.0028800446087385344
technical_128,aten::embedding,"[[3, 768], [1], [], [], []]",5,1.0,0.012083000000027823,0.0024166000000055646,0.002850321812379073
technical_128,aten::to,"[[1, 3], [], [], [], []]",20,4.0,0.01162799999998242,0.002325599999996484,0.0027429894921970903
technical_128,aten::ge,"[[1, 1, 173, 1], []]",5,1.0,0.011498999999997523,0.0022997999999995046,0.002712559010218028
technical_128,aten::reshape,"[[1, 1, 1, 173], []]",10,2.0,0.01129000000005044,0.002258000000010088,0.0026632569115144756
technical_128,aten::unsqueeze,"[[173], []]",15,3.0,0.011166999999931022,0.0022333999999862046,0.0026342418007586866
technical_128,aten::empty_like,"[[1, 173], [], [], [], [], []]",10,2.0,0.011041999999986729,0.002208399999997346,0.0026047548996258737
technical_128,aten::mul,"[[1, 3], [1, 3]]",5,1.0,0.010998999999967054,0.0021997999999934107,0.0025946114056270243
technical_128,aten::transpose,"[[1, 32, 173], [], []]",10,2.0,0.010961000000039576,0.002192200000007915,0.0025856473876957613
technical_128,aten::addmm,"[[2], [1, 256], [256, 2], [], []]",5,1.0,0.010877999999909661,0.002175599999981932,0.0025660680853042015
technical_128,aten::copy_,"[[3, 768], [3, 768], []]",5,1.0,0.010748999999996157,0.0021497999999992314,0.0025356376033419813
technical_128,aten::as_strided,"[[1, 1, 173, 173], [], [], []]",75,15.0,0.010709000000093512,0.002141800000018702,0.002526201794998241
technical_128,aten::transpose,"[[173, 1, 768], [], []]",10,2.0,0.010709000000046216,0.002141800000009243,0.0025262017949870845
technical_128,aten::unsqueeze,"[[1, 768], []]",5,1.0,0.010708000000013271,0.002141600000002654,0.0025259658997701454
technical_128,aten::item,[[]],15,3.0,0.010621999999830906,0.002124399999966181,0.0025056789117387096
technical_128,aten::log,"[[1, 3]]",5,1.0,0.010584000000002562,0.0021168000000005125,0.002496714893830832
technical_128,aten::_to_copy,"[[1, 3], [], [], [], [], [], []]",5,1.0,0.010496999999973923,0.0020993999999947845,0.0024761920106264926
technical_128,aten::sub,"[[1], [1], []]",5,1.0,0.010333000000056927,0.0020666000000113855,0.002437505196342581
technical_128,aten::copy_,"[[1, 3], [1, 3], []]",10,2.0,0.010292999999932363,0.0020585999999864725,0.0024280693879464915
technical_128,aten::unsqueeze,"[[32], []]",10,2.0,0.010165000000007694,0.002033000000001539,0.002397874801190805
technical_128,aten::_softmax,"[[1, 3], [], []]",5,1.0,0.009915000000037253,0.0019830000000074506,0.002338900998905869
technical_128,aten::abs,"[[1, 1, 173, 173]]",5,1.0,0.00970899999996027,0.0019417999999920541,0.002290306585799177
technical_128,aten::resize_,"[[0], [], []]",25,5.0,0.009625999999965416,0.0019251999999930832,0.0022707272834394773
technical_128,aten::copy_,"[[1, 1, 173], [1, 1, 173], []]",10,2.0,0.009501999999987902,0.0019003999999975805,0.0022414762775079954
technical_128,aten::as_strided,"[[768, 3072], [], [], []]",10,2.0,0.009375000000043656,0.0018750000000087312,0.002211517585956858
technical_128,aten::narrow,"[[1, 173, 64], [], [], []]",10,2.0,0.008919999999937318,0.0017839999999874636,0.0021041852657605006
technical_128,aten::gelu,"[[1, 256], []]",5,1.0,0.00887599999991653,0.001775199999983306,0.002093805876552221
technical_128,aten::div,"[[1], [1]]",5,1.0,0.008874999999956345,0.001774999999991269,0.002093569981352445
technical_128,aten::select,"[[1, 173], [], []]",10,2.0,0.008749999999899387,0.0017499999999798775,0.002064083080193055
technical_128,aten::as_strided,"[[1], [], [], []]",45,9.0,0.008587000000069792,0.0017174000000139585,0.0020256321611389285
technical_128,aten::select,"[[3, 768], [], []]",5,1.0,0.008583000000013271,0.0017166000000026541,0.0020246885802889247
technical_128,aten::clone,"[[1, 3], []]",5,1.0,0.008540000000066357,0.0017080000000132714,0.002014545086307239
technical_128,aten::view,"[[1, 173, 3072], []]",10,2.0,0.008415000000080908,0.0016830000000161815,0.0019850581851647182
technical_128,aten::to,"[[1, 173], [], [], [], []]",5,1.0,0.008293000000005123,0.0016586000000010244,0.001956278969628389
technical_128,aten::as_strided,"[[1, 173], [], [], []]",50,10.0,0.008250000000088447,0.0016500000000176894,0.0019461354756538374
technical_128,aten::clamp_min,"[[1, 3], []]",5,1.0,0.00816599999993923,0.0016331999999878461,0.0019263202780485564
technical_128,aten::view,"[[173, 1, 12, 64], []]",10,2.0,0.007999999999956344,0.0015999999999912688,0.0018871616733307662
technical_128,aten::narrow,"[[2304], [], [], []]",30,6.0,0.007998999999879743,0.0015997999999759487,0.0018869257781035285
technical_128,aten::fill_,"[[1, 173], []]",5,1.0,0.007917000000044937,0.0015834000000089874,0.001867582370990751
technical_128,aten::__and__,"[[], [1, 1, 173, 173]]",10,2.0,0.007833999999952539,0.0015667999999905077,0.0018480030686080415
technical_128,aten::div,"[[1], []]",5,1.0,0.007707999999998719,0.0015415999999997439,0.0018182802722638133
technical_128,aten::dropout,"[[1, 173, 768], [], []]",25,5.0,0.00766600000012977,0.001533200000025954,0.0018083726735096872
technical_128,aten::as_strided,"[[768], [], [], []]",55,11.0,0.007625000000087312,0.0015250000000174625,0.0017987009699237983
technical_128,aten::clamp,"[[1], [], []]",5,1.0,0.007583000000013271,0.0015166000000026542,0.001788793371121292
technical_128,aten::t,"[[3072, 768]]",10,2.0,0.007540999999837367,0.0015081999999674734,0.0017788857722947564
technical_128,aten::copy_,"[[173], [173], []]",5,1.0,0.007457000000083439,0.001491400000016688,0.0017590705747827227
technical_128,aten::linear,"[[1, 3, 768], [1, 768], [1]]",5,1.0,0.007377000000051339,0.0014754000000102678,0.0017401989580417393
technical_128,aten::as_strided,"[[1, 32, 1], [], [], []]",30,6.0,0.0072519999999469745,0.001450399999989395,0.0017107120568711665
technical_128,aten::zero_,"[[1, 173]]",15,3.0,0.007208000000014635,0.001441600000002927,0.0017003326676837513
technical_128,aten::unsqueeze,"[[1, 32], []]",10,2.0,0.007206000000123367,0.0014412000000246735,0.0016998608772910654
technical_128,aten::unsqueeze,"[[1, 1, 1], []]",10,2.0,0.007169000000024653,0.0014338000000049306,0.0016911327545285767
technical_128,aten::_local_scalar_dense,[[]],15,3.0,0.006960000000062109,0.001392000000012422,0.0016418306558213772
technical_128,aten::neg,[[1]],5,1.0,0.006582999999955064,0.0013165999999910128,0.001552898161939928
technical_128,aten::fill_,"[[173], []]",5,1.0,0.006499999999941792,0.0012999999999883584,0.0015333188595758839
technical_128,aten::view,"[[1, 3, 768], []]",10,2.0,0.0063759999999456335,0.0012751999999891267,0.0015040678536400037
technical_128,aten::masked_fill_,"[[1, 3], [1, 3], []]",5,1.0,0.006373000000006869,0.0012746000000013738,0.0015033601680269455
technical_128,aten::unsqueeze,"[[1, 1], []]",10,2.0,0.006251000000092518,0.0012502000000185036,0.0014745809525286986
technical_128,aten::to,"[[1, 173], [], [], [], [], []]",10,2.0,0.006210000000104401,0.0012420000000208803,0.0014649092489556288
technical_128,aten::transpose,"[[3072, 768], [], []]",10,2.0,0.006208000000129686,0.0012416000000259372,0.0014644374585432583
technical_128,aten::view,"[[1, 32, 1], []]",10,2.0,0.006082999999957792,0.0012165999999915584,0.001434950557356755
technical_128,aten::select,"[[1, 32, 173], [], []]",10,2.0,0.006042000000054258,0.0012084000000108517,0.0014252788538036383
technical_128,aten::softmax,"[[1, 3], [], []]",5,1.0,0.005960999999952037,0.0011921999999904074,0.0014061713418369462
technical_128,aten::select,"[[1, 3], [], []]",10,2.0,0.0058310000000770966,0.0011662000000154194,0.001375504964674655
technical_128,aten::_to_copy,"[[1], [], [], [], [], [], []]",5,1.0,0.005752000000080443,0.0011504000000160885,0.0013568692431512013
technical_128,aten::is_nonzero,[[]],10,2.0,0.005459000000145579,0.0010918000000291158,0.00128775194688045
technical_128,aten::slice,"[[1, 173, 64], [], [], [], []]",10,2.0,0.005376000000175964,0.0010752000000351929,0.0012681726445267043
technical_128,aten::fill_,"[[1, 1], []]",25,5.0,0.0053740000000992725,0.0010748000000198544,0.001267700854090278
technical_128,aten::detach,"[[1, 3]]",10,2.0,0.005332999999940512,0.0010665999999881024,0.001258029150476954
technical_128,aten::copy_,"[[1], [1], []]",5,1.0,0.005331999999980326,0.0010663999999960651,0.0012577932552771784
technical_128,aten::as_strided,"[[1, 3], [], [], []]",15,3.0,0.005249000000071419,0.0010498000000142838,0.0012382139529377532
technical_128,aten::new_empty,"[[1, 1, 173, 1], [], [], [], [], []]",10,2.0,0.0052080000000410106,0.0010416000000082022,0.0012285422493547072
technical_128,aten::expand,"[[1, 1, 173], [], []]",10,2.0,0.005167000000056987,0.0010334000000113974,0.0012188705457826029
technical_128,aten::copy_,"[[3, 1], [3, 1], []]",5,1.0,0.005084999999977299,0.0010169999999954597,0.001199527138612059
technical_128,aten::as_strided,"[[1, 1, 173], [], [], []]",40,8.0,0.004998000000051889,0.0009996000000103778,0.0011790042554320702
technical_128,aten::as_strided,"[[1, 768], [], [], []]",15,3.0,0.004915999999910127,0.0009831999999820253,0.0011596608482468834
technical_128,aten::_unsafe_view,"[[1, 32, 173], []]",10,2.0,0.004831999999951222,0.0009663999999902443,0.0011398456506864964
technical_128,aten::expand,"[[3072], [], []]",10,2.0,0.004707000000009429,0.0009414000000018859,0.0011103587495542731
technical_128,aten::as_strided,"[[1, 32, 173], [], [], []]",20,4.0,0.004581999999967138,0.0009163999999934277,0.0010808718483983426
technical_128,aten::to,"[[1, 1, 173], [], [], [], []]",10,2.0,0.004581999999923028,0.0009163999999846056,0.0010808718483879371
technical_128,aten::copy_,"[[1, 256], [1, 256], []]",5,1.0,0.00454200000000128,0.000908400000000256,0.0010714360400396914
technical_128,aten::dropout,"[[1, 173, 3072], [], []]",10,2.0,0.004418000000048779,0.0008836000000097558,0.0010421850341141093
technical_128,aten::resolve_conj,"[[173, 1152]]",110,22.0,0.004335000000252876,0.0008670000000505753,0.0010226057318013415
technical_128,aten::_softmax,"[[1, 2], [], []]",5,1.0,0.004332000000053085,0.000866400000010617,0.0010218980461267088
technical_128,aten::select,"[[1, 173, 768], [], []]",5,1.0,0.004209999999904539,0.0008419999999809078,0.0009931188305732164
technical_128,aten::expand,"[[256], [], []]",5,1.0,0.004207999999969615,0.0008415999999939231,0.0009926470401702323
technical_128,aten::to,"[[1, 3], [], [], [], [], [], [], []]",20,4.0,0.004204999999897382,0.0008409999999794764,0.00099193935452569
technical_128,aten::expand,"[[1, 1, 1, 173], [], []]",10,2.0,0.004166999999986729,0.0008333999999973459,0.0009829753365983964
technical_128,aten::to,"[[1, 173, 64], [], [], [], []]",20,4.0,0.0040849999999445575,0.0008169999999889114,0.0009636319294367022
technical_128,aten::linear,"[[1, 772], [256, 772], [256]]",5,1.0,0.004000999999974738,0.0008001999999949477,0.0009438167318737405
technical_128,aten::as_strided,"[[3072, 768], [], [], []]",10,2.0,0.003916999999986729,0.0007833999999973457,0.000924001534306488
technical_128,aten::select,"[[1, 32, 1], [], []]",10,2.0,0.0038329999999816666,0.0007665999999963333,0.0009041863367352126
technical_128,aten::as_strided,"[[1, 3, 1], [], [], []]",10,2.0,0.0037489999999670543,0.0007497999999934109,0.0008843711391616845
technical_128,aten::to,"[[1], [], [], [], []]",10,2.0,0.003666000000099302,0.0007332000000198605,0.0008647918368319676
technical_128,aten::view,"[[1, 1, 1, 173], []]",15,3.0,0.0036659999999683348,0.000733199999993667,0.000864791836801073
technical_128,aten::copy_,"[[3], [], []]",5,1.0,0.003584000000043716,0.0007168000000087432,0.0008454484296671092
technical_128,aten::select,"[[1, 1, 173], [], []]",10,2.0,0.003543999999850257,0.0007087999999700514,0.0008360126212547679
technical_128,aten::linear,"[[1, 256], [2, 256], [2]]",5,1.0,0.0035010000000620495,0.0007002000000124099,0.0008258691273105204
technical_128,aten::as_strided,"[[2304], [], [], []]",30,6.0,0.003460000000006403,0.0006920000000012806,0.0008161974237215208
technical_128,aten::reshape,"[[1, 173], []]",5,1.0,0.0034579999999696156,0.0006915999999939232,0.0008157256332945075
technical_128,aten::reshape,"[[1, 32, 1], []]",10,2.0,0.003457000000050357,0.0006914000000100714,0.0008154897381043864
technical_128,aten::as_strided,"[[], [], [], []]",15,3.0,0.003167000000105759,0.0006334000000211518,0.0007470801274588418
technical_128,aten::empty_like,"[[1, 3], [], [], [], [], []]",5,1.0,0.0031259999999892897,0.000625199999997858,0.0007374084238554944
technical_128,aten::view,"[[1, 1, 173], []]",10,2.0,0.0031240000000725557,0.0006248000000145112,0.0007369366334568012
technical_128,aten::t,"[[256, 772]]",5,1.0,0.0031239999999961585,0.0006247999999992317,0.0007369366334387794
technical_128,aten::copy_,"[[1, 2], [1, 2], []]",5,1.0,0.003081999999994878,0.0006163999999989756,0.0007270290346534367
technical_128,aten::copy_,"[[173], [], []]",5,1.0,0.0030420000000449363,0.0006084000000089872,0.00071759322629854
technical_128,aten::t,"[[1, 768]]",5,1.0,0.0029989999999816062,0.0005997999999963212,0.0007074497322893925
technical_128,aten::t,"[[2, 256]]",5,1.0,0.002998000000079628,0.0005996000000159256,0.0007072138371033477
technical_128,aten::transpose,"[[2, 256], [], []]",5,1.0,0.002875999999960186,0.0005751999999920372,0.0006784346215567207
technical_128,aten::expand,"[[1, 1, 1, 1], [], []]",5,1.0,0.0028369999999108587,0.0005673999999821717,0.0006692347083875469
technical_128,aten::as_strided,"[[32], [], [], []]",10,2.0,0.0028339999999882366,0.0005667999999976473,0.0006685270227782971
technical_128,aten::transpose,"[[256, 772], [], []]",5,1.0,0.0028330000000132715,0.0005666000000026543,0.0006682911275750351
technical_128,aten::select,"[[256000, 768], [], []]",5,1.0,0.0027510000001734623,0.0005502000000346924,0.0006489477204610775
technical_128,aten::view,"[[3], []]",10,2.0,0.0027080000000132714,0.0005416000000026543,0.0006388042264290809
technical_128,aten::as_strided,"[[173], [], [], []]",15,3.0,0.002625000000042405,0.000525000000008481,0.0006192249240750399
technical_128,aten::copy_,"[[3], [3], []]",5,1.0,0.00254200000000003,0.000508400000000006,0.0005996456217041303
technical_128,aten::_reshape_alias,"[[1, 1, 1, 173], [], []]",5,1.0,0.0025010000000318085,0.0005002000000063617,0.0005899739181357538
technical_128,aten::transpose,"[[1, 768], [], []]",5,1.0,0.002500000000058208,0.0005000000000116415,0.0005897380229328136
technical_128,aten::log,[[1]],5,1.0,0.002458000000013271,0.0004916000000026543,0.0005798304241371727
technical_128,aten::reshape,"[[1, 1, 173], []]",10,2.0,0.0024179999999710163,0.00048359999999420325,0.0005703946157604996
technical_128,aten::as_strided,"[[173, 1, 768], [], [], []]",10,2.0,0.0024169999999867284,0.0004833999999973457,0.0005701587205550385
technical_128,aten::as_strided,"[[1, 1, 1], [], [], []]",10,2.0,0.0024159999999671983,0.00048319999999343964,0.0005699228253412637
technical_128,aten::to,"[[1, 32, 1], [], [], [], [], []]",10,2.0,0.002334000000002561,0.0004668000000005122,0.0005505794181978596
technical_128,aten::to,"[[1, 173], [], [], [], [], [], [], []]",10,2.0,0.0022919999999443234,0.0004583999999888647,0.0005406718193990811
technical_128,aten::resolve_conj,"[[173, 3072]]",20,4.0,0.002291000000055646,0.0004582000000111292,0.0005404359242161741
technical_128,aten::to,"[[1, 1, 173, 173], [], [], [], [], [], [], []]",10,2.0,0.002251000000089789,0.00045020000001795774,0.0005310001158575228
technical_128,aten::as_strided,"[[1, 1, 1, 1], [], [], []]",5,1.0,0.002165000000067721,0.0004330000000135442,0.0005107131278639006
technical_128,aten::fill_,"[[3], []]",5,1.0,0.0021259999998899273,0.0004251999999779855,0.0005015132146644223
technical_128,aten::detach_,[[173]],5,1.0,0.0020420000000183334,0.00040840000000366667,0.0004816980171246315
technical_128,aten::select,"[[1, 768], [], []]",5,1.0,0.002040999999953783,0.0004081999999907566,0.0004814621219002367
technical_128,aten::as_strided,"[[1, 2], [], [], []]",15,3.0,0.0020390000000188595,0.0004078000000037719,0.00048099033149725265
technical_128,aten::__and__,"[[1, 1, 173, 173], [1, 1, 173, 1]]",5,1.0,0.00200200000001837,0.000400400000003674,0.00047226220875793475
technical_128,aten::select,"[[173, 768], [], []]",5,1.0,0.0020000000000474074,0.0004000000000094815,0.0004717904183464492
technical_128,aten::to,"[[173], [], [], [], [], []]",5,1.0,0.001958999999986645,0.000391799999997329,0.0004621187147562427
technical_128,aten::view,"[[3, 768], []]",5,1.0,0.0019569999999948778,0.00039139999999897556,0.0004616469243398495
technical_128,aten::expand,"[[1], [], []]",5,1.0,0.0019169999999721766,0.00038339999999443533,0.00045221111596778913
technical_128,aten::__and__,"[[1, 1, 173, 173], [1, 1, 1, 173]]",5,1.0,0.001916999999943073,0.00038339999998861457,0.0004522111159609237
technical_128,aten::detach_,[[1]],10,2.0,0.001912999999960789,0.0003825999999921578,0.0004512675351284323
technical_128,aten::as_strided,"[[3, 768], [], [], []]",5,1.0,0.0018750000000145519,0.0003750000000029104,0.00044230351719274464
technical_128,aten::as_strided,"[[1, 1, 1, 173], [], [], []]",10,2.0,0.0018339999999734573,0.00036679999999469145,0.00043263181360717767
technical_128,aten::expand,"[[2], [], []]",5,1.0,0.001789999999993597,0.0003579999999987194,0.00042225242440855276
technical_128,aten::view,"[[1, 173], []]",5,1.0,0.0017490000000119608,0.0003498000000023922,0.0004125807208370116
technical_128,aten::as_strided,"[[1, 32], [], [], []]",10,2.0,0.0015429999999178109,0.00030859999998356216,0.00036398630772626977
technical_128,aten::as_strided,"[[256, 772], [], [], []]",5,1.0,0.0015419999999721767,0.00030839999999443535,0.00036375041252992676
technical_128,aten::view,"[[3, 1], []]",5,1.0,0.0015410000000265426,0.00030820000000530854,0.0003635145173335838
technical_128,aten::softmax,"[[1, 2], [], []]",5,1.0,0.001540999999968335,0.000308199999993667,0.00036351451731985287
technical_128,aten::lift_fresh,[[173]],5,1.0,0.0014990000000265128,0.00029980000000530253,0.00035360691854853613
technical_128,aten::as_strided,"[[3072], [], [], []]",10,2.0,0.001459000000031665,0.000291800000006333,0.0003441711101830462
technical_128,aten::detach,"[[1, 2]]",5,1.0,0.0013330000000132713,0.00026660000000265426,0.0003144483138235855
technical_128,aten::as_strided,"[[2, 256], [], [], []]",5,1.0,0.0013329999999550637,0.00026659999999101275,0.00031444831380985456
technical_128,aten::as_strided,"[[1, 1], [], [], []]",10,2.0,0.001293000000001257,0.00025860000000025137,0.00030501250545404604
technical_128,aten::to,"[[1, 2], [], [], [], [], [], [], []]",10,2.0,0.001210999999922933,0.0002421999999845866,0.0002856690982838239
technical_128,aten::resolve_conj,"[[3, 768]]",10,2.0,0.0011660000000410947,0.00023320000000821893,0.0002750538138991541
technical_128,aten::detach_,[[3]],5,1.0,0.0010429999999735174,0.00020859999999470348,0.00024603870315559415
technical_128,aten::to,"[[1, 2], [], [], [], []]",5,1.0,0.001,0.0002,0.00023589520916763305
technical_128,aten::to,"[[1, 768], [], [], [], []]",5,1.0,0.0009170000000158325,0.00018340000000316648,0.0002163159068104543
technical_128,aten::to,"[[1], [], [], [], [], [], [], []]",5,1.0,0.0009159999999657203,0.00018319999999314406,0.00021608001158946542
technical_128,aten::to,"[[1, 1, 1, 173], [], [], [], [], [], [], []]",5,1.0,0.0009159999999271804,0.00018319999998543608,0.00021608001158037403
technical_128,aten::to,"[[1, 772], [], [], [], []]",5,1.0,0.0008749999999563443,0.00017499999999126886,0.00020640830801138072
technical_128,aten::to,"[[1, 1, 173, 1], [], [], [], [], [], [], []]",5,1.0,0.0008729999999209213,0.00017459999998418427,0.00020593651758468934
technical_128,aten::as_strided,"[[256000, 768], [], [], []]",5,1.0,0.0008329999998993572,0.00016659999997987145,0.00019650070921289716
technical_128,aten::resolve_conj,"[[1, 32, 1]]",10,2.0,0.0007510000000172567,0.00015020000000345136,0.0001771573020889632
technical_128,aten::fill_,"[[], []]",10,2.0,0.0006669999999389802,0.00013339999998779605,0.00015734210450041696
technical_128,aten::as_strided,"[[2], [], [], []]",5,1.0,0.0005839999999734573,0.00011679999999469147,0.00013776280214763639
technical_128,aten::zero_,"[[1, 3]]",10,2.0,0.0005830000000437394,0.00011660000000874787,0.000137526906955048
technical_128,aten::as_strided,"[[256], [], [], []]",5,1.0,0.0005410000000410947,0.00010820000000821893,0.0001276193081693835
technical_128,aten::resolve_neg,"[[1, 3]]",5,1.0,0.0005399999999499414,0.00010799999998998828,0.00012738341293871326
technical_128,aten::as_strided,"[[173, 768], [], [], []]",5,1.0,0.0004999999999683951,9.999999999367901e-05,0.00011794760457636108
technical_128,aten::to,"[[1], [], [], [], [], []]",10,2.0,0.0004589999998545409,9.179999997090818e-05,0.00010827590097363045
technical_128,aten::to,"[[1, 3, 768], [], [], [], []]",5,1.0,0.000457000000111293,9.14000000222586e-05,0.00010780411061586181
technical_128,aten::resolve_conj,"[[1, 1, 173]]",10,2.0,0.0004179999999882966,8.359999999765932e-05,9.860419742930983e-05
technical_128,aten::resolve_conj,"[[1, 256]]",10,2.0,0.0004170000000740401,8.340000001480803e-05,9.836830224036868e-05
technical_128,aten::resolve_conj,"[[1, 2]]",10,2.0,0.00041600000007019843,8.320000001403969e-05,9.813240703029482e-05
technical_128,aten::resolve_conj,"[[1, 173]]",10,2.0,0.00037399999994977405,7.479999998995481e-05,8.82248082168467e-05
technical_128,aten::lift_fresh,[[]],10,2.0,0.0003730000000043674,7.460000000087348e-05,8.798891302055738e-05
technical_128,aten::to,"[[3], [], [], [], [], []]",5,1.0,0.00033399999995640427,6.679999999128086e-05,7.878899985170541e-05
technical_128,aten::lift_fresh,[[1]],10,2.0,0.0003330000000120208,6.660000000240416e-05,7.855310465565745e-05
technical_128,aten::resolve_conj,"[[32, 173]]",10,2.0,0.0003320000000651362,6.640000001302725e-05,7.831720945901948e-05
technical_128,aten::resolve_conj,"[[32, 1]]",10,2.0,0.00029200000001446824,5.840000000289365e-05,6.888140108036184e-05
technical_128,aten::resolve_conj,"[[3, 1]]",5,1.0,0.00029199999998672866,5.8399999997345734e-05,6.888140107381819e-05
technical_128,aten::resolve_conj,"[[1, 772]]",5,1.0,0.0002090000000753207,4.180000001506414e-05,4.9302098733803106e-05
technical_128,aten::resolve_conj,"[[768, 1]]",5,1.0,0.00020900000001711306,4.180000000342261e-05,4.930209872007219e-05
technical_128,aten::resolve_conj,"[[1, 3]]",5,1.0,0.00020899999992980155,4.179999998596031e-05,4.9302098699475835e-05
technical_128,aten::resolve_neg,"[[1, 2]]",5,1.0,0.00020799999999871944,4.1599999999743886e-05,4.906620350656559e-05
technical_128,aten::lift_fresh,[[3]],5,1.0,0.00016699999997467786,3.339999999493557e-05,3.9394499925021345e-05
technical_256,aten::mm,"[[301, 768], [768, 2304]]",220,44.0,277.32032599999974,55.46406519999995,38.42759791789944
technical_256,aten::mm,"[[301, 1152], [1152, 768]]",110,22.0,76.61518600000078,15.323037200000154,10.616378555725168
technical_256,aten::_scaled_dot_product_flash_attention_for_cpu,"[[1, 12, 301, 64], [1, 12, 301, 64], [1, 12, 301, 64], [], [], [1, 1, 301, 301], []]",70,14.0,70.75006600000017,14.150013200000036,9.803663251545647
technical_256,aten::mm,"[[301, 768], [768, 768]]",110,22.0,46.27955700000018,9.255911400000036,6.412844791674297
technical_256,aten::_scaled_dot_product_flash_attention_for_cpu,"[[1, 12, 301, 64], [1, 12, 301, 64], [1, 12, 301, 64], [], [], [], []]",40,8.0,33.74072700000009,6.748145400000018,4.67536984870564
technical_256,aten::mul,"[[1, 12, 301, 64], [1, 1, 301, 64]]",440,88.0,23.157620000000342,4.631524000000068,3.2088946487662815
technical_256,aten::gelu,"[[1, 301, 1152], []]",110,22.0,20.852219999999722,4.170443999999945,2.889441020834411
technical_256,aten::addmm,"[[768], [301, 3072], [3072, 768], [], []]",10,2.0,20.119319000000047,4.02386380000001,2.7878847254562853
technical_256,aten::addmm,"[[3072], [301, 768], [768, 3072], [], []]",10,2.0,19.95144399999964,3.990288799999928,2.7646226981338344
technical_256,aten::addmm,"[[768], [301, 768], [768, 768], [], []]",40,8.0,18.64793400000056,3.7295868000001122,2.583998512072818
technical_256,aten::native_layer_norm,"[[1, 301, 768], [], [768], [], []]",225,45.0,15.706358999998566,3.1412717999997133,2.1763916735267608
technical_256,aten::cat,"[[], []]",240,48.0,13.34600600000193,2.669201200000386,1.8493233430641076
technical_256,aten::add,"[[1, 301, 768], [1, 301, 768], []]",240,48.0,12.452353000000338,2.4904706000000676,1.725492037016293
technical_256,aten::_scaled_dot_product_flash_attention_for_cpu,"[[1, 12, 301, 64], [1, 12, 301, 64], [1, 12, 301, 64], [], [], [1, 1, 1, 301], []]",10,2.0,11.19579900000026,2.239159800000052,1.551374428795498
technical_256,aten::add,"[[1, 12, 301, 64], [1, 12, 301, 64], []]",220,44.0,8.707145999999538,1.7414291999999076,1.206527881769579
technical_256,aten::mul,"[[1, 301, 1152], [1, 301, 1152]]",110,22.0,8.012998000000097,1.6025996000000196,1.1103414946257368
technical_256,aten::neg,"[[1, 12, 301, 32]]",220,44.0,6.6472740000001735,1.3294548000000348,0.9210964670585093
technical_256,aten::where,"[[1, 1, 301, 301], [], []]",140,28.0,3.5731280000001826,0.7146256000000365,0.49511958994738603
technical_256,aten::linear,"[[1, 301, 768], [2304, 768], []]",220,44.0,2.139418000000224,0.4278836000000448,0.29645390898006263
technical_256,aten::slice,"[[1, 12, 301, 64], [], [], [], []]",880,176.0,2.0710400000000755,0.4142080000000151,0.28697893710066347
technical_256,aten::copy_,"[[301, 768], [301, 768], []]",50,10.0,1.8647909999999683,0.3729581999999937,0.25839951864515154
technical_256,aten::transpose,"[[1, 12, 301, 64], [], []]",590,118.0,1.7935950000007717,0.35871900000015433,0.2485340634122312
technical_256,aten::native_layer_norm,"[[1, 301, 768], [], [768], [768], []]",20,4.0,1.4754319999996515,0.2950863999999303,0.20444699625511367
technical_256,aten::clamp_min,"[[1, 301, 3072], []]",10,2.0,1.2549740000000167,0.25099480000000335,0.17389867149304677
technical_256,aten::empty,"[[], [], [], [], [], []]",1285,257.0,1.2327950000000498,0.24655900000000996,0.17082538181928586
technical_256,aten::matmul,"[[1, 301, 768], [768, 2304]]",220,44.0,0.9510239999991804,0.19020479999983608,0.13178106491278593
technical_256,aten::addmm,"[[768], [3, 768], [768, 768], [], []]",5,1.0,0.8823140000002458,0.17646280000004916,0.1222600886072196
technical_256,aten::copy_,"[[301, 3072], [301, 3072], []]",10,2.0,0.7747330000000656,0.15494660000001312,0.1073528530964245
technical_256,aten::scaled_dot_product_attention,"[[1, 12, 301, 64], [1, 12, 301, 64], [1, 12, 301, 64], [1, 1, 301, 301], [], [], [], []]",70,14.0,0.6867649999996193,0.13735299999992384,0.09516334292810408
technical_256,aten::transpose,"[[1, 301, 12, 64], [], []]",450,90.0,0.6315990000001108,0.12631980000002216,0.08751912550885886
technical_256,aten::layer_norm,"[[1, 301, 768], [], [768], [], [], []]",225,45.0,0.6019189999998988,0.12038379999997977,0.0834064406484949
technical_256,aten::select,"[[1, 301, 3, 12, 64], [], []]",330,66.0,0.5956850000001516,0.11913700000003032,0.0825426105468006
technical_256,aten::as_strided,"[[1, 12, 301, 64], [], [], []]",1480,296.0,0.5510749999999329,0.11021499999998659,0.0763611121768402
technical_256,aten::narrow,"[[1, 12, 301, 64], [], [], []]",440,88.0,0.5372569999985781,0.10745139999971562,0.07444638578177025
technical_256,aten::split,"[[1, 301, 2304], [], []]",110,22.0,0.5361520000002119,0.10723040000004239,0.0742932686401277
technical_256,aten::t,"[[2304, 768]]",220,44.0,0.4726509999997651,0.09453019999995302,0.06549409069814842
technical_256,aten::unbind,"[[1, 301, 3, 12, 64], []]",110,22.0,0.46394700000005834,0.09278940000001167,0.0642879987499292
technical_256,aten::matmul,"[[1, 301, 1152], [1152, 768]]",110,22.0,0.44894099999999615,0.08978819999999924,0.062208654106585645
technical_256,aten::bitwise_and,"[[], [1, 1, 301, 301]]",10,2.0,0.40044900000009354,0.08008980000001871,0.055489236510664314
technical_256,aten::cos,"[[1, 301, 64]]",10,2.0,0.380658999999903,0.0761317999999806,0.052746984711917494
technical_256,aten::matmul,"[[1, 301, 768], [768, 768]]",110,22.0,0.3717660000001942,0.07435320000003884,0.05151470349689871
technical_256,aten::narrow,"[[1, 301, 2304], [], [], []]",220,44.0,0.36711299999938546,0.07342259999987709,0.0508699486903467
technical_256,aten::unsqueeze,"[[1, 301, 64], []]",220,44.0,0.3626949999998956,0.07253899999997912,0.05025775725804011
technical_256,aten::chunk,"[[1, 301, 2304], [], []]",110,22.0,0.31478000000044715,0.06295600000008943,0.04361829313807163
technical_256,aten::transpose,"[[2304, 768], [], []]",220,44.0,0.31178700000125315,0.062357400000250626,0.04320356046341978
technical_256,aten::to,"[[1, 12, 301, 64], [], [], [], []]",660,132.0,0.30836600000043657,0.061673200000087317,0.04272952087748438
technical_256,aten::empty_strided,"[[], [], [], [], [], []]",200,40.0,0.2963199999994409,0.059263999999888184,0.04106033617965133
technical_256,aten::slice,"[[1, 301, 2304], [], [], [], []]",220,44.0,0.28225100000002656,0.056450200000005314,0.03911082933000041
technical_256,aten::sin,"[[1, 301, 64]]",10,2.0,0.278325999999887,0.0556651999999774,0.03856695169936067
technical_256,aten::view,"[[301], []]",490,98.0,0.2740290000006626,0.05480580000013252,0.037971526940544356
technical_256,aten::t,"[[768, 1152]]",110,22.0,0.2733620000000383,0.05467240000000766,0.03787910238513967
technical_256,aten::index_select,"[[256000, 768], [], [301]]",5,1.0,0.2632419999999928,0.05264839999999856,0.03647679878720257
technical_256,aten::transpose,"[[768, 1152], [], []]",110,22.0,0.25645799999941027,0.05129159999988205,0.03553675653333109
technical_256,aten::sub,"[[1, 1, 301, 1], [1, 1, 1, 301], []]",5,1.0,0.254577999999982,0.0509155999999964,0.035276249540909334
technical_256,aten::t,"[[768, 768]]",155,31.0,0.25182000000005333,0.050364000000010664,0.03489408024021832
technical_256,aten::view,"[[1, 301, 768], []]",350,70.0,0.2514469999999119,0.05028939999998237,0.03484239454434612
technical_256,aten::scaled_dot_product_attention,"[[1, 12, 301, 64], [1, 12, 301, 64], [1, 12, 301, 64], [], [], [], [], []]",40,8.0,0.24282500000009488,0.048565000000018975,0.03364766513514625
technical_256,aten::linear,"[[1, 301, 768], [768, 768], []]",110,22.0,0.23553799999967398,0.047107599999934795,0.03263792340404822
technical_256,aten::scalar_tensor,"[[], [], [], [], []]",160,32.0,0.2317029999994811,0.04634059999989622,0.032106516852829343
technical_256,aten::_unsafe_view,"[[301, 2304], []]",220,44.0,0.22466700000003764,0.04493340000000753,0.031131555576716635
technical_256,aten::as_strided,"[[2304, 768], [], [], []]",250,50.0,0.21766999999910056,0.04353399999982011,0.03016199843481585
technical_256,aten::addmm,"[[256], [1, 772], [772, 256], [], []]",5,1.0,0.21549500000005356,0.04309900000001071,0.02986061401543214
technical_256,aten::empty_like,"[[1, 12, 301, 64], [], [], [], [], []]",120,24.0,0.21471300000059462,0.04294260000011892,0.02975225419203063
technical_256,aten::add,"[[1, 301, 768], [1, 1, 768], []]",5,1.0,0.20153699999998206,0.04030739999999641,0.027926488163651664
technical_256,aten::bitwise_and,"[[1, 1, 301, 301], [1, 1, 301, 1]]",5,1.0,0.19953799999990246,0.03990759999998049,0.027649491632784542
technical_256,aten::view,"[[1, 301, 2304], []]",110,22.0,0.1990820000001581,0.03981640000003162,0.027586304830383566
technical_256,aten::linear,"[[1, 301, 1152], [768, 1152], []]",110,22.0,0.1919610000004013,0.038392200000080264,0.0265995653125452
technical_256,aten::view,"[[1, 301, 12, 64], []]",110,22.0,0.19107699999988195,0.03821539999997639,0.026477071598978098
technical_256,aten::view,"[[1, 301, 1152], []]",110,22.0,0.19091200000034497,0.03818240000006899,0.02645420795342381
technical_256,aten::as_strided,"[[1, 301, 3, 12, 64], [], [], []]",330,66.0,0.1862149999997009,0.03724299999994018,0.025803356174729723
technical_256,aten::_unsafe_view,"[[301, 768], []]",220,44.0,0.18595999999998453,0.03719199999999691,0.025768021449722362
technical_256,aten::reshape,"[[1, 301, 768], []]",330,66.0,0.18449899999956781,0.036899799999913566,0.025565574260279538
technical_256,aten::le,"[[1, 1, 301, 301], []]",5,1.0,0.18412200000000303,0.036824400000000604,0.02551333429429045
technical_256,aten::as_strided,"[[1, 301, 12, 64], [], [], []]",450,90.0,0.17016200000032541,0.034032400000065084,0.023578931307466147
technical_256,aten::reshape,"[[1, 301, 12, 64], []]",110,22.0,0.15391399999991065,0.03078279999998213,0.021327485767964047
technical_256,aten::linear,"[[301, 1, 768], [768, 768], [768]]",30,6.0,0.1460429999992484,0.029208599999849684,0.02023682058809824
technical_256,aten::as_strided,"[[1, 301, 2304], [], [], []]",220,44.0,0.1448710000002639,0.02897420000005278,0.02007441942057344
technical_256,aten::scaled_dot_product_attention,"[[1, 12, 301, 64], [1, 12, 301, 64], [1, 12, 301, 64], [1, 1, 1, 301], [], [], [], []]",10,2.0,0.13682999999981257,0.027365999999962514,0.01896019775737241
technical_256,aten::transpose,"[[768, 768], [], []]",155,31.0,0.1364540000000424,0.02729080000000848,0.018908096358904072
technical_256,aten::abs,"[[1, 1, 301, 301], [0]]",5,1.0,0.1345810000000372,0.02691620000000744,0.01864855933924678
technical_256,aten::linear,"[[1, 301, 3072], [768, 3072], [768]]",10,2.0,0.13099599999998462,0.026199199999996925,0.018151794675348002
technical_256,aten::native_layer_norm,"[[1, 3, 768], [], [768], [768], []]",5,1.0,0.12912299999973037,0.025824599999946074,0.01789225765565621
technical_256,aten::reshape,"[[1, 301, 1152], []]",110,22.0,0.12562099999980636,0.025124199999961273,0.017406994098359063
technical_256,aten::as_strided,"[[768, 1152], [], [], []]",110,22.0,0.10808000000015364,0.02161600000003073,0.014976380717843529
technical_256,aten::view,"[[301, 768], []]",55,11.0,0.10203400000026294,0.02040680000005259,0.014138601315379465
technical_256,aten::resolve_conj,"[[301, 768]]",650,130.0,0.1009839999995838,0.02019679999991676,0.013993105388622576
technical_256,aten::expand,"[[1, 1, 301, 301], [], []]",75,15.0,0.0959980000001592,0.01919960000003184,0.013302207588377902
technical_256,aten::mul,"[[1, 301, 64], []]",20,4.0,0.09233300000014764,0.018466600000029528,0.012794357520548593
technical_256,aten::eq,"[[1, 1, 1, 301], []]",10,2.0,0.09212400000003981,0.018424800000007964,0.0127653969027503
technical_256,aten::bitwise_and,"[[1, 1, 301, 301], [1, 1, 1, 301]]",5,1.0,0.08537299999999505,0.01707459999999901,0.011829927378077016
technical_256,aten::transpose,"[[1, 301, 12], [], []]",120,24.0,0.08467100000004482,0.016934200000008965,0.011732652958543654
technical_256,aten::where,"[[1, 1, 1, 301], [], []]",20,4.0,0.08295900000006076,0.016591800000012154,0.011495425314310928
technical_256,aten::transpose,"[[1, 301, 768], [], []]",30,6.0,0.0799930000003369,0.015998600000067382,0.011084433963414138
technical_256,aten::view,"[[1, 1, 301, 301], []]",70,14.0,0.07662500000006547,0.015325000000013096,0.010617738457662009
technical_256,aten::linear,"[[1, 301, 768], [3072, 768], [3072]]",10,2.0,0.07650400000039372,0.015300800000078742,0.01060097178425397
technical_256,aten::_to_copy,"[[], [], [], [], [], [], []]",35,7.0,0.07220699999993122,0.014441399999986244,0.010005547025266102
technical_256,aten::as_strided,"[[1, 301, 64], [], [], []]",230,46.0,0.06425299999974232,0.012850599999948465,0.008903380738882062
technical_256,aten::gather,"[[1, 301, 768], [], [1, 3, 768], []]",5,1.0,0.06249800000005053,0.012499600000010106,0.00866019469007412
technical_256,aten::as_strided,"[[768, 768], [], [], []]",155,31.0,0.06216800000009607,0.012433600000019213,0.00861446739884356
technical_256,aten::permute,"[[301, 1, 12, 64], []]",30,6.0,0.060834999999613504,0.012166999999922701,0.00842975685568956
technical_256,aten::bmm,"[[1, 32, 1], [1, 1, 301]]",10,2.0,0.060414000000009085,0.012082800000001817,0.008371419917530059
technical_256,aten::dropout,"[[1, 301, 1152], [], []]",110,22.0,0.05941799999991964,0.011883599999983927,0.008233406638511825
technical_256,aten::arange,"[[], [], [], [0]]",25,5.0,0.05329000000009785,0.01065800000001957,0.007384264697022692
technical_256,aten::index,"[[1, 301], []]",5,1.0,0.051961999999941326,0.010392399999988266,0.007200246991659886
technical_256,aten::copy_,"[[], [], []]",35,7.0,0.04828899999996611,0.009657799999993222,0.006691288383441993
technical_256,aten::unflatten,"[[301, 1, 768], [], []]",30,6.0,0.048245000000169964,0.009649000000033993,0.006685191411305324
technical_256,aten::layer_norm,"[[1, 301, 768], [], [768], [768], [], []]",20,4.0,0.04654099999979371,0.009308199999958742,0.006449072307411876
technical_256,aten::view,"[[301, 1, 768], []]",60,12.0,0.046249000000156235,0.009249800000031247,0.006408610583094935
technical_256,aten::relu,"[[1, 301, 3072]]",10,2.0,0.0449549999999872,0.00899099999999744,0.006229304174403285
technical_256,aten::split,"[[2304, 768], [], []]",10,2.0,0.04445600000026752,0.008891200000053504,0.006160158967390007
technical_256,aten::linear,"[[1, 301, 768], [768, 768], [768]]",10,2.0,0.042625999999843775,0.008525199999968754,0.005906580352290443
technical_256,aten::sum,"[[1, 3], [], [], []]",10,2.0,0.04254000000006636,0.008508000000013272,0.005894663543089858
technical_256,aten::expand,"[[768], [], []]",55,11.0,0.042083999999653315,0.008416799999930663,0.005831476740596217
technical_256,aten::gelu,"[[1, 3, 768], []]",5,1.0,0.04162299999993411,0.008324599999986821,0.0057675971004527045
technical_256,aten::view,"[[301, 3072], []]",10,2.0,0.04099900000001071,0.00819980000000214,0.005681130949760866
technical_256,aten::matmul,"[[1, 32, 1], [1, 1, 301]]",10,2.0,0.04078899999959321,0.008157799999918643,0.0056520317643704585
technical_256,aten::masked_fill_,"[[1, 301], [1, 301], []]",10,2.0,0.040416000000055644,0.008083200000011129,0.005600346068581948
technical_256,aten::as_strided,"[[1, 301, 12], [], [], []]",120,24.0,0.03895500000013817,0.007791000000027634,0.005397898879208314
technical_256,aten::_to_copy,"[[1, 301], [], [], [], [], [], []]",15,3.0,0.03783200000009537,0.007566400000019074,0.00524228752144781
technical_256,aten::index_select,"[[3, 768], [], [1]]",5,1.0,0.037666000000259374,0.007533200000051875,0.005219285308302896
technical_256,aten::resolve_conj,"[[301, 2304]]",220,44.0,0.03532600000002868,0.0070652000000057365,0.004895037243136729
technical_256,aten::all,"[[1, 301]]",10,2.0,0.035212000000044555,0.007042400000008911,0.00487924054252983
technical_256,aten::clamp,"[[1, 3], [], []]",5,1.0,0.03399699999997392,0.006799399999994784,0.004710880970238825
technical_256,aten::unsqueeze,"[[1, 301], []]",30,6.0,0.033828999999765075,0.006765799999953015,0.00468760162194384
technical_256,aten::to,"[[], [], [], [], []]",115,23.0,0.03379200000045489,0.006758400000090978,0.004682474622718928
technical_256,aten::copy_,"[[1, 301], [1, 301], []]",15,3.0,0.033124000000039816,0.006624800000007963,0.004589911499794042
technical_256,aten::narrow,"[[2304, 768], [], [], []]",30,6.0,0.03174699999968288,0.006349399999936577,0.0043991039844925375
technical_256,aten::select,"[[1, 2], [], []]",15,3.0,0.030958999999857042,0.006191799999971408,0.004289912755744983
technical_256,aten::zeros_like,"[[1, 301], [], [], [], [], []]",10,2.0,0.028915999999531775,0.005783199999906355,0.0040068192526789
technical_256,aten::permute,"[[1, 12, 301, 64], []]",10,2.0,0.02741699999998673,0.005483399999997346,0.0037991064964871726
technical_256,aten::unsqueeze,"[[1, 1, 301], []]",20,4.0,0.025000000000116415,0.005000000000023283,0.003464188730082342
technical_256,aten::embedding,"[[256000, 768], [1, 301], [], [], []]",5,1.0,0.02474999999984118,0.004949999999968236,0.0034295468427435406
technical_256,aten::arange,"[[], [], [], [], []]",25,5.0,0.024452999999767598,0.00489059999995352,0.0033883922806201587
technical_256,aten::slice,"[[1, 301], [], [], [], []]",5,1.0,0.021876999999891268,0.004375399999978253,0.0030314422738912726
technical_256,aten::t,"[[768, 3072]]",10,2.0,0.02183200000022771,0.004366400000045542,0.003025206734223773
technical_256,aten::bitwise_not,"[[1, 301]]",5,1.0,0.021249999999970896,0.0042499999999941794,0.0029445604205522455
technical_256,aten::slice,"[[2304, 768], [], [], [], []]",30,6.0,0.020836000000097554,0.004167200000019511,0.0028871934551999
technical_256,aten::topk,"[[1, 3], [], [], [], []]",5,1.0,0.020623999999981605,0.004124799999996321,0.002857817134752872
technical_256,aten::as_strided,"[[301, 1, 12, 64], [], [], []]",30,6.0,0.02041700000027777,0.004083400000055554,0.0028291336521089616
technical_256,aten::addmm,"[[1], [3, 768], [768, 1], [], []]",5,1.0,0.02033400000006077,0.004066800000012154,0.002817632545495073
technical_256,aten::view,"[[1, 301, 3072], []]",10,2.0,0.020085999999952038,0.004017199999990407,0.0027832677932777498
technical_256,aten::copy_,"[[3, 768], [3, 768], []]",5,1.0,0.02004200000007404,0.004008400000014808,0.0027771708211297387
technical_256,aten::sum,"[[1, 301], []]",5,1.0,0.019915000000153667,0.003983000000030734,0.0027595727423920364
technical_256,aten::add,"[[301], [], []]",10,2.0,0.01979200000001583,0.003958400000003167,0.002742528933821011
technical_256,aten::expand,"[[1, 32, 1], [], []]",20,4.0,0.01961899999975185,0.003923799999950369,0.0027185567477723735
technical_256,aten::stack,"[[], []]",5,1.0,0.019374999999825376,0.0038749999999650752,0.002684746265777116
technical_256,aten::ge,"[[1, 1, 301, 1], []]",5,1.0,0.019249999999970895,0.003849999999994179,0.002667425322146949
technical_256,aten::as_strided,"[[768, 3072], [], [], []]",10,2.0,0.019040999999968333,0.003808199999993667,0.0026384647043632406
technical_256,aten::flatten,"[[301, 1, 12, 64], [], []]",10,2.0,0.018794000000081724,0.003758800000016345,0.0026042385197258986
technical_256,aten::bitwise_not,"[[1, 3]]",5,1.0,0.018499000000185332,0.0036998000000370663,0.002563361092725474
technical_256,aten::transpose,"[[768, 3072], [], []]",10,2.0,0.018374999999941792,0.0036749999999883586,0.002546178716590599
technical_256,aten::linear,"[[1, 3, 768], [768, 768], [768]]",5,1.0,0.01803700000012759,0.003607400000025518,0.0024993428849858492
technical_256,aten::unsqueeze,"[[1, 3], []]",5,1.0,0.017288000000058673,0.0034576000000117344,0.002395555790623516
technical_256,aten::as_strided,"[[1, 301, 768], [], [], []]",35,7.0,0.016041999999957625,0.003208399999991525,0.002222900624303014
technical_256,aten::zeros,"[[], [], [], [], []]",15,3.0,0.016041999999790845,0.003208399999958169,0.002222900624279904
technical_256,aten::new_ones,"[[1, 1, 301, 1], [], [], [], [], []]",10,2.0,0.015246999999978698,0.0030493999999957394,0.002112739422689828
technical_256,aten::abs,"[[1, 1, 301, 301]]",5,1.0,0.01520800000015629,0.0030416000000312578,0.0021073352882955334
technical_256,aten::unsqueeze,"[[1, 768], []]",5,1.0,0.015,0.003,0.002078513238039726
technical_256,aten::unsqueeze,"[[1], []]",30,6.0,0.01499700000029952,0.002999400000059904,0.002078097535433622
technical_256,aten::split,"[[2304], [], []]",10,2.0,0.014750000000058208,0.0029500000000116417,0.0020438713507471297
technical_256,aten::embedding,"[[3, 768], [1], [], [], []]",5,1.0,0.014625999999931081,0.002925199999986216,0.002026688974628386
technical_256,aten::layer_norm,"[[1, 3, 768], [], [768], [768], [], []]",5,1.0,0.014625000000087311,0.0029250000000174622,0.0020265504071008316
technical_256,aten::dropout,"[[1, 301, 768], [], []]",25,5.0,0.014624000000185334,0.0029248000000370667,0.0020264118395652113
technical_256,aten::expand,"[[1, 3, 1], [], []]",5,1.0,0.014456999999907566,0.002891399999981513,0.0020032710588098798
technical_256,aten::as_strided,"[[1, 1, 301, 301], [], [], []]",75,15.0,0.014290999999896258,0.002858199999979252,0.001980268845640673
technical_256,aten::slice,"[[2304], [], [], [], []]",30,6.0,0.01428699999995297,0.002857399999990594,0.0019797145754517206
technical_256,aten::masked_fill,"[[1, 3], [1, 3], []]",5,1.0,0.014249999999970895,0.0028499999999941792,0.001974587576133707
technical_256,aten::view,"[[301, 1, 12, 64], []]",10,2.0,0.014206999999878463,0.0028413999999756926,0.0019686291715051846
technical_256,aten::empty_like,"[[1, 301], [], [], [], [], []]",10,2.0,0.013793999999965308,0.0027587999999930616,0.0019114007736965248
technical_256,aten::reshape,"[[1, 1, 1, 301], []]",10,2.0,0.01374999999991246,0.002749999999982492,0.0019053038015242854
technical_256,aten::squeeze,"[[1, 3, 1], []]",5,1.0,0.013459000000089873,0.0026918000000179746,0.0018649806447308985
technical_256,aten::_to_copy,"[[1, 1, 301], [], [], [], [], [], []]",10,2.0,0.013289999999889232,0.0026579999999778465,0.0018415627288878487
technical_256,aten::transpose,"[[301, 1, 768], [], []]",10,2.0,0.013123999999981607,0.0026247999999963216,0.0018185605157330087
technical_256,aten::full,"[[], [], [], [], [], []]",5,1.0,0.013083000000031575,0.002616600000006315,0.0018128792462226244
technical_256,aten::unsqueeze,"[[301], []]",15,3.0,0.012794000000005213,0.0025588000000010425,0.001772833224499406
technical_256,aten::item,[[]],15,3.0,0.012458000000100583,0.002491600000020117,0.0017262745279805313
technical_256,aten::copy_,"[[1, 1, 301], [1, 1, 301], []]",10,2.0,0.01245800000007148,0.002491600000014296,0.0017262745279764983
technical_256,aten::to,"[[1, 3], [], [], [], []]",20,4.0,0.012375999999814667,0.0024751999999629336,0.0017149119889062956
technical_256,aten::mul,"[[1, 3], [1, 3]]",5,1.0,0.012122999999875901,0.0024245999999751803,0.0016798543989665106
technical_256,aten::log,"[[1, 3]]",5,1.0,0.012084000000002561,0.0024168000000005124,0.0016744502645651583
technical_256,aten::transpose,"[[1, 32, 301], [], []]",10,2.0,0.01195999999999708,0.0023919999999994163,0.0016572678884632704
technical_256,aten::sub,"[[1], [1], []]",5,1.0,0.01183200000008219,0.002366400000016438,0.0016395312421771248
technical_256,aten::unsqueeze,"[[32], []]",10,2.0,0.011792000000013104,0.002358400000002621,0.0016339885401994458
technical_256,aten::resize_,"[[0], [], []]",25,5.0,0.011668000000034226,0.002333600000006845,0.0016168061641012442
technical_256,aten::select,"[[3, 768], [], []]",5,1.0,0.01162299999993411,0.0023245999999868218,0.001610570624373252
technical_256,aten::addmm,"[[2], [1, 256], [256, 2], [], []]",5,1.0,0.011332000000402331,0.002266400000080466,0.0015702474676201617
technical_256,aten::__and__,"[[], [1, 1, 301, 301]]",10,2.0,0.011292000000100643,0.0022584000000201287,0.0015647047656102515
technical_256,aten::_to_copy,"[[1, 3], [], [], [], [], [], []]",5,1.0,0.010919000000139931,0.0021838000000279864,0.001513019069763108
technical_256,aten::copy_,"[[1, 3], [1, 3], []]",10,2.0,0.010915000000095461,0.0021830000000190924,0.0015124647995601352
technical_256,aten::t,"[[3072, 768]]",10,2.0,0.010580999999860069,0.0021161999999720136,0.0014661832380938327
technical_256,aten::to,"[[1, 301], [], [], [], []]",5,1.0,0.010503000000026077,0.0021006000000052152,0.0014553749692790296
technical_256,aten::narrow,"[[1, 301, 64], [], [], []]",10,2.0,0.01049999999995248,0.0020999999999904958,0.0014549592666212234
technical_256,aten::transpose,"[[3072, 768], [], []]",10,2.0,0.010205000000016298,0.00204100000000326,0.0014140818396152853
technical_256,aten::_softmax,"[[1, 3], [], []]",5,1.0,0.010126000000018393,0.0020252000000036785,0.0014031350032285665
technical_256,aten::div,"[[1], [1]]",5,1.0,0.009625,0.001925,0.001333712661075491
technical_256,aten::zero_,"[[1, 301]]",15,3.0,0.009456000000222616,0.0018912000000445232,0.0013102947452910906
technical_256,aten::as_strided,"[[1, 301], [], [], []]",50,10.0,0.00941300000001638,0.0018826000000032761,0.0013043363406467993
technical_256,aten::clamp_min,"[[1, 3], []]",5,1.0,0.009375,0.001875,0.001299070773774829
technical_256,aten::select,"[[1, 301], [], []]",10,2.0,0.009250000000058208,0.0018500000000116416,0.0012817498301325636
technical_256,aten::clone,"[[1, 3], []]",5,1.0,0.009245000000082654,0.0018490000000165308,0.0012810569923899378
technical_256,aten::gelu,"[[1, 256], []]",5,1.0,0.00920899999991525,0.00184179999998305,0.0012760685605954455
technical_256,aten::as_strided,"[[768], [], [], []]",55,11.0,0.009086000000184866,0.0018172000000369732,0.00125902475208088
technical_256,aten::fill_,"[[1, 301], []]",5,1.0,0.008832999999939261,0.0017665999999878523,0.0012239671620985768
technical_256,aten::copy_,"[[301], [301], []]",5,1.0,0.008748999999981607,0.0017497999999963212,0.0012123274879714222
technical_256,aten::as_strided,"[[1, 1, 1, 301], [], [], []]",10,2.0,0.008625,0.0017250000000000002,0.0011951451118728425
technical_256,aten::div,"[[1], []]",5,1.0,0.008582000000140397,0.0017164000000280794,0.001189186707276583
technical_256,aten::clamp,"[[1], [], []]",5,1.0,0.008541000000142959,0.0017082000000285917,0.0011835054377596294
technical_256,aten::narrow,"[[2304], [], [], []]",30,6.0,0.008294999999838182,0.0016589999999676364,0.0011494178206135459
technical_256,aten::_local_scalar_dense,[[]],15,3.0,0.00825099999998929,0.001650199999997858,0.0011433208484695678
technical_256,aten::select,"[[1, 1, 301], [], []]",10,2.0,0.008085000000052788,0.0016170000000105575,0.001120318635310727
technical_256,aten::as_strided,"[[1, 3], [], [], []]",15,3.0,0.00800199999997858,0.001600399999995716,0.0011088175287166245
technical_256,aten::as_strided,"[[1], [], [], []]",45,9.0,0.007999999999896772,0.0015999999999793545,0.0011085403936068833
technical_256,aten::unsqueeze,"[[1, 32], []]",10,2.0,0.00779300000001831,0.0015586000000036618,0.0010798569109387761
technical_256,aten::neg,[[1]],5,1.0,0.007790999999997439,0.0015581999999994879,0.001079579775837479
technical_256,aten::as_strided,"[[1, 32, 1], [], [], []]",30,6.0,0.007628000000065868,0.0015256000000131735,0.001056993265326929
technical_256,aten::linear,"[[1, 3, 768], [1, 768], [1]]",5,1.0,0.007542000000190455,0.001508400000038091,0.0010450764561127652
technical_256,aten::select,"[[1, 3], [], []]",10,2.0,0.007457999999984167,0.0014915999999968335,0.001033436781951158
technical_256,aten::copy_,"[[3, 1], [3, 1], []]",5,1.0,0.007375000000029104,0.0014750000000058208,0.0010219356753735649
technical_256,aten::as_strided,"[[3072, 768], [], [], []]",10,2.0,0.007252000000007684,0.0014504000000015367,0.001004891866818671
technical_256,aten::unsqueeze,"[[1, 1, 1], []]",10,2.0,0.007247999999920921,0.0014495999999841842,0.0010043375966098378
technical_256,aten::view,"[[1, 32, 1], []]",10,2.0,0.007205999999978758,0.0014411999999957516,0.0009985177595513409
technical_256,aten::masked_fill_,"[[1, 3], [1, 3], []]",5,1.0,0.006833999999973458,0.0013667999999946916,0.0009469706312472213
technical_256,aten::select,"[[1, 32, 301], [], []]",10,2.0,0.006790999999960149,0.0013581999999920298,0.0009410122266296634
technical_256,aten::view,"[[1, 3, 768], []]",10,2.0,0.006790999999910128,0.0013581999999820256,0.0009410122266227318
technical_256,aten::fill_,"[[301], []]",5,1.0,0.006666999999941823,0.0013333999999883646,0.0009238298505259955
technical_256,aten::dropout,"[[1, 301, 3072], [], []]",10,2.0,0.006626000000018393,0.0013252000000036786,0.0009181485810192972
technical_256,aten::to,"[[1, 301], [], [], [], [], []]",10,2.0,0.006541000000113854,0.0013082000000227709,0.0009063703393502997
technical_256,aten::softmax,"[[1, 3], [], []]",5,1.0,0.0064559999999473806,0.001291199999989476,0.0008945920976450067
technical_256,aten::unsqueeze,"[[1, 1], []]",10,2.0,0.006291000000013127,0.0012582000000026254,0.0008717284520356802
technical_256,aten::copy_,"[[1], [1], []]",5,1.0,0.006166999999986728,0.0012333999999973456,0.0008545460759308937
technical_256,aten::is_nonzero,[[]],10,2.0,0.006080999999907363,0.0012161999999814725,0.0008426292666884685
technical_256,aten::detach,"[[1, 3]]",10,2.0,0.006040000000037253,0.0012080000000074507,0.0008369479971891584
technical_256,aten::_to_copy,"[[1], [], [], [], [], [], []]",5,1.0,0.00595800000015879,0.0011916000000317581,0.0008255854581713824
technical_256,aten::slice,"[[1, 301, 64], [], [], [], []]",10,2.0,0.005832000000129938,0.0011664000000259876,0.0008081259469678506
technical_256,aten::fill_,"[[1, 1], []]",25,5.0,0.005832000000095377,0.0011664000000190754,0.0008081259469630616
technical_256,aten::expand,"[[3072], [], []]",10,2.0,0.005625000000174622,0.0011250000000349245,0.0007794424642890943
technical_256,aten::as_strided,"[[1, 1, 301], [], [], []]",40,8.0,0.0055839999998120214,0.0011167999999624042,0.0007737611947215411
technical_256,aten::_unsafe_view,"[[1, 32, 301], []]",10,2.0,0.0052920000000315215,0.0010584000000063043,0.0007332994703847832
technical_256,aten::expand,"[[1, 1, 301], [], []]",10,2.0,0.005253000000084285,0.001050600000016857,0.0007278953359731912
technical_256,aten::new_empty,"[[1, 1, 301, 1], [], [], [], [], []]",10,2.0,0.005124999999923602,0.0010249999999847204,0.0007101586896529869
technical_256,aten::view,"[[1, 1, 1, 301], []]",15,3.0,0.005123000000182855,0.001024600000036571,0.0007098815545905058
technical_256,aten::as_strided,"[[1, 32, 301], [], [], []]",20,4.0,0.005082999999963022,0.0010165999999926043,0.0007043388525919379
technical_256,aten::to,"[[1, 1, 301], [], [], [], []]",10,2.0,0.00500100000007933,0.001000200000015866,0.0006929763135734373
technical_256,aten::as_strided,"[[1, 768], [], [], []]",15,3.0,0.004997999999934109,0.0009995999999868218,0.0006925606109057064
technical_256,aten::to,"[[1, 3], [], [], [], [], [], [], []]",20,4.0,0.004873999999923399,0.0009747999999846797,0.0006753782348030939
technical_256,aten::as_strided,"[[1, 3, 1], [], [], []]",10,2.0,0.004833000000013271,0.0009666000000026542,0.0006696969652982387
technical_256,aten::reshape,"[[1, 301], []]",5,1.0,0.004792000000002645,0.000958400000000529,0.0006640156957794576
technical_256,aten::copy_,"[[1, 256], [1, 256], []]",5,1.0,0.004541000000026543,0.0009082000000053085,0.0006292352409329044
technical_256,aten::resolve_conj,"[[301, 1152]]",110,22.0,0.004540999999567248,0.0009081999999134496,0.000629235240869261
technical_256,aten::expand,"[[1, 1, 1, 301], [], []]",10,2.0,0.00449900000001071,0.0008998000000021419,0.0006234154038641992
technical_256,aten::to,"[[1, 301, 64], [], [], [], []]",20,4.0,0.0044569999999525866,0.0008913999999905173,0.000617595566789634
technical_256,aten::_softmax,"[[1, 2], [], []]",5,1.0,0.0043329999999259594,0.0008665999999851919,0.000600413190684816
technical_256,aten::expand,"[[256], [], []]",5,1.0,0.004250000000029104,0.0008500000000058207,0.0005889120841152885
technical_256,aten::select,"[[1, 301, 768], [], []]",5,1.0,0.004165999999997439,0.0008331999999994878,0.0005772724099778783
technical_256,aten::expand,"[[1, 1, 1, 1], [], []]",5,1.0,0.004122000000166736,0.0008244000000333472,0.0005711754378364209
technical_256,aten::as_strided,"[[2304], [], [], []]",30,6.0,0.00408400000014808,0.0008168000000296161,0.0005659098709641352
technical_256,aten::to,"[[1, 1, 301, 301], [], [], [], [], [], [], []]",10,2.0,0.003998999999939088,0.0007997999999878175,0.0005541316292529504
technical_256,aten::linear,"[[1, 772], [256, 772], [256]]",5,1.0,0.0039569999999657735,0.0007913999999931547,0.0005483117921901372
technical_256,aten::reshape,"[[1, 32, 1], []]",10,2.0,0.0037950000000846556,0.0007590000000169311,0.0005258638492357812
technical_256,aten::copy_,"[[3], [3], []]",5,1.0,0.0037900000000689717,0.0007580000000137943,0.0005251710114875947
technical_256,aten::copy_,"[[3], [], []]",5,1.0,0.0037500000000133013,0.0007500000000026602,0.0005196283095117747
technical_256,aten::__and__,"[[1, 1, 301, 301], [1, 1, 301, 1]]",5,1.0,0.0036250000000291036,0.0007250000000058207,0.0005023073658636332
technical_256,aten::t,"[[1, 768]]",5,1.0,0.0036250000000291036,0.0007250000000058207,0.0005023073658636332
technical_256,aten::t,"[[256, 772]]",5,1.0,0.0036249999998835846,0.0007249999999767169,0.000502307365843469
technical_256,aten::select,"[[1, 32, 1], [], []]",10,2.0,0.0035840000000898725,0.0007168000000179745,0.0004966260963547453
technical_256,aten::to,"[[1], [], [], [], []]",10,2.0,0.0035409999997646083,0.0007081999999529216,0.0004906676916939603
technical_256,aten::empty_like,"[[1, 3], [], [], [], [], []]",5,1.0,0.0034599999998754355,0.0006919999999750871,0.0004794437202239029
technical_256,aten::as_strided,"[[1, 1, 1, 1], [], [], []]",5,1.0,0.0034179999999312256,0.0006835999999862451,0.0004736238831651224
technical_256,aten::transpose,"[[1, 768], [], []]",5,1.0,0.0034170000000158323,0.0006834000000031664,0.00047348531562764343
technical_256,aten::t,"[[2, 256]]",5,1.0,0.0034160000002011657,0.0006832000000402331,0.000473346748104122
technical_256,aten::linear,"[[1, 256], [2, 256], [2]]",5,1.0,0.0033359999998356215,0.0006671999999671243,0.0004622613441172576
technical_256,aten::view,"[[1, 1, 301], []]",10,2.0,0.003292999999859603,0.0006585999999719206,0.0004563029395048667
technical_256,aten::as_strided,"[[3, 768], [], [], []]",5,1.0,0.0032100000000500587,0.0006420000000100117,0.00044480183294743784
technical_256,aten::as_strided,"[[32], [], [], []]",10,2.0,0.0032059999999632964,0.0006411999999926593,0.0004442475627386049
technical_256,aten::as_strided,"[[], [], [], []]",15,3.0,0.0031659999998810235,0.0006331999999762047,0.0004387048607590986
technical_256,aten::select,"[[256000, 768], [], []]",5,1.0,0.003126999999936288,0.0006253999999872576,0.0004333007263478532
technical_256,aten::copy_,"[[301], [], []]",5,1.0,0.003125,0.000625,0.0004330235912582762
technical_256,aten::copy_,"[[1, 2], [1, 2], []]",5,1.0,0.0031249999999417924,0.0006249999999883585,0.0004330235912502105
technical_256,aten::view,"[[3], []]",10,2.0,0.002959000000060769,0.0005918000000121538,0.00041002137809905727
technical_256,aten::transpose,"[[256, 772], [], []]",5,1.0,0.0029170000000158323,0.0005834000000031665,0.00040420154102631926
technical_256,aten::to,"[[1, 32, 1], [], [], [], [], []]",10,2.0,0.002875000000015916,0.0005750000000031832,0.00039838170395981964
technical_256,aten::resolve_conj,"[[301, 3072]]",20,4.0,0.0027899999999790454,0.000557999999995809,0.00038660346227248544
technical_256,aten::_reshape_alias,"[[1, 1, 1, 301], [], []]",5,1.0,0.0027490000000107103,0.0005498000000021421,0.00038092219275956456
technical_256,aten::__and__,"[[1, 1, 301, 301], [1, 1, 1, 301]]",5,1.0,0.002708999999941625,0.0005417999999883249,0.0003753794907818857
technical_256,aten::transpose,"[[2, 256], [], []]",5,1.0,0.002708999999740627,0.0005417999999481253,0.00037537949075403383
technical_256,aten::as_strided,"[[301], [], [], []]",15,3.0,0.0026659999999708362,0.0005331999999941673,0.0003694210861702195
technical_256,aten::select,"[[1, 768], [], []]",5,1.0,0.0026659999999392313,0.0005331999999878463,0.0003694210861658401
technical_256,aten::fill_,"[[3], []]",5,1.0,0.0026239999999841074,0.0005247999999968215,0.00036360124910554724
technical_256,aten::log,[[1]],5,1.0,0.0025420000000158324,0.0005084000000031665,0.0003522387100753261
technical_256,aten::reshape,"[[1, 1, 301], []]",10,2.0,0.0025390000001959834,0.0005078000000391967,0.00035182300745268124
technical_256,aten::view,"[[1, 301], []]",5,1.0,0.002375000000055593,0.0004750000000111186,0.00032909792936399335
technical_256,aten::as_strided,"[[1, 1, 1], [], [], []]",10,2.0,0.002334000000002561,0.0004668000000005122,0.00032341665983933625
technical_256,aten::as_strided,"[[301, 1, 768], [], [], []]",10,2.0,0.0023329999999550637,0.00046659999999101273,0.000323278092283552
technical_256,aten::to,"[[301], [], [], [], [], []]",5,1.0,0.002206999999965774,0.00044139999999315483,0.0003058185810855024
technical_256,aten::to,"[[1, 301], [], [], [], [], [], [], []]",10,2.0,0.0021680000000342263,0.00043360000000684524,0.0003004144466760844
technical_256,aten::detach_,[[301]],5,1.0,0.002125000000002501,0.00042500000000050023,0.00029445604205597444
technical_256,aten::as_strided,"[[1, 2], [], [], []]",15,3.0,0.00212400000001071,0.00042480000000214203,0.0002943174745079093
technical_256,aten::detach_,[[1]],10,2.0,0.0021229999998467973,0.0004245999999693595,0.0002941789069359937
technical_256,aten::view,"[[3, 768], []]",5,1.0,0.0020840000000025612,0.0004168000000005122,0.0002887747725386742
technical_256,aten::select,"[[301, 768], [], []]",5,1.0,0.002041000000142958,0.0004082000000285916,0.00028281636794241473
technical_256,aten::expand,"[[1], [], []]",5,1.0,0.001998999999865191,0.00039979999997303824,0.000276996530837414
technical_256,aten::as_strided,"[[1, 32], [], [], []]",10,2.0,0.0019149999999658576,0.0003829999999931715,0.00026535685671834065
technical_256,aten::expand,"[[2], [], []]",5,1.0,0.0018749999999417924,0.0003749999999883585,0.00025981415474690006
technical_256,aten::resolve_conj,"[[3, 768]]",10,2.0,0.001749999999825377,0.0003499999999650754,0.00024249321108043764
technical_256,aten::softmax,"[[1, 2], [], []]",5,1.0,0.0017090000000898726,0.0003418000000179745,0.00023681194159977956
technical_256,aten::detach_,[[3]],5,1.0,0.0016260000000183935,0.0003252000000036787,0.00022531083500605507
technical_256,aten::as_strided,"[[256, 772], [], [], []]",5,1.0,0.001625,0.000325,0.00022517226745430365
technical_256,aten::view,"[[3, 1], []]",5,1.0,0.0015839999999734573,0.0003167999999946915,0.00021949099793331715
technical_256,aten::lift_fresh,[[301]],5,1.0,0.0015829999998993572,0.00031659999997987146,0.00021935243037384658
technical_256,aten::as_strided,"[[1, 1], [], [], []]",10,2.0,0.0015430000000185374,0.00030860000000370745,0.00021380972842225518
technical_256,aten::to,"[[1, 1, 301, 1], [], [], [], [], [], [], []]",5,1.0,0.0015000000000131876,0.0003000000000026375,0.0002078513238058
technical_256,aten::as_strided,"[[3072], [], [], []]",10,2.0,0.0014999999999126884,0.00029999999998253765,0.00020785132379187406
technical_256,aten::as_strided,"[[2, 256], [], [], []]",5,1.0,0.0013740000001271255,0.0002748000000254251,0.00019039181262205438
technical_256,aten::to,"[[1, 2], [], [], [], [], [], [], []]",10,2.0,0.0013339999999443534,0.0002667999999888707,0.00018484911062862215
technical_256,aten::detach,"[[1, 2]]",5,1.0,0.0012930000000342262,0.0002586000000068452,0.000179167841123767
technical_256,aten::to,"[[1, 1, 1, 301], [], [], [], [], [], [], []]",5,1.0,0.0012930000000183099,0.000258600000003662,0.00017916784112156155
technical_256,aten::to,"[[1, 768], [], [], [], []]",5,1.0,0.0010000000000873115,0.0002000000000174623,0.00013856754921474695
technical_256,aten::as_strided,"[[256000, 768], [], [], []]",5,1.0,0.000958000000097968,0.00019160000001959362,0.00013274771214971236
technical_256,aten::to,"[[1, 2], [], [], [], []]",5,1.0,0.0009160000000265427,0.00018320000000530853,0.0001269278750733039
technical_256,aten::to,"[[1, 772], [], [], [], []]",5,1.0,0.0008349999999918509,0.0001669999999983702,0.00011570390358308222
technical_256,aten::to,"[[1], [], [], [], [], [], [], []]",5,1.0,0.0008339999999576549,0.00016679999999153096,0.00011556533602914111
technical_256,aten::fill_,"[[], []]",10,2.0,0.0007520000000079108,0.00015040000000158217,0.00010420279700148779
technical_256,aten::resolve_conj,"[[1, 32, 1]]",10,2.0,0.0007500000001004992,0.00015000000002009982,0.00010392566191591224
technical_256,aten::resolve_neg,"[[1, 3]]",5,1.0,0.0007100000000209547,0.00014200000000419094,9.838295993678403e-05
technical_256,aten::to,"[[3], [], [], [], [], []]",5,1.0,0.0006660000001296566,0.00013320000002593134,9.228598778693004e-05
technical_256,aten::to,"[[1], [], [], [], [], []]",10,2.0,0.0006270000000234858,0.00012540000000469716,8.688185335331494e-05
technical_256,aten::as_strided,"[[256], [], [], []]",5,1.0,0.000625,0.000125,8.660471825165525e-05
technical_256,aten::to,"[[1, 3, 768], [], [], [], []]",5,1.0,0.000584000000031665,0.000116800000006333,8.09234487387344e-05
technical_256,aten::zero_,"[[1, 3]]",10,2.0,0.0005840000000290502,0.00011680000000581004,8.092344873837209e-05
technical_256,aten::as_strided,"[[301, 768], [], [], []]",5,1.0,0.0005839999999152496,0.00011679999998304993,8.092344872260302e-05
technical_256,aten::as_strided,"[[2], [], [], []]",5,1.0,0.000540999999968335,0.00010819999999366701,7.496504411424505e-05
technical_256,aten::resolve_conj,"[[1, 256]]",10,2.0,0.0004589999999443535,9.17999999888707e-05,6.360250507630481e-05
technical_256,aten::lift_fresh,[[]],10,2.0,0.0004570000001669996,9.140000003339992e-05,6.332537000875105e-05
technical_256,aten::lift_fresh,[[1]],10,2.0,0.00037500000003433344,7.500000000686669e-05,5.1962830955750655e-05
technical_256,aten::resolve_conj,"[[1, 301]]",10,2.0,0.00033500000008166353,6.700000001633271e-05,4.642012899420313e-05
technical_256,aten::resolve_conj,"[[1, 2]]",10,2.0,0.00033399999991524964,6.679999998304993e-05,4.628156142194092e-05
technical_256,aten::resolve_conj,"[[1, 1, 301]]",10,2.0,0.00033199999995235885,6.639999999047178e-05,4.600442632867775e-05
technical_256,aten::resolve_conj,"[[32, 301]]",10,2.0,0.000290999999825317,5.81999999650634e-05,4.032315679376529e-05
technical_256,aten::resolve_conj,"[[32, 1]]",10,2.0,0.0002479999999206939,4.959999998413877e-05,3.436475219126755e-05
technical_256,aten::resolve_neg,"[[1, 2]]",5,1.0,0.00020999999984633178,4.1999999969266356e-05,2.9099185311262738e-05
technical_256,aten::lift_fresh,[[3]],5,1.0,0.00020899999989944717,4.179999997988943e-05,2.896061776942016e-05
technical_256,aten::resolve_conj,"[[1, 772]]",5,1.0,0.0002080000000423752,4.160000000847504e-05,2.8822050240022692e-05
technical_256,aten::resolve_conj,"[[3, 1]]",5,1.0,0.00020800000001327135,4.160000000265427e-05,2.8822050235989847e-05
technical_256,aten::resolve_conj,"[[1, 3]]",5,1.0,0.00016800000000512228,3.360000000102445e-05,2.3279348266754714e-05
technical_256,aten::resolve_conj,"[[768, 1]]",5,1.0,0.00012499999997089617,2.4999999994179235e-05,1.7320943646298204e-05
technical_512,aten::mm,"[[557, 768], [768, 2304]]",220,44.0,453.4151120000023,90.68302240000045,34.48478922310164
technical_512,aten::_scaled_dot_product_flash_attention_for_cpu,"[[1, 12, 557, 64], [1, 12, 557, 64], [1, 12, 557, 64], [], [], [1, 1, 557, 557], []]",70,14.0,208.62189799999754,41.72437959999951,15.86687781119499
technical_512,aten::mm,"[[557, 1152], [1152, 768]]",110,22.0,127.2544190000003,25.45088380000006,9.678419842617092
technical_512,aten::_scaled_dot_product_flash_attention_for_cpu,"[[1, 12, 557, 64], [1, 12, 557, 64], [1, 12, 557, 64], [], [], [], []]",40,8.0,99.71412100000069,19.94282420000014,7.583824081390258
technical_512,aten::mm,"[[557, 768], [768, 768]]",110,22.0,75.89927299999903,15.179854599999805,5.77256990850275
technical_512,aten::mul,"[[1, 12, 557, 64], [1, 1, 557, 64]]",440,88.0,36.61419299999931,7.322838599999862,2.784716906786588
technical_512,aten::addmm,"[[768], [557, 3072], [3072, 768], [], []]",10,2.0,35.997139000000665,7.199427800000133,2.7377864526264597
technical_512,aten::gelu,"[[1, 557, 1152], []]",110,22.0,33.78040000000086,6.756080000000172,2.5691908872064393
technical_512,aten::addmm,"[[3072], [557, 768], [768, 3072], [], []]",10,2.0,33.742352000000096,6.748470400000019,2.566297121150431
technical_512,aten::addmm,"[[768], [557, 768], [768, 768], [], []]",40,8.0,30.724782999999704,6.144956599999941,2.3367938951283156
technical_512,aten::_scaled_dot_product_flash_attention_for_cpu,"[[1, 12, 557, 64], [1, 12, 557, 64], [1, 12, 557, 64], [], [], [1, 1, 1, 557], []]",10,2.0,29.336367000000813,5.867273400000163,2.231196988790656
technical_512,aten::native_layer_norm,"[[1, 557, 768], [], [768], [], []]",225,45.0,23.138227000001578,4.627645400000316,1.7597933107516939
technical_512,aten::add,"[[1, 557, 768], [1, 557, 768], []]",240,48.0,21.589125000001328,4.317825000000266,1.641975323346163
technical_512,aten::cat,"[[], []]",240,48.0,19.01075799999616,3.802151599999232,1.4458758988193094
technical_512,aten::add,"[[1, 12, 557, 64], [1, 12, 557, 64], []]",220,44.0,14.552775999999955,2.9105551999999912,1.1068210998909285
technical_512,aten::mul,"[[1, 557, 1152], [1, 557, 1152]]",110,22.0,13.62050100000027,2.7241002000000543,1.035916302009035
technical_512,aten::neg,"[[1, 12, 557, 32]]",220,44.0,9.413168000001155,1.882633600000231,0.7159247802082161
technical_512,aten::where,"[[1, 1, 557, 557], [], []]",140,28.0,5.7297850000003505,1.14595700000007,0.4357826256543046
technical_512,aten::clamp_min,"[[1, 557, 3072], []]",10,2.0,3.540506000000285,0.7081012000000569,0.26927554887746213
technical_512,aten::copy_,"[[557, 768], [557, 768], []]",50,10.0,2.4258639999996516,0.48517279999993035,0.18450070698988494
technical_512,aten::slice,"[[1, 12, 557, 64], [], [], [], []]",880,176.0,2.05049999999738,0.410099999999476,0.15595214722768047
technical_512,aten::native_layer_norm,"[[1, 557, 768], [], [768], [768], []]",20,4.0,1.9479589999999152,0.38959179999998306,0.14815332297579137
technical_512,aten::empty,"[[], [], [], [], [], []]",1285,257.0,1.3760969999975035,0.2752193999995007,0.10465997656349885
technical_512,aten::matmul,"[[1, 557, 768], [768, 2304]]",220,44.0,1.3269260000006302,0.26538520000012605,0.1009202433126554
technical_512,aten::copy_,"[[557, 3072], [557, 3072], []]",10,2.0,1.2960550000002549,0.259211000000051,0.09857232878589098
technical_512,aten::addmm,"[[768], [3, 768], [768, 768], [], []]",5,1.0,1.0506440000005532,0.21012880000011064,0.07990743124709816
technical_512,aten::transpose,"[[1, 557, 12, 64], [], []]",450,90.0,1.0141040000014683,0.20282080000029365,0.0771283571385568
technical_512,aten::bitwise_and,"[[], [1, 1, 557, 557]]",10,2.0,0.8415240000002927,0.16830480000005854,0.06400266995554252
technical_512,aten::scaled_dot_product_attention,"[[1, 12, 557, 64], [1, 12, 557, 64], [1, 12, 557, 64], [1, 1, 557, 557], [], [], [], []]",70,14.0,0.7418640000000958,0.14837280000001915,0.05642296208294502
technical_512,aten::transpose,"[[1, 12, 557, 64], [], []]",590,118.0,0.7022519999999075,0.1404503999999815,0.05341024496223293
technical_512,aten::layer_norm,"[[1, 557, 768], [], [768], [], [], []]",225,45.0,0.6962939999995874,0.13925879999991747,0.052957105292282355
technical_512,aten::as_strided,"[[1, 12, 557, 64], [], [], []]",1480,296.0,0.6857610000010302,0.13715220000020606,0.052156010941379505
technical_512,aten::t,"[[2304, 768]]",220,44.0,0.6763229999973114,0.13526459999946228,0.05143819754654086
technical_512,aten::select,"[[1, 557, 3, 12, 64], [], []]",330,66.0,0.6245139999984548,0.12490279999969096,0.04749782944337046
technical_512,aten::cos,"[[1, 557, 64]]",10,2.0,0.6121119999995781,0.12242239999991562,0.04655458704895691
technical_512,aten::narrow,"[[1, 12, 557, 64], [], [], []]",440,88.0,0.5991110000043954,0.11982220000087909,0.045565787309694086
technical_512,aten::matmul,"[[1, 557, 1152], [1152, 768]]",110,22.0,0.5901069999994726,0.11802139999989451,0.04488098207467456
technical_512,aten::split,"[[1, 557, 2304], [], []]",110,22.0,0.5698919999999016,0.11397839999998031,0.04334351674614753
technical_512,aten::matmul,"[[1, 557, 768], [768, 768]]",110,22.0,0.5063180000002829,0.10126360000005659,0.038508353708934295
technical_512,aten::unbind,"[[1, 557, 3, 12, 64], []]",110,22.0,0.4852500000010333,0.09705000000020667,0.036906012895630225
technical_512,aten::linear,"[[1, 557, 768], [2304, 768], []]",220,44.0,0.47162000000272614,0.09432400000054522,0.03586937414095967
technical_512,aten::le,"[[1, 1, 557, 557], []]",5,1.0,0.47053200000006973,0.09410640000001394,0.03578662557397688
technical_512,aten::view,"[[557], []]",490,98.0,0.45219000000012916,0.09043800000002583,0.034391612511580155
technical_512,aten::mul,"[[1, 557, 64], []]",20,4.0,0.45036599999982535,0.09007319999996508,0.03425288697313049
technical_512,aten::sin,"[[1, 557, 64]]",10,2.0,0.4430729999998375,0.0886145999999675,0.03369821298642918
technical_512,aten::abs,"[[1, 1, 557, 557], [0]]",5,1.0,0.44053299999995876,0.08810659999999175,0.03350503158972598
technical_512,aten::unsqueeze,"[[1, 557, 64], []]",220,44.0,0.43306100000125847,0.08661220000025169,0.032936743638551126
technical_512,aten::transpose,"[[2304, 768], [], []]",220,44.0,0.4268630000014351,0.08537260000028703,0.03246535060831906
technical_512,aten::sub,"[[1, 1, 557, 1], [1, 1, 1, 557], []]",5,1.0,0.402615999999927,0.08052319999998539,0.03062122882628074
technical_512,aten::to,"[[1, 12, 557, 64], [], [], [], []]",660,132.0,0.3851199999983073,0.07702399999966146,0.029290558858881773
technical_512,aten::bitwise_and,"[[1, 1, 557, 557], [1, 1, 557, 1]]",5,1.0,0.38370099999994794,0.07674019999998959,0.02918263586611879
technical_512,aten::t,"[[768, 1152]]",110,22.0,0.37340200000014556,0.07468040000002911,0.028399338541432555
technical_512,aten::narrow,"[[1, 557, 2304], [], [], []]",220,44.0,0.364244000000319,0.0728488000000638,0.027702820733929077
technical_512,aten::_unsafe_view,"[[557, 2304], []]",220,44.0,0.36333099999999363,0.07266619999999872,0.027633381909023067
technical_512,aten::transpose,"[[768, 1152], [], []]",110,22.0,0.359619999999737,0.07192399999994739,0.027351139325066623
technical_512,aten::_unsafe_view,"[[557, 768], []]",220,44.0,0.35716400000025894,0.07143280000005178,0.027164346604505653
technical_512,aten::chunk,"[[1, 557, 2304], [], []]",110,22.0,0.34029700000092633,0.06805940000018526,0.02588151565245075
technical_512,aten::view,"[[1, 557, 768], []]",350,70.0,0.33886600000088357,0.06777320000017671,0.025772679991543763
technical_512,aten::index_select,"[[256000, 768], [], [557]]",5,1.0,0.33115700000024434,0.06623140000004887,0.025186366846906165
technical_512,aten::empty_strided,"[[], [], [], [], [], []]",200,40.0,0.32432899999876014,0.06486579999975203,0.024667058745709652
technical_512,aten::slice,"[[1, 557, 2304], [], [], [], []]",220,44.0,0.29015699999902056,0.05803139999980411,0.022068084458935464
technical_512,aten::_to_copy,"[[], [], [], [], [], [], []]",35,7.0,0.28228399999946535,0.05645679999989307,0.021469298184828785
technical_512,aten::view,"[[1, 557, 12, 64], []]",110,22.0,0.28199499999932237,0.056398999999864474,0.02144731809676677
technical_512,aten::linear,"[[1, 557, 768], [768, 768], []]",110,22.0,0.2818710000001629,0.056374200000032584,0.021437887193999076
technical_512,aten::as_strided,"[[1, 557, 12, 64], [], [], []]",450,90.0,0.2779510000001665,0.0555902000000333,0.021139748975451046
technical_512,aten::as_strided,"[[2304, 768], [], [], []]",250,50.0,0.26420000000082017,0.052840000000164034,0.020093907484873805
technical_512,aten::add,"[[1, 557, 768], [1, 1, 768], []]",5,1.0,0.2631629999997676,0.052632599999953525,0.020015037757080852
technical_512,aten::scalar_tensor,"[[], [], [], [], []]",160,32.0,0.25587699999997854,0.05117539999999571,0.019460896160070643
technical_512,aten::linear,"[[1, 557, 1152], [768, 1152], []]",110,22.0,0.25408300000095735,0.05081660000019147,0.019324452291758436
technical_512,aten::view,"[[1, 557, 2304], []]",110,22.0,0.2465369999994236,0.04930739999988472,0.018750536220936313
technical_512,aten::empty_like,"[[1, 12, 557, 64], [], [], [], [], []]",120,24.0,0.2453570000008294,0.04907140000016588,0.01866079053280675
technical_512,aten::view,"[[1, 557, 1152], []]",110,22.0,0.24511899999874548,0.049023799999749096,0.018642689283664967
technical_512,aten::scaled_dot_product_attention,"[[1, 12, 557, 64], [1, 12, 557, 64], [1, 12, 557, 64], [], [], [], [], []]",40,8.0,0.24324699999959468,0.048649399999918935,0.01850031307323914
technical_512,aten::t,"[[768, 768]]",155,31.0,0.23144800000044052,0.0462896000000881,0.01760293224660669
technical_512,aten::addmm,"[[256], [1, 772], [772, 256], [], []]",5,1.0,0.22178599999990548,0.0443571999999811,0.016868082382378833
technical_512,aten::reshape,"[[1, 557, 768], []]",330,66.0,0.20241199999849724,0.04048239999969945,0.015394579870497563
technical_512,aten::as_strided,"[[1, 557, 3, 12, 64], [], [], []]",330,66.0,0.2022130000011402,0.04044260000022804,0.015379444792767165
technical_512,aten::reshape,"[[1, 557, 12, 64], []]",110,22.0,0.17615500000082102,0.0352310000001642,0.013397586196076665
technical_512,aten::linear,"[[557, 1, 768], [768, 768], [768]]",30,6.0,0.17582600000040838,0.03516520000008168,0.013372563881274262
technical_512,aten::as_strided,"[[1, 557, 2304], [], [], []]",220,44.0,0.16479000000027735,0.03295800000005547,0.012533213529249236
technical_512,aten::as_strided,"[[768, 1152], [], [], []]",110,22.0,0.16153999999982807,0.032307999999965614,0.012286032608224768
technical_512,aten::linear,"[[1, 557, 3072], [768, 3072], [768]]",10,2.0,0.16128700000030222,0.03225740000006044,0.012266790524257581
technical_512,aten::bitwise_and,"[[1, 1, 557, 557], [1, 1, 1, 557]]",5,1.0,0.14374799999987864,0.028749599999975728,0.010932850163225717
technical_512,aten::reshape,"[[1, 557, 1152], []]",110,22.0,0.14169900000132657,0.028339800000265314,0.01077701209960996
technical_512,aten::native_layer_norm,"[[1, 3, 768], [], [768], [768], []]",5,1.0,0.14016000000020723,0.028032000000041447,0.010659962426477416
technical_512,aten::view,"[[557, 768], []]",55,11.0,0.13945700000021202,0.027891400000042404,0.010606495291875882
technical_512,aten::transpose,"[[768, 768], [], []]",155,31.0,0.12783300000099374,0.025566600000198746,0.00972242420713803
technical_512,aten::resolve_conj,"[[557, 768]]",650,130.0,0.12450000000041929,0.02490000000008386,0.009468930665660291
technical_512,aten::expand,"[[1, 1, 557, 557], [], []]",75,15.0,0.12271100000054733,0.024542200000109465,0.009332867075623363
technical_512,aten::unsqueeze,"[[1, 1, 557], []]",20,4.0,0.1147889999996721,0.02295779999993442,0.008730354073684445
technical_512,aten::scaled_dot_product_attention,"[[1, 12, 557, 64], [1, 12, 557, 64], [1, 12, 557, 64], [1, 1, 1, 557], [], [], [], []]",10,2.0,0.11186900000009337,0.022373800000018672,0.0085082715231652
technical_512,aten::linear,"[[1, 557, 768], [3072, 768], [3072]]",10,2.0,0.10858099999968544,0.02171619999993709,0.00825820048675999
technical_512,aten::eq,"[[1, 1, 1, 557], []]",10,2.0,0.10004100000014296,0.020008200000028592,0.007608685082100275
technical_512,aten::transpose,"[[1, 557, 12], [], []]",120,24.0,0.09608100000004743,0.019216200000009488,0.007307504636824829
technical_512,aten::bmm,"[[1, 32, 1], [1, 1, 557]]",10,2.0,0.08596099999989883,0.017192199999979764,0.006537821276683733
technical_512,aten::view,"[[1, 1, 557, 557], []]",70,14.0,0.08528900000022258,0.017057800000044514,0.006486711867814362
technical_512,aten::where,"[[1, 1, 1, 557], [], []]",20,4.0,0.08245100000026287,0.016490200000052573,0.006270865882041897
technical_512,aten::as_strided,"[[768, 768], [], [], []]",155,31.0,0.06662299999899735,0.013324599999799468,0.005067056768888888
technical_512,aten::arange,"[[], [], [], [0]]",25,5.0,0.06508300000021246,0.013016600000042492,0.004949931040265901
technical_512,aten::permute,"[[557, 1, 12, 64], []]",30,6.0,0.06428900000028079,0.012857800000056157,0.004889542839881469
technical_512,aten::layer_norm,"[[1, 557, 768], [], [768], [768], [], []]",20,4.0,0.06399600000027567,0.012799200000055133,0.004867258529157955
technical_512,aten::dropout,"[[1, 557, 1152], [], []]",110,22.0,0.06395499999982712,0.012790999999965424,0.004864140246735962
technical_512,aten::gather,"[[1, 557, 768], [], [1, 3, 768], []]",5,1.0,0.06316299999970942,0.012632599999941884,0.004803904157673374
technical_512,aten::index,"[[1, 557], []]",5,1.0,0.06270700000022725,0.01254140000004545,0.004769222773106119
technical_512,aten::resolve_conj,"[[557, 2304]]",220,44.0,0.0587019999985564,0.011740399999711281,0.004464619822650995
technical_512,aten::copy_,"[[1, 557], [1, 557], []]",15,3.0,0.05720899999994435,0.01144179999998887,0.004351068710437013
technical_512,aten::as_strided,"[[1, 557, 64], [], [], []]",230,46.0,0.05717299999914167,0.011434599999828333,0.004348330706328071
technical_512,aten::unflatten,"[[557, 1, 768], [], []]",30,6.0,0.055796000000322234,0.011159200000064446,0.004243602051585971
technical_512,aten::relu,"[[1, 557, 3072]]",10,2.0,0.05483499999978812,0.010966999999957625,0.004170512554600217
technical_512,aten::view,"[[557, 3072], []]",10,2.0,0.051371999999857504,0.010274399999971501,0.00390713177633183
technical_512,aten::transpose,"[[1, 557, 768], [], []]",30,6.0,0.05129199999955017,0.010258399999910035,0.003901047322868694
technical_512,aten::copy_,"[[], [], []]",35,7.0,0.050957000000574224,0.010191400000114845,0.003875568674167579
technical_512,aten::view,"[[557, 1, 768], []]",60,12.0,0.050914000000193485,0.010182800000038697,0.0038722982804147493
technical_512,aten::sum,"[[1, 3], [], [], []]",10,2.0,0.04828899999975692,0.009657799999951384,0.003672652151889382
technical_512,aten::matmul,"[[1, 32, 1], [1, 1, 557]]",10,2.0,0.0480049999998987,0.00960099999997974,0.003651052342189012
technical_512,aten::linear,"[[1, 557, 768], [768, 768], [768]]",10,2.0,0.047128000000229806,0.00942560000004596,0.0035843515213808126
technical_512,aten::index_select,"[[3, 768], [], [1]]",5,1.0,0.04674699999971199,0.009349399999942398,0.003555374311834567
technical_512,aten::expand,"[[768], [], []]",55,11.0,0.045868999999482185,0.009173799999896436,0.0034885974353157092
technical_512,aten::gelu,"[[1, 3, 768], []]",5,1.0,0.04391600000020117,0.008783200000040233,0.0033400607157722216
technical_512,aten::split,"[[2304, 768], [], []]",10,2.0,0.043873999999836086,0.008774799999967216,0.0033368663776885805
technical_512,aten::all,"[[1, 557]]",10,2.0,0.04307999999975141,0.008615999999950281,0.0032764781772925094
technical_512,aten::_to_copy,"[[1, 557], [], [], [], [], [], []]",15,3.0,0.04162400000014031,0.008324800000028063,0.003165741124718434
technical_512,aten::masked_fill_,"[[1, 557], [1, 557], []]",10,2.0,0.040623000000225146,0.00812460000004503,0.003089609401059874
technical_512,aten::clamp,"[[1, 3], [], []]",5,1.0,0.038413999999989755,0.007682799999997951,0.0029216024304365646
technical_512,aten::select,"[[1, 2], [], []]",15,3.0,0.03616800000006333,0.007233600000012666,0.0027507814001208643
technical_512,aten::add,"[[557], [], []]",10,2.0,0.035874999999926105,0.007174999999985221,0.0027284970893873017
technical_512,aten::unsqueeze,"[[1, 557], []]",30,6.0,0.03454000000020915,0.00690800000004183,0.0026269627726328137
technical_512,aten::to,"[[], [], [], [], []]",115,23.0,0.03433300000056625,0.00686660000011325,0.002611219249384591
technical_512,aten::as_strided,"[[1, 557, 12], [], [], []]",120,24.0,0.03416500000082487,0.006833000000164974,0.002598441897180763
technical_512,aten::narrow,"[[2304, 768], [], [], []]",30,6.0,0.03387300000028336,0.006774600000056671,0.0025762336420844484
technical_512,aten::unsqueeze,"[[1, 3], []]",5,1.0,0.03370999999996275,0.00674199999999255,0.0025638365681765504
technical_512,aten::permute,"[[1, 12, 557, 64], []]",10,2.0,0.030039000000135277,0.006007800000027055,0.0022846362109726296
technical_512,aten::topk,"[[1, 3], [], [], [], []]",5,1.0,0.02870699999993667,0.005741399999987334,0.0021833300611855
technical_512,aten::arange,"[[], [], [], [], []]",25,5.0,0.02729099999992559,0.005458199999985118,0.0020756352353008835
technical_512,aten::as_strided,"[[557, 1, 12, 64], [], [], []]",30,6.0,0.02699999999976717,0.005399999999953433,0.0020535030359017034
technical_512,aten::zeros_like,"[[1, 557], [], [], [], [], []]",10,2.0,0.026915000000037253,0.00538300000000745,0.0020470383041424987
technical_512,aten::split,"[[2304], [], []]",10,2.0,0.026788999999582303,0.00535779999991646,0.002037455289940273
technical_512,aten::ge,"[[1, 1, 557, 1], []]",5,1.0,0.0259999999998995,0.0051999999999798995,0.0019774473679147527
technical_512,aten::addmm,"[[1], [3, 768], [768, 1], [], []]",5,1.0,0.025458999999624213,0.005091799999924843,0.0019363012515074302
technical_512,aten::t,"[[768, 3072]]",10,2.0,0.024704999999550635,0.004940999999910127,0.0018789552778320849
technical_512,aten::slice,"[[1, 557], [], [], [], []]",5,1.0,0.024582000000053086,0.004916400000010617,0.0018696004307066662
technical_512,aten::embedding,"[[256000, 768], [1, 557], [], [], []]",5,1.0,0.024503000000010162,0.004900600000002033,0.0018635920329316375
technical_512,aten::copy_,"[[3, 768], [3, 768], []]",5,1.0,0.024166999999783,0.0048333999999566005,0.0018380373284673636
technical_512,aten::transpose,"[[768, 3072], [], []]",10,2.0,0.02187700000026962,0.004375400000053924,0.0016638698487912084
technical_512,aten::mul,"[[1, 3], [1, 3]]",5,1.0,0.021789999999920838,0.004357999999984168,0.0016572530056489414
technical_512,aten::slice,"[[2304, 768], [], [], [], []]",30,6.0,0.021545999999536436,0.004309199999907287,0.0016386954226284337
technical_512,aten::_to_copy,"[[1, 1, 557], [], [], [], [], [], []]",10,2.0,0.02120499999987351,0.004240999999974702,0.0016127604398670878
technical_512,aten::neg,[[1]],5,1.0,0.021165999999910128,0.004233199999982026,0.0016097942688179892
technical_512,aten::expand,"[[1, 32, 1], [], []]",20,4.0,0.02112199999976201,0.004224399999952402,0.0016064478194148556
technical_512,aten::bitwise_not,"[[1, 557]]",5,1.0,0.020958000000042377,0.004191600000008475,0.0015939746898846682
technical_512,aten::view,"[[1, 557, 3072], []]",10,2.0,0.020625000000232832,0.004125000000046566,0.0015686481524561475
technical_512,aten::copy_,"[[1, 1, 557], [1, 1, 557], []]",10,2.0,0.020585000000015497,0.004117000000003099,0.0015656059257197375
technical_512,aten::sum,"[[1, 557], []]",5,1.0,0.020415000000153668,0.004083000000030734,0.0015526764621707537
technical_512,aten::as_strided,"[[768, 3072], [], [], []]",10,2.0,0.020123999999894296,0.004024799999978859,0.0015305442627638953
technical_512,aten::linear,"[[1, 3, 768], [768, 768], [768]]",5,1.0,0.01946000000060303,0.003892000000120606,0.0014800432992677806
technical_512,aten::unsqueeze,"[[1], []]",30,6.0,0.01944800000044552,0.0038896000000891036,0.0014791306312398366
technical_512,aten::bitwise_not,"[[1, 3]]",5,1.0,0.01904200000001583,0.0038084000000031663,0.0014482520300003684
technical_512,aten::unsqueeze,"[[1, 768], []]",5,1.0,0.018957999999780442,0.0037915999999560885,0.0014418633538707162
technical_512,aten::flatten,"[[557, 1, 12, 64], [], []]",10,2.0,0.018916999999899417,0.0037833999999798834,0.0014387450714918875
technical_512,aten::stack,"[[], []]",5,1.0,0.01858399999997346,0.003716799999994692,0.0014134185340545125
technical_512,aten::resize_,"[[0], [], []]",25,5.0,0.01849799999990978,0.003699599999981956,0.0014068777466019263
technical_512,aten::t,"[[3072, 768]]",10,2.0,0.018166999999957627,0.003633399999991525,0.0013817033204985532
technical_512,aten::zeros,"[[], [], [], [], []]",15,3.0,0.01795900000007907,0.003591800000015814,0.0013658837415644106
technical_512,aten::expand,"[[1, 3, 1], [], []]",5,1.0,0.017831999999587424,0.003566399999917485,0.0013562246716913972
technical_512,aten::abs,"[[1, 1, 557, 557]]",5,1.0,0.017663999999947236,0.0035327999999894472,0.0013434473194952642
technical_512,aten::reshape,"[[1, 1, 1, 557], []]",10,2.0,0.016959000000132618,0.0033918000000265234,0.001289828073571468
technical_512,aten::masked_fill,"[[1, 3], [1, 3], []]",5,1.0,0.01695700000022771,0.003391400000045542,0.001289675962242706
technical_512,aten::view,"[[557, 1, 12, 64], []]",10,2.0,0.016916999999812103,0.0033833999999624206,0.0012866337354912165
technical_512,aten::new_ones,"[[1, 1, 557, 1], [], [], [], [], []]",10,2.0,0.01683100000021159,0.003366200000042318,0.001280092948073856
technical_512,aten::unsqueeze,"[[1, 1, 1], []]",10,2.0,0.016415999999825546,0.003283199999965109,0.0012485298458257338
technical_512,aten::dropout,"[[1, 557, 768], [], []]",25,5.0,0.01629100000012727,0.0032582000000254538,0.001239022887349055
technical_512,aten::full,"[[], [], [], [], [], []]",5,1.0,0.015956000000280825,0.003191200000056165,0.0012135442385817336
technical_512,aten::sub,"[[1], [1], []]",5,1.0,0.015706999999878464,0.003141399999975693,0.0011946063772198749
technical_512,aten::squeeze,"[[1, 3, 1], []]",5,1.0,0.015665999999910127,0.0031331999999820253,0.0011914880948344054
technical_512,aten::select,"[[3, 768], [], []]",5,1.0,0.015458000000537141,0.0030916000001074283,0.0011756685159387142
technical_512,aten::unsqueeze,"[[32], []]",10,2.0,0.015456000000212043,0.0030912000000424085,0.0011755164045779947
technical_512,aten::slice,"[[2304], [], [], [], []]",30,6.0,0.01537600000060047,0.003075200000120094,0.0011694319511677755
technical_512,aten::narrow,"[[1, 557, 64], [], [], []]",10,2.0,0.015374000000068463,0.0030748000000136925,0.0011692798397913194
technical_512,aten::embedding,"[[3, 768], [1], [], [], []]",5,1.0,0.015250999999901978,0.0030501999999803958,0.0011599249926150244
technical_512,aten::transpose,"[[1, 32, 557], [], []]",10,2.0,0.0150850000001642,0.0030170000000328398,0.0011472997517474634
technical_512,aten::div,"[[1], [1]]",5,1.0,0.014998999999836088,0.0029997999999672176,0.0011407589642747653
technical_512,aten::empty_like,"[[1, 557], [], [], [], [], []]",10,2.0,0.014959000000031664,0.002991800000006333,0.0011377167375697594
technical_512,aten::as_strided,"[[1, 557, 768], [], [], []]",35,7.0,0.014916999999899417,0.0029833999999798835,0.0011345223995038265
technical_512,aten::layer_norm,"[[1, 3, 768], [], [768], [768], [], []]",5,1.0,0.014834000000264495,0.002966800000052899,0.0011282097790878405
technical_512,aten::item,[[]],15,3.0,0.014790999999751647,0.0029581999999503295,0.001124939385324964
technical_512,aten::transpose,"[[3072, 768], [], []]",10,2.0,0.014456000000354834,0.0028912000000709667,0.0010994607365918396
technical_512,aten::unsqueeze,"[[557], []]",15,3.0,0.014416999999883273,0.0028833999999766545,0.001096494565504091
technical_512,aten::__and__,"[[], [1, 1, 557, 557]]",10,2.0,0.014372999999968442,0.0028745999999936884,0.0010931481161187
technical_512,aten::log,"[[1, 3]]",5,1.0,0.01404300000006333,0.0028086000000126657,0.0010680497456869017
technical_512,aten::transpose,"[[557, 1, 768], [], []]",10,2.0,0.013913999999756926,0.0027827999999513854,0.0010582385644919829
technical_512,aten::to,"[[1, 3], [], [], [], []]",20,4.0,0.013708999999857042,0.0027417999999714083,0.0010426471525602093
technical_512,aten::as_strided,"[[1, 1, 557, 557], [], [], []]",75,15.0,0.013119999999791616,0.0026239999999583233,0.0009978503641049914
technical_512,aten::_to_copy,"[[1, 3], [], [], [], [], [], []]",5,1.0,0.012918000000179746,0.0025836000000359492,0.0009824871191991137
technical_512,aten::addmm,"[[2], [1, 256], [256, 2], [], []]",5,1.0,0.012246000000159256,0.002449200000031851,0.0009313777103035611
technical_512,aten::copy_,"[[1, 3], [1, 3], []]",10,2.0,0.011874999999825378,0.0023749999999650756,0.0009031610574512751
technical_512,aten::select,"[[1, 32, 557], [], []]",10,2.0,0.011541999999835753,0.002308399999967151,0.000877834520009058
technical_512,aten::_softmax,"[[1, 3], [], []]",5,1.0,0.011377000000036787,0.0022754000000073573,0.0008652853348048405
technical_512,aten::_local_scalar_dense,[[]],15,3.0,0.011374999999941564,0.002274999999988313,0.000865133223461604
technical_512,aten::select,"[[1, 557], [], []]",10,2.0,0.01133299999971996,0.002266599999943992,0.000861938885388875
technical_512,aten::clamp_min,"[[1, 3], []]",5,1.0,0.011209000000264495,0.002241800000052899,0.0008525079825986603
technical_512,aten::gelu,"[[1, 256], []]",5,1.0,0.011123999999894295,0.002224799999978859,0.0008460432507907582
technical_512,aten::clone,"[[1, 3], []]",5,1.0,0.010664000000280794,0.002132800000056159,0.0008110576435415265
technical_512,aten::as_strided,"[[1, 1, 1, 557], [], [], []]",10,2.0,0.010498000000341562,0.0020996000000683126,0.0007984324026586438
technical_512,aten::as_strided,"[[1, 557], [], [], []]",50,10.0,0.010457000000001927,0.0020914000000003853,0.000795314120244935
technical_512,aten::zero_,"[[1, 557]]",15,3.0,0.010419000000095024,0.002083800000019005,0.000792424004868129
technical_512,aten::as_strided,"[[3072, 768], [], [], []]",10,2.0,0.010292999999946914,0.002058599999989383,0.0007828409906892404
technical_512,aten::fill_,"[[1, 557], []]",5,1.0,0.00991700000003175,0.0019834000000063497,0.0007542440595288149
technical_512,aten::copy_,"[[557], [557], []]",5,1.0,0.009667000000217058,0.0019334000000434115,0.000735230142543655
technical_512,aten::narrow,"[[2304], [], [], []]",30,6.0,0.009586999999475664,0.0019173999998951328,0.0007291456890475065
technical_512,aten::fill_,"[[557], []]",5,1.0,0.009583000000259518,0.0019166000000519034,0.0007288414664351349
technical_512,aten::view,"[[1, 32, 1], []]",10,2.0,0.009582999999735421,0.0019165999999470843,0.0007288414663952743
technical_512,aten::unsqueeze,"[[1, 32], []]",10,2.0,0.009543000000163828,0.0019086000000327658,0.0007257992397079766
technical_512,aten::as_strided,"[[1], [], [], []]",45,9.0,0.009340999999708173,0.0018681999999416346,0.0007104359947379243
technical_512,aten::to,"[[1, 557], [], [], [], []]",5,1.0,0.00933400000000256,0.0018668000000005122,0.0007099036050843351
technical_512,aten::as_strided,"[[768], [], [], []]",55,11.0,0.009211000000213972,0.0018422000000427943,0.0007005487579367812
technical_512,aten::detach,"[[1, 3]]",10,2.0,0.00920699999970384,0.0018413999999407678,0.0007002445352259946
technical_512,aten::div,"[[1], []]",5,1.0,0.009167000000015833,0.0018334000000031665,0.0006972023085298429
technical_512,aten::linear,"[[1, 3, 768], [1, 768], [1]]",5,1.0,0.009123000000487082,0.0018246000000974164,0.0006938558591738154
technical_512,aten::as_strided,"[[1, 32, 1], [], [], []]",30,6.0,0.008584000000000288,0.0017168000000000576,0.0006528618540864007
technical_512,aten::as_strided,"[[1, 3], [], [], []]",15,3.0,0.008540000000037252,0.0017080000000074505,0.0006495154046973434
technical_512,aten::softmax,"[[1, 3], [], []]",5,1.0,0.008538000000175088,0.0017076000000350177,0.0006493632933718326
technical_512,aten::slice,"[[1, 557, 64], [], [], [], []]",10,2.0,0.008457999999910044,0.0016915999999820089,0.0006432788399119132
technical_512,aten::clamp,"[[1], [], []]",5,1.0,0.008417999999946914,0.0016835999999893828,0.0006402366131948369
technical_512,aten::to,"[[1, 557], [], [], [], [], []]",10,2.0,0.008414000000222585,0.001682800000044517,0.0006399323905438152
technical_512,aten::view,"[[1, 3, 768], []]",10,2.0,0.008292999999888707,0.0016585999999777414,0.0006307296546907829
technical_512,aten::fill_,"[[1, 1], []]",25,5.0,0.008254000000116094,0.0016508000000232189,0.0006277634836561933
technical_512,aten::unsqueeze,"[[1, 1], []]",10,2.0,0.008125999999624356,0.0016251999999248711,0.000618028358115176
technical_512,aten::masked_fill_,"[[1, 3], [1, 3], []]",5,1.0,0.008084000000089873,0.0016168000000179746,0.0006148340200947066
technical_512,aten::expand,"[[3072], [], []]",10,2.0,0.007998999999952502,0.0015997999999905004,0.0006083692883045125
technical_512,aten::copy_,"[[1], [1], []]",5,1.0,0.00766600000008475,0.00153320000001695,0.0005830427508715646
technical_512,aten::view,"[[1, 1, 1, 557], []]",15,3.0,0.0072920000001186055,0.0014584000000237211,0.0005545979310432557
technical_512,aten::is_nonzero,[[]],10,2.0,0.007210000000089621,0.0014420000000179242,0.0005483613662652961
technical_512,aten::dropout,"[[1, 557, 3072], [], []]",10,2.0,0.007167999999830499,0.0014335999999660998,0.0005451670281897138
technical_512,aten::as_strided,"[[1, 1, 557], [], [], []]",40,8.0,0.007083000000230414,0.0014166000000460828,0.0005387022964403833
technical_512,aten::as_strided,"[[1, 1, 1, 1], [], [], []]",5,1.0,0.0064170000001322475,0.0012834000000264494,0.000488049221546905
technical_512,aten::new_empty,"[[1, 1, 557, 1], [], [], [], [], []]",10,2.0,0.0063770000000370145,0.0012754000000074028,0.00048500699481978136
technical_512,aten::select,"[[1, 3], [], []]",10,2.0,0.006374999999783085,0.001274999999956617,0.00048485488346447465
technical_512,aten::_unsafe_view,"[[1, 32, 557], []]",10,2.0,0.006332000000069001,0.0012664000000138001,0.00048158448976234853
technical_512,aten::copy_,"[[3, 1], [3, 1], []]",5,1.0,0.006250000000349246,0.0012500000000698493,0.0004753479250079074
technical_512,aten::to,"[[1, 1, 557], [], [], [], []]",10,2.0,0.006210999999962496,0.0012421999999924992,0.00047238175392660926
technical_512,aten::_to_copy,"[[1], [], [], [], [], [], []]",5,1.0,0.006208999999798835,0.001241799999959767,0.0004722296425781679
technical_512,aten::to,"[[1, 557, 64], [], [], [], []]",20,4.0,0.006084999999772663,0.0012169999999545327,0.00046279873974454746
technical_512,aten::log,[[1]],5,1.0,0.005916999999899417,0.0011833999999798833,0.0004500213875306893
technical_512,aten::expand,"[[1, 1, 557], [], []]",10,2.0,0.005665999999968335,0.001133199999993667,0.0004309314148686801
technical_512,aten::as_strided,"[[1, 3, 1], [], [], []]",10,2.0,0.005583000000216999,0.0011166000000433997,0.0004246187944438401
technical_512,aten::expand,"[[1, 1, 1, 1], [], []]",5,1.0,0.005499999999868123,0.0010999999999736247,0.0004183061739735539
technical_512,aten::as_strided,"[[3, 768], [], [], []]",5,1.0,0.005499999999767169,0.0010999999999534338,0.0004183061739658758
technical_512,aten::expand,"[[1, 1, 1, 557], [], []]",10,2.0,0.0052949999993143135,0.0010589999998628628,0.0004027147619920454
technical_512,aten::as_strided,"[[1, 32, 557], [], [], []]",20,4.0,0.005038000000079592,0.0010076000000159182,0.0003831684553750162
technical_512,aten::copy_,"[[1, 256], [1, 256], []]",5,1.0,0.004916999999899417,0.0009833999999798834,0.00037396571953367405
technical_512,aten::to,"[[1, 3], [], [], [], [], [], [], []]",20,4.0,0.004914000000211672,0.0009828000000423344,0.0003737375525534318
technical_512,aten::linear,"[[1, 772], [256, 772], [256]]",5,1.0,0.004873999999836088,0.0009747999999672175,0.0003706953258049858
technical_512,aten::resolve_conj,"[[557, 3072]]",20,4.0,0.004871999999624677,0.0009743999999249355,0.00037054321445291287
technical_512,aten::to,"[[1, 1, 557, 557], [], [], [], [], [], [], []]",10,2.0,0.004752000000253929,0.0009504000000507858,0.0003614165343411292
technical_512,aten::as_strided,"[[2304], [], [], []]",30,6.0,0.004748999999923399,0.0009497999999846798,0.0003611883673119994
technical_512,aten::_softmax,"[[1, 2], [], []]",5,1.0,0.004582999999867752,0.0009165999999735504,0.0003485631264202627
technical_512,aten::reshape,"[[1, 557], []]",5,1.0,0.004457999999693129,0.0008915999999386259,0.0003390561679073547
technical_512,aten::select,"[[1, 557, 768], [], []]",5,1.0,0.0044140000001643784,0.0008828000000328757,0.0003357097185513272
technical_512,aten::empty_like,"[[1, 3], [], [], [], [], []]",5,1.0,0.004376999999745749,0.0008753999999491499,0.00033289565880359847
technical_512,aten::reshape,"[[1, 32, 1], []]",10,2.0,0.004332000000217249,0.0008664000000434498,0.0003294731537795931
technical_512,aten::expand,"[[256], [], []]",5,1.0,0.004290999999968335,0.000858199999993667,0.0003263548713727841
technical_512,aten::copy_,"[[3], [], []]",5,1.0,0.004249000000127126,0.0008498000000254251,0.0003231605333289864
technical_512,aten::select,"[[1, 32, 1], [], []]",10,2.0,0.004206999999952586,0.0008413999999905173,0.00031996619525983703
technical_512,aten::resolve_conj,"[[557, 1152]]",110,22.0,0.004205000000129075,0.000841000000025815,0.000319814083937266
technical_512,aten::t,"[[256, 772]]",5,1.0,0.004169000000110827,0.0008338000000221654,0.0003170760798879856
technical_512,aten::as_strided,"[[1, 768], [], [], []]",15,3.0,0.004126000000047497,0.0008252000000094995,0.00031380568615929736
technical_512,aten::view,"[[3], []]",10,2.0,0.004085000000020955,0.0008170000000041909,0.000310687403769401
technical_512,aten::__and__,"[[1, 1, 557, 557], [1, 1, 557, 1]]",5,1.0,0.004081999999963046,0.0008163999999926091,0.0003104592367610056
technical_512,aten::copy_,"[[557], [], []]",5,1.0,0.003958999999756315,0.0007917999999512631,0.00030110438958164977
technical_512,aten::linear,"[[1, 256], [2, 256], [2]]",5,1.0,0.0037920000001322477,0.0007584000000264495,0.00028840309305474003
technical_512,aten::t,"[[1, 768]]",5,1.0,0.0037899999998044225,0.0007579999999608845,0.000288250981693813
technical_512,aten::transpose,"[[256, 772], [], []]",5,1.0,0.0036649999999790453,0.000732999999995809,0.00027874402320746713
technical_512,aten::transpose,"[[1, 768], [], []]",5,1.0,0.0036240000003017487,0.0007248000000603498,0.00027562574084413294
technical_512,aten::t,"[[2, 256]]",5,1.0,0.003584000000031665,0.000716800000006333,0.00027258351410371095
technical_512,aten::to,"[[1], [], [], [], []]",10,2.0,0.0034990000004181637,0.0006998000000836327,0.0002661187823533601
technical_512,aten::select,"[[256000, 768], [], []]",5,1.0,0.0034990000001587306,0.0006998000000317461,0.0002661187823336287
technical_512,aten::view,"[[1, 1, 557], []]",10,2.0,0.003499000000084834,0.0006998000000169668,0.00026611878232800845
technical_512,aten::select,"[[1, 1, 557], [], []]",10,2.0,0.0034600000000050385,0.0006920000000010077,0.00026315261127005595
technical_512,aten::as_strided,"[[32], [], [], []]",10,2.0,0.003333999999756543,0.0006667999999513086,0.00025356959708353256
technical_512,aten::view,"[[1, 557], []]",5,1.0,0.0033330000001587905,0.0006666000000317581,0.00025349354144612874
technical_512,aten::as_strided,"[[], [], [], []]",15,3.0,0.0032930000002115776,0.0006586000000423155,0.0002504513147302629
technical_512,aten::copy_,"[[1, 2], [1, 2], []]",5,1.0,0.0032510000000474976,0.0006502000000094995,0.000247256976661909
technical_512,aten::as_strided,"[[1, 1, 1], [], [], []]",10,2.0,0.0032090000000739565,0.0006418000000147913,0.00024406263860804676
technical_512,aten::transpose,"[[2, 256], [], []]",5,1.0,0.003207999999751337,0.0006415999999502674,0.00024398658291551267
technical_512,aten::view,"[[3, 768], []]",5,1.0,0.003166999999724794,0.0006333999999449589,0.0002408683005256163
technical_512,aten::__and__,"[[1, 1, 557, 557], [1, 1, 1, 557]]",5,1.0,0.00295900000005804,0.0005918000000116081,0.00022504872160758238
technical_512,aten::as_strided,"[[1, 2], [], [], []]",15,3.0,0.002956999999820255,0.000591399999964051,0.00022489661025350342
technical_512,aten::_reshape_alias,"[[1, 1, 1, 557], [], []]",5,1.0,0.0029159999999260437,0.0005831999999852087,0.00022177832787367166
technical_512,aten::to,"[[1, 32, 1], [], [], [], [], []]",10,2.0,0.002875999999931082,0.0005751999999862164,0.00021873610115417426
technical_512,aten::as_strided,"[[557], [], [], []]",15,3.0,0.002834000000047581,0.0005668000000095162,0.00021554176310716004
technical_512,aten::copy_,"[[3], [3], []]",5,1.0,0.0027090000001903716,0.0005418000000380743,0.00020603480461839314
technical_512,aten::reshape,"[[1, 1, 557], []]",10,2.0,0.0026670000001004154,0.0005334000000200831,0.0002028404665556768
technical_512,aten::as_strided,"[[557, 1, 768], [], [], []]",10,2.0,0.0025839999999152496,0.0005167999999830499,0.00019652784609784163
technical_512,aten::select,"[[1, 768], [], []]",5,1.0,0.0025839999997697306,0.0005167999999539461,0.0001965278460867741
technical_512,aten::to,"[[1, 557], [], [], [], [], [], [], []]",10,2.0,0.0025419999997830017,0.0005083999999566004,0.00019333350803190882
technical_512,aten::detach_,[[557]],5,1.0,0.0024150000000529416,0.00048300000001058835,0.00018367443821681832
technical_512,aten::fill_,"[[3], []]",5,1.0,0.0021669999998252935,0.0004333999999650587,0.0001648126325362446
technical_512,aten::expand,"[[1], [], []]",5,1.0,0.0021650000005029144,0.00043300000010058285,0.0001646605212517875
technical_512,aten::to,"[[557], [], [], [], [], []]",5,1.0,0.0021250000000738963,0.0004250000000147793,0.00016161829449927765
technical_512,aten::resolve_conj,"[[1, 32, 1]]",10,2.0,0.002080999999905089,0.00041619999998101777,0.00015827184509457017
technical_512,aten::expand,"[[2], [], []]",5,1.0,0.0020430000001797452,0.00040860000003594907,0.00015538172973157278
technical_512,aten::select,"[[557, 768], [], []]",5,1.0,0.002042000000248663,0.00040840000004973263,0.00015530567406881737
technical_512,aten::resolve_conj,"[[3, 768]]",10,2.0,0.0020399999997462144,0.0004079999999492429,0.00015515356269460927
technical_512,aten::detach_,[[1]],10,2.0,0.0019990000002276247,0.00039980000004552496,0.00015203528034334561
technical_512,aten::as_strided,"[[256, 772], [], [], []]",5,1.0,0.0018749999998835846,0.00037499999997671693,0.00014260437748554955
technical_512,aten::to,"[[1, 1, 557, 1], [], [], [], [], [], [], []]",5,1.0,0.0018329999998836684,0.0003665999999767337,0.00013941003942968128
technical_512,aten::as_strided,"[[1, 1], [], [], []]",10,2.0,0.001749000000375645,0.00034980000007512897,0.0001330213633553496
technical_512,aten::as_strided,"[[3072], [], [], []]",10,2.0,0.0017099999999918509,0.0003419999999983702,0.00013005519227427627
technical_512,aten::view,"[[3, 1], []]",5,1.0,0.0017079999998095446,0.0003415999999619089,0.00012990308092441683
technical_512,aten::as_strided,"[[1, 32], [], [], []]",10,2.0,0.0017069999999685024,0.00034139999999370046,0.00012982702526850946
technical_512,aten::lift_fresh,[[557]],5,1.0,0.001624000000068918,0.0003248000000137836,0.00012351440483239436
technical_512,aten::softmax,"[[1, 2], [], []]",5,1.0,0.001542000000132248,0.00030840000002644956,0.0001172778400614557
technical_512,aten::as_strided,"[[2, 256], [], [], []]",5,1.0,0.0014990000000689179,0.0002998000000137836,0.00011400744633276744
technical_512,aten::to,"[[1, 2], [], [], [], [], [], [], []]",10,2.0,0.0013349999998463317,0.0002669999999692663,0.000101534316764328
technical_512,aten::detach,"[[1, 2]]",5,1.0,0.0012509999999310822,0.00025019999998621644,9.514564065902449e-05
technical_512,aten::to,"[[1, 1, 1, 557], [], [], [], [], [], [], []]",5,1.0,0.001250000000174623,0.0002500000000349246,9.506958500955011e-05
technical_512,aten::detach_,[[3]],5,1.0,0.00112599999989925,0.00022519999997985,8.563868215697654e-05
technical_512,aten::to,"[[1, 768], [], [], [], []]",5,1.0,0.0010830000003916212,0.00021660000007832424,8.236828847055252e-05
technical_512,aten::as_strided,"[[256000, 768], [], [], []]",5,1.0,0.0010009999998571858,0.00020019999997143717,7.613172365415042e-05
technical_512,aten::to,"[[1, 772], [], [], [], []]",5,1.0,0.0009589999997988343,0.00019179999995976686,7.293738559383783e-05
technical_512,aten::to,"[[1], [], [], [], [], [], [], []]",5,1.0,0.0009170000001165591,0.00018340000002331182,6.974304756212796e-05
technical_512,aten::to,"[[1, 2], [], [], [], []]",5,1.0,0.000915999999968335,0.00018319999999366702,6.966699188285766e-05
technical_512,aten::resolve_neg,"[[1, 3]]",5,1.0,0.0007489999998360873,0.00014979999996721745,5.696569531729792e-05
technical_512,aten::as_strided,"[[2], [], [], []]",5,1.0,0.0007079999998677522,0.00014159999997355045,5.38474129318286e-05
technical_512,aten::zero_,"[[1, 3]]",10,2.0,0.000667000000174653,0.0001334000000349306,5.072913056729252e-05
technical_512,aten::as_strided,"[[256], [], [], []]",5,1.0,0.0006670000000158324,0.00013340000000316648,5.0729130555213316e-05
technical_512,aten::fill_,"[[], []]",10,2.0,0.0006669999999842275,0.0001333999999968455,5.0729130552809586e-05
technical_512,aten::to,"[[1], [], [], [], [], []]",10,2.0,0.0005839999998675012,0.00011679999997350024,4.441651010017962e-05
technical_512,aten::as_strided,"[[557, 768], [], [], []]",5,1.0,0.0005409999998519197,0.00010819999997038393,4.11461163751229e-05
technical_512,aten::resolve_conj,"[[1, 2]]",10,2.0,0.0004599999998463318,9.199999996926637e-05,3.4985607266939674e-05
technical_512,aten::to,"[[1, 3, 768], [], [], [], []]",5,1.0,0.00045900000014808027,9.180000002961605e-05,3.490955162189234e-05
technical_512,aten::lift_fresh,[[]],10,2.0,0.0004560000000799391,9.120000001598783e-05,3.468138461271878e-05
technical_512,aten::to,"[[3], [], [], [], [], []]",5,1.0,0.00041699999998400016,8.339999999680003e-05,3.171521355353848e-05
technical_512,aten::resolve_conj,"[[32, 557]]",10,2.0,0.0003750000001427907,7.500000002855814e-05,2.8520875509740757e-05
technical_512,aten::resolve_conj,"[[1, 557]]",10,2.0,0.0003749999998995008,7.499999997990016e-05,2.852087549123719e-05
technical_512,aten::resolve_conj,"[[32, 1]]",10,2.0,0.0003730000001219196,7.460000002438392e-05,2.836876417215936e-05
technical_512,aten::lift_fresh,[[1]],10,2.0,0.0003349999998304156,6.699999996608312e-05,2.5478648766102254e-05
technical_512,aten::resolve_conj,"[[1, 1, 557]]",10,2.0,0.0003340000001903718,6.680000003807436e-05,2.5402593125481945e-05
technical_512,aten::resolve_conj,"[[1, 256]]",10,2.0,0.0003330000001587905,6.660000003175809e-05,2.5326537455082996e-05
technical_512,aten::resolve_conj,"[[3, 1]]",5,1.0,0.0002519999996875413,5.039999993750826e-05,1.9166028311483585e-05
technical_512,aten::resolve_conj,"[[1, 772]]",5,1.0,0.00025100000010570513,5.020000002114103e-05,1.90899726752903e-05
technical_512,aten::lift_fresh,[[3]],5,1.0,0.00020899999994708197,4.17999999894164e-05,1.589563460735147e-05
technical_512,aten::resolve_conj,"[[768, 1]]",5,1.0,0.00020800000010058283,4.1600000020116566e-05,1.5819578951029064e-05
technical_512,aten::resolve_conj,"[[1, 3]]",5,1.0,0.0001670000001322478,3.340000002644956e-05,1.2701296565559742e-05
technical_512,aten::resolve_neg,"[[1, 2]]",5,1.0,0.00016699999989941715,3.339999997988343e-05,1.270129654785165e-05
