case,operation,input_shapes,calls,calls_per_inference,self_cpu_ms,self_cpu_ms_per_inference,share_of_aten_self_cpu_pct
billing_64,aten::mm,"[[109, 768], [768, 2304]]",220,44.0,147.0478479999996,29.40956959999992,41.266471242299744
billing_64,aten::mm,"[[109, 1152], [1152, 768]]",110,22.0,40.4033429999995,8.0806685999999,11.338509299382995
billing_64,aten::mm,"[[109, 768], [768, 768]]",110,22.0,24.832327999999677,4.966465599999935,6.968769439531981
billing_64,aten::mul,"[[1, 12, 109, 64], [1, 1, 109, 64]]",440,88.0,13.569620999999888,2.7139241999999775,3.808082759330172
billing_64,aten::_scaled_dot_product_flash_attention_for_cpu,"[[1, 12, 109, 64], [1, 12, 109, 64], [1, 12, 109, 64], [], [], [1, 1, 109, 109], []]",70,14.0,12.73988099999913,2.547976199999826,3.57523037614795
billing_64,aten::addmm,"[[768], [109, 3072], [3072, 768], [], []]",10,2.0,12.018355000000128,2.4036710000000254,3.3727464069195756
billing_64,aten::gelu,"[[1, 109, 1152], []]",110,22.0,10.88925400000008,2.177850800000016,3.0558834634635517
billing_64,aten::cat,"[[], []]",240,48.0,10.621046000000094,2.124209200000019,2.9806154614527087
billing_64,aten::addmm,"[[3072], [109, 768], [768, 3072], [], []]",10,2.0,9.662411000000123,1.9324822000000246,2.71159089429712
billing_64,aten::addmm,"[[768], [109, 768], [768, 768], [], []]",40,8.0,9.556660000000106,1.9113320000000211,2.681913679297379
billing_64,aten::native_layer_norm,"[[1, 109, 768], [], [768], [], []]",225,45.0,9.381248000000184,1.8762496000000368,2.6326872924307656
billing_64,aten::add,"[[1, 109, 768], [1, 109, 768], []]",240,48.0,7.599022999999758,1.5198045999999517,2.1325362347299723
billing_64,aten::_scaled_dot_product_flash_attention_for_cpu,"[[1, 12, 109, 64], [1, 12, 109, 64], [1, 12, 109, 64], [], [], [], []]",40,8.0,6.1012779999998585,1.2202555999999718,1.712219638387846
billing_64,aten::add,"[[1, 12, 109, 64], [1, 12, 109, 64], []]",220,44.0,5.640876999999862,1.1281753999999724,1.5830159479916022
billing_64,aten::neg,"[[1, 12, 109, 32]]",220,44.0,4.920511000000095,0.984102200000019,1.3808575129839644
billing_64,aten::mul,"[[1, 109, 1152], [1, 109, 1152]]",110,22.0,3.883708999999944,0.7767417999999888,1.089896710096423
billing_64,aten::_scaled_dot_product_flash_attention_for_cpu,"[[1, 12, 109, 64], [1, 12, 109, 64], [1, 12, 109, 64], [], [], [1, 1, 1, 109], []]",10,2.0,1.819503000000128,0.3639006000000256,0.5106124927770694
billing_64,aten::slice,"[[1, 12, 109, 64], [], [], [], []]",880,176.0,1.6400690000007438,0.3280138000001488,0.46025740018934636
billing_64,aten::empty,"[[], [], [], [], [], []]",1285,257.0,1.138154999999881,0.2276309999999762,0.3194037941770825
billing_64,aten::copy_,"[[109, 768], [109, 768], []]",50,10.0,0.968190000000046,0.1936380000000092,0.2717060149842125
billing_64,aten::addmm,"[[768], [3, 768], [768, 768], [], []]",5,1.0,0.9557270000001008,0.19114540000002017,0.268208486539658
billing_64,aten::where,"[[1, 1, 109, 109], [], []]",140,28.0,0.9430869999999596,0.1886173999999919,0.2646612860630587
billing_64,aten::eq,"[[1, 1, 1, 109], []]",10,2.0,0.8408569999999017,0.16817139999998035,0.23597217967707004
billing_64,aten::native_layer_norm,"[[1, 109, 768], [], [768], [768], []]",20,4.0,0.8119370000001654,0.1623874000000331,0.22785627478931925
billing_64,aten::clamp_min,"[[1, 109, 3072], []]",10,2.0,0.600486000000019,0.12009720000000379,0.16851615707021061
billing_64,aten::scaled_dot_product_attention,"[[1, 12, 109, 64], [1, 12, 109, 64], [1, 12, 109, 64], [1, 1, 109, 109], [], [], [], []]",70,14.0,0.5921960000002673,0.11843920000005345,0.16618970992228355
billing_64,aten::matmul,"[[1, 109, 768], [768, 2304]]",220,44.0,0.5550659999997085,0.1110131999999417,0.1557698085222328
billing_64,aten::transpose,"[[1, 109, 12, 64], [], []]",450,90.0,0.5549810000003835,0.1109962000000767,0.15574595472174915
billing_64,aten::as_strided,"[[1, 12, 109, 64], [], [], []]",1480,296.0,0.4948520000002755,0.09897040000005511,0.138871776125591
billing_64,aten::select,"[[1, 109, 3, 12, 64], [], []]",330,66.0,0.4759979999994339,0.09519959999988678,0.13358072250311942
billing_64,aten::layer_norm,"[[1, 109, 768], [], [768], [], [], []]",225,45.0,0.47473000000005877,0.09494600000001176,0.1332248799238424
billing_64,aten::unbind,"[[1, 109, 3, 12, 64], []]",110,22.0,0.44129700000029703,0.08825940000005941,0.12384247853681922
billing_64,aten::split,"[[1, 109, 2304], [], []]",110,22.0,0.433732999999891,0.0867465999999782,0.1217197709097514
billing_64,aten::transpose,"[[1, 12, 109, 64], [], []]",590,118.0,0.42028200000062493,0.08405640000012499,0.11794497711168178
billing_64,aten::narrow,"[[1, 12, 109, 64], [], [], []]",440,88.0,0.40209399999999734,0.08041879999999947,0.11284082503336743
billing_64,aten::permute,"[[109, 1, 12, 64], []]",30,6.0,0.375199999999968,0.0750399999999936,0.10529348250040074
billing_64,aten::unsqueeze,"[[1, 109, 64], []]",220,44.0,0.3468190000000322,0.06936380000000644,0.09732883877215613
billing_64,aten::narrow,"[[1, 109, 2304], [], [], []]",220,44.0,0.2999180000000488,0.05998360000000976,0.08416687282666048
billing_64,aten::chunk,"[[1, 109, 2304], [], []]",110,22.0,0.28975200000021684,0.05795040000004337,0.08131395826620882
billing_64,aten::t,"[[2304, 768]]",220,44.0,0.2893249999998525,0.0578649999999705,0.08119412799684304
billing_64,aten::copy_,"[[109, 3072], [109, 3072], []]",10,2.0,0.2807439999999042,0.056148799999980833,0.07878601666067414
billing_64,aten::to,"[[1, 12, 109, 64], [], [], [], []]",660,132.0,0.27157799999980303,0.054315599999960607,0.07621373504924184
billing_64,aten::index_select,"[[256000, 768], [], [109]]",5,1.0,0.26137000000005445,0.05227400000001089,0.07334903390495155
billing_64,aten::unflatten,"[[109, 1, 768], [], []]",30,6.0,0.24462099999982456,0.04892419999996491,0.0686487126404964
billing_64,aten::scaled_dot_product_attention,"[[1, 12, 109, 64], [1, 12, 109, 64], [1, 12, 109, 64], [], [], [], [], []]",40,8.0,0.2399139999998242,0.04798279999996484,0.06732777334910658
billing_64,aten::empty_strided,"[[], [], [], [], [], []]",200,40.0,0.23525099999994656,0.047050199999989314,0.06601918190751134
billing_64,aten::matmul,"[[1, 109, 1152], [1152, 768]]",110,22.0,0.23249700000026316,0.046499400000052635,0.06524631876579282
billing_64,aten::linear,"[[1, 109, 768], [2304, 768], []]",220,44.0,0.23066700000038237,0.04613340000007647,0.06473276046898259
billing_64,aten::matmul,"[[1, 109, 768], [768, 768]]",110,22.0,0.22799099999987266,0.04559819999997453,0.06398178669706157
billing_64,aten::slice,"[[1, 109, 2304], [], [], [], []]",220,44.0,0.22544499999990694,0.04508899999998139,0.06326729520867556
billing_64,aten::addmm,"[[256], [1, 772], [772, 256], [], []]",5,1.0,0.21516299999982585,0.04303259999996517,0.06038182722605895
billing_64,aten::transpose,"[[2304, 768], [], []]",220,44.0,0.2106980000001113,0.04213960000002226,0.05912880110843027
billing_64,aten::index,"[[1, 109], []]",5,1.0,0.21011900000001607,0.04202380000000321,0.05896631463087761
billing_64,aten::cos,"[[1, 109, 64]]",10,2.0,0.20774499999989804,0.04154899999997961,0.058300092009693175
billing_64,aten::relu,"[[1, 109, 3072]]",10,2.0,0.20649599999994098,0.0412991999999882,0.05794958145628569
billing_64,aten::view,"[[1, 109, 768], []]",350,70.0,0.19716199999989933,0.03943239999997987,0.05533015350942211
billing_64,aten::scalar_tensor,"[[], [], [], [], []]",160,32.0,0.19212299999993046,0.03842459999998609,0.05391604407894162
billing_64,aten::view,"[[109], []]",490,98.0,0.19137799999977417,0.038275599999954835,0.05370697253182203
billing_64,aten::sin,"[[1, 109, 64]]",10,2.0,0.18999399999997876,0.03799879999999575,0.05331857653033211
billing_64,aten::empty_like,"[[1, 12, 109, 64], [], [], [], [], []]",120,24.0,0.18849599999984096,0.037699199999968194,0.05289818837254926
billing_64,aten::t,"[[768, 1152]]",110,22.0,0.185831999999833,0.0371663999999666,0.052150582196158195
billing_64,aten::linear,"[[1, 109, 768], [768, 768], []]",110,22.0,0.18149799999970856,0.036299599999941715,0.05093431899474593
billing_64,aten::view,"[[1, 109, 2304], []]",110,22.0,0.18090800000013402,0.036181600000026806,0.05076874555489934
billing_64,aten::softmax,"[[1, 3], [], []]",5,1.0,0.17874799999996321,0.035749599999992644,0.05016257838480641
billing_64,aten::arange,"[[], [], [], [], []]",25,5.0,0.16549799999999595,0.03309959999999919,0.046444191809308054
billing_64,aten::transpose,"[[768, 1152], [], []]",110,22.0,0.1616250000000673,0.03232500000001346,0.045357300397483494
billing_64,aten::as_strided,"[[1, 109, 3, 12, 64], [], [], []]",330,66.0,0.15884300000035545,0.03176860000007109,0.04457657953318234
billing_64,aten::t,"[[768, 768]]",155,31.0,0.15236300000032496,0.030472600000064992,0.04275807802303876
billing_64,aten::as_strided,"[[1, 109, 12, 64], [], [], []]",450,90.0,0.14720899999994072,0.029441799999988146,0.04131169580329577
billing_64,aten::reshape,"[[1, 109, 768], []]",330,66.0,0.14242400000018646,0.02848480000003729,0.039968867141945585
billing_64,aten::_unsafe_view,"[[109, 2304], []]",220,44.0,0.1369590000000553,0.027391800000011058,0.03843520807510511
billing_64,aten::view,"[[1, 109, 12, 64], []]",110,22.0,0.13554200000024683,0.027108400000049365,0.03803755118629139
billing_64,aten::linear,"[[1, 109, 1152], [768, 1152], []]",110,22.0,0.13374400000009337,0.026748800000018676,0.03753297314377566
billing_64,aten::as_strided,"[[1, 109, 2304], [], [], []]",220,44.0,0.1330430000000088,0.02660860000000176,0.03733624944643638
billing_64,aten::view,"[[1, 109, 1152], []]",110,22.0,0.12541600000013386,0.025083200000026774,0.03519586194372462
billing_64,aten::add,"[[1, 109, 768], [1, 1, 768], []]",5,1.0,0.12408199999999488,0.024816399999998975,0.03482149758959301
billing_64,aten::as_strided,"[[2304, 768], [], [], []]",250,50.0,0.11767099999999116,0.023534199999998232,0.03302235975294452
billing_64,aten::reshape,"[[1, 109, 12, 64], []]",110,22.0,0.11612899999941148,0.023225799999882297,0.03258962374527747
billing_64,aten::native_layer_norm,"[[1, 3, 768], [], [768], [768], []]",5,1.0,0.10824300000006042,0.021648600000012085,0.03037655230889715
billing_64,aten::_unsafe_view,"[[109, 768], []]",220,44.0,0.1045350000001363,0.020907000000027258,0.029335965333674517
billing_64,aten::transpose,"[[768, 768], [], []]",155,31.0,0.10417599999943193,0.020835199999886388,0.029235218104751794
billing_64,aten::scaled_dot_product_attention,"[[1, 12, 109, 64], [1, 12, 109, 64], [1, 12, 109, 64], [1, 1, 1, 109], [], [], [], []]",10,2.0,0.0909939999999915,0.0181987999999983,0.02553591456993973
billing_64,aten::expand,"[[1, 1, 109, 109], [], []]",75,15.0,0.07837500000009823,0.015675000000019645,0.021994607385341026
billing_64,aten::bitwise_and,"[[], [1, 1, 109, 109]]",10,2.0,0.07791700000006131,0.015583400000012262,0.0218660774946452
billing_64,aten::linear,"[[109, 1, 768], [768, 768], [768]]",30,6.0,0.07658299999972223,0.015316599999944447,0.021491713140457436
billing_64,aten::mul,"[[1, 109, 64], []]",20,4.0,0.07204000000005817,0.014408000000011634,0.020216797652813544
billing_64,aten::as_strided,"[[1, 109, 64], [], [], []]",230,46.0,0.07195600000014747,0.014391200000029494,0.020193224485114635
billing_64,aten::transpose,"[[1, 109, 12], [], []]",120,24.0,0.07091299999974217,0.014182599999948434,0.0199005243190949
billing_64,aten::as_strided,"[[768, 1152], [], [], []]",110,22.0,0.06641699999997763,0.013283399999995527,0.01863879858003027
billing_64,aten::dropout,"[[1, 109, 1152], [], []]",110,22.0,0.06521100000006665,0.01304220000001333,0.018300355243446784
billing_64,aten::where,"[[1, 1, 1, 109], [], []]",20,4.0,0.06512299999997777,0.013024599999995553,0.018275659543901493
billing_64,aten::reshape,"[[1, 109, 1152], []]",110,22.0,0.06503999999981716,0.013007999999963432,0.018252367009081547
billing_64,aten::gather,"[[1, 109, 768], [], [1, 3, 768], []]",5,1.0,0.06320500000000175,0.01264100000000035,0.01773740554754419
billing_64,aten::linear,"[[1, 109, 3072], [768, 3072], [768]]",10,2.0,0.06012000000012631,0.012024000000025261,0.016871652899621354
billing_64,aten::_to_copy,"[[], [], [], [], [], [], []]",35,7.0,0.054997999999882266,0.010999599999976453,0.015434250934288745
billing_64,aten::bmm,"[[1, 32, 1], [1, 1, 109]]",10,2.0,0.054996999999948455,0.010999399999989692,0.015433970301358225
billing_64,aten::resolve_conj,"[[109, 768]]",650,130.0,0.053981000000420866,0.010796200000084173,0.015148847225210373
billing_64,aten::linear,"[[1, 109, 768], [3072, 768], [3072]]",10,2.0,0.05382900000007067,0.010765800000014134,0.015106191016849669
billing_64,aten::copy_,"[[3, 768], [3, 768], []]",5,1.0,0.05278999999997905,0.01055799999999581,0.014814613382714345
billing_64,aten::view,"[[1, 1, 109, 109], []]",70,14.0,0.050625000000183704,0.01012500000003674,0.014207043047981305
billing_64,aten::view,"[[109, 768], []]",55,11.0,0.049293999999792504,0.009858799999958501,0.013833520592626195
billing_64,aten::arange,"[[], [], [], [0]]",25,5.0,0.049166000000070195,0.00983320000001404,0.013797599575219978
billing_64,aten::matmul,"[[1, 32, 1], [1, 1, 109]]",10,2.0,0.04816800000011608,0.009633600000023217,0.013517527892036136
billing_64,aten::as_strided,"[[768, 768], [], [], []]",155,31.0,0.0463690000005081,0.00927380000010162,0.013012669216724409
billing_64,aten::transpose,"[[1, 109, 768], [], []]",30,6.0,0.04607999999984168,0.009215999999968336,0.012931566294248959
billing_64,aten::sum,"[[1, 3], [], [], []]",10,2.0,0.04508500000009372,0.009017000000018743,0.012652336509970255
billing_64,aten::bitwise_and,"[[1, 1, 109, 109], [1, 1, 109, 1]]",5,1.0,0.04458300000002782,0.008916600000005565,0.012511458769506118
billing_64,aten::le,"[[1, 1, 109, 109], []]",5,1.0,0.04279199999998673,0.008558399999997347,0.012008845157665605
billing_64,aten::view,"[[109, 1, 768], []]",60,12.0,0.04241700000003039,0.008483400000006077,0.011903607801767266
billing_64,aten::gelu,"[[1, 3, 768], []]",5,1.0,0.042082999999955066,0.008416599999991014,0.01180987639674843
billing_64,aten::copy_,"[[], [], []]",35,7.0,0.041791000000025634,0.008358200000005128,0.01172793157563252
billing_64,aten::layer_norm,"[[1, 109, 768], [], [768], [768], [], []]",20,4.0,0.041372000000003024,0.008274400000000605,0.011610346369955409
billing_64,aten::all,"[[1, 109]]",10,2.0,0.037747999999947754,0.007549599999989551,0.010593332562419948
billing_64,aten::_to_copy,"[[1, 109], [], [], [], [], [], []]",15,3.0,0.035585999999938396,0.007117199999987679,0.00998660412647413
billing_64,aten::split,"[[2304, 768], [], []]",10,2.0,0.03458300000002783,0.006916600000005565,0.009705129278557033
billing_64,aten::index_select,"[[3, 768], [], [1]]",5,1.0,0.03416599999996833,0.006833199999993667,0.009588105338767762
billing_64,aten::as_strided,"[[1, 109, 12], [], [], []]",120,24.0,0.03358200000020224,0.0067164000000404485,0.009424215696561978
billing_64,aten::expand,"[[768], [], []]",55,11.0,0.0329949999999808,0.006598999999996159,0.00925948415538112
billing_64,aten::sub,"[[1, 1, 109, 1], [1, 1, 1, 109], []]",5,1.0,0.03295800000004147,0.006591600000008293,0.009249100736281634
billing_64,aten::masked_fill_,"[[1, 109], [1, 109], []]",10,2.0,0.032874999999985444,0.006574999999997088,0.009225808201491038
billing_64,aten::as_strided,"[[1, 1, 109, 109], [], [], []]",75,15.0,0.03208200000002034,0.006416400000004067,0.009003266272868566
billing_64,aten::unsqueeze,"[[1, 109], []]",30,6.0,0.03158400000000074,0.006316800000000148,0.008863511064213802
billing_64,aten::clamp,"[[1, 3], [], []]",5,1.0,0.031124000000025263,0.006224800000005052,0.008734419907637025
billing_64,aten::to,"[[], [], [], [], []]",115,23.0,0.029343000000272693,0.005868600000054539,0.008234612625368431
billing_64,aten::copy_,"[[1, 109], [1, 109], []]",15,3.0,0.028999000000052545,0.005799800000010509,0.008138074890818003
billing_64,aten::view,"[[109, 3072], []]",10,2.0,0.02854199999998673,0.0057083999999973465,0.008009825633063157
billing_64,aten::embedding,"[[256000, 768], [1, 109], [], [], []]",5,1.0,0.02604100000006656,0.005208200000013312,0.0073079626273991945
billing_64,aten::narrow,"[[2304, 768], [], [], []]",30,6.0,0.02507799999990675,0.00501559999998135,0.0070377130973759494
billing_64,aten::expand,"[[1, 32, 1], [], []]",20,4.0,0.02491200000000481,0.004982400000000962,0.006991128027853713
billing_64,aten::zeros_like,"[[1, 109], [], [], [], [], []]",10,2.0,0.02391600000001199,0.004783200000002398,0.0067116176105572
billing_64,aten::abs,"[[1, 1, 109, 109], [0]]",5,1.0,0.022914999999978137,0.004582999999995627,0.006430704028503695
billing_64,aten::linear,"[[1, 109, 768], [768, 768], [768]]",10,2.0,0.022252999999880556,0.004450599999976111,0.006244925016175482
billing_64,aten::addmm,"[[1], [3, 768], [768, 1], [], []]",5,1.0,0.02199899999990885,0.0043997999999817695,0.006173644247113315
billing_64,aten::topk,"[[1, 3], [], [], [], []]",5,1.0,0.021248999999981606,0.004249799999996321,0.005963169535312551
billing_64,aten::resolve_conj,"[[109, 2304]]",220,44.0,0.020419000000000787,0.004083800000000157,0.005730244187569158
billing_64,aten::sum,"[[1, 109], []]",5,1.0,0.01999900000002526,0.003999800000005052,0.005612378348956167
billing_64,aten::slice,"[[1, 109], [], [], [], []]",5,1.0,0.019914000000033412,0.003982800000006682,0.005588524548285387
billing_64,aten::select,"[[1, 2], [], []]",15,3.0,0.0197120000001305,0.0039424000000261,0.005531836692595462
billing_64,aten::stack,"[[], []]",5,1.0,0.019293000000034227,0.0038586000000068454,0.005414251486897677
billing_64,aten::slice,"[[2304, 768], [], [], [], []]",30,6.0,0.018710000000020953,0.0037420000000041908,0.005250642477571621
billing_64,aten::permute,"[[1, 12, 109, 64], []]",10,2.0,0.017830000000016298,0.0035660000000032597,0.005003685482366795
billing_64,aten::as_strided,"[[109, 1, 12, 64], [], [], []]",30,6.0,0.01770699999995122,0.003541399999990244,0.004969167629609858
billing_64,aten::unsqueeze,"[[1, 3], []]",5,1.0,0.017666999999972177,0.0035333999999944353,0.004957942311651943
billing_64,aten::bitwise_not,"[[1, 3]]",5,1.0,0.017582999999984167,0.003516599999996833,0.004934369143931336
billing_64,aten::unsqueeze,"[[1, 1, 109], []]",20,4.0,0.017412999999958628,0.0034825999999917256,0.004886661542578034
billing_64,aten::zeros,"[[], [], [], [], []]",15,3.0,0.01720900000009715,0.00344180000001943,0.004829412421001546
billing_64,aten::bitwise_not,"[[1, 109]]",5,1.0,0.016498999999937952,0.0032997999999875905,0.004630163027099484
billing_64,aten::unsqueeze,"[[1], []]",30,6.0,0.016453999999950612,0.0032907999999901225,0.004617534544393767
billing_64,aten::full,"[[], [], [], [], [], []]",5,1.0,0.016376000000052043,0.0032752000000104086,0.00459564517439283
billing_64,aten::resize_,"[[0], [], []]",25,5.0,0.016163999999937003,0.003232799999987401,0.004536150989152425
billing_64,aten::squeeze,"[[1, 3, 1], []]",5,1.0,0.01600000000001455,0.00320000000000291,0.004490127185522622
billing_64,aten::new_ones,"[[1, 1, 109, 1], [], [], [], [], []]",10,2.0,0.0155419999999458,0.00310839999998916,0.00436159729481786
billing_64,aten::_to_copy,"[[1, 1, 109], [], [], [], [], [], []]",10,2.0,0.01499799999994866,0.002999599999989732,0.004208932970511032
billing_64,aten::add,"[[109], [], []]",10,2.0,0.014916999999972176,0.002983399999994435,0.004186201701640944
billing_64,aten::linear,"[[1, 3, 768], [768, 768], [768]]",5,1.0,0.014872999999963213,0.0029745999999926426,0.004173853851878253
billing_64,aten::unsqueeze,"[[1, 768], []]",5,1.0,0.014500999999960186,0.002900199999992037,0.004069458394814097
billing_64,aten::embedding,"[[3, 768], [1], [], [], []]",5,1.0,0.014294000000067171,0.0028588000000134344,0.004011367374381475
billing_64,aten::transpose,"[[1, 32, 109], [], []]",10,2.0,0.01412299999989591,0.002824599999979182,0.003963379140038184
billing_64,aten::split,"[[2304], [], []]",10,2.0,0.014121999999915716,0.002824399999983143,0.003963098507094647
billing_64,aten::transpose,"[[768, 3072], [], []]",10,2.0,0.014000999999872876,0.002800199999974575,0.00392914192024214
billing_64,aten::expand,"[[1, 3, 1], [], []]",5,1.0,0.014,0.0028,0.003928861287328721
billing_64,aten::layer_norm,"[[1, 3, 768], [], [768], [768], [], []]",5,1.0,0.013915999999982887,0.0027831999999965774,0.003905288119599946
billing_64,aten::as_strided,"[[2304], [], [], []]",30,6.0,0.013878999999986263,0.0027757999999972528,0.003894904700484382
billing_64,aten::flatten,"[[109, 1, 12, 64], [], []]",10,2.0,0.013833000000202447,0.0027666000000404894,0.0038819955848866843
billing_64,aten::masked_fill,"[[1, 3], [1, 3], []]",5,1.0,0.013794000000110827,0.0027588000000221655,0.0038710508998462717
billing_64,aten::log,"[[1, 3]]",5,1.0,0.013624999999956344,0.0027249999999912687,0.003823623931405879
billing_64,aten::reshape,"[[1, 1, 1, 109], []]",10,2.0,0.01362399999995796,0.002724799999991592,0.0038233432984572375
billing_64,aten::unsqueeze,"[[109], []]",15,3.0,0.013455999999902815,0.002691199999980563,0.003776196962993817
billing_64,aten::slice,"[[2304], [], [], [], []]",30,6.0,0.012950000000084401,0.00259000000001688,0.0036341966908027524
billing_64,aten::empty_like,"[[1, 109], [], [], [], [], []]",10,2.0,0.012913999999989755,0.002582799999997951,0.003624093904608775
billing_64,aten::bitwise_and,"[[1, 1, 109, 109], [1, 1, 1, 109]]",5,1.0,0.012791000000055647,0.002558200000011129,0.0035895760518885925
billing_64,aten::ge,"[[1, 1, 109, 1], []]",5,1.0,0.012791000000042005,0.002558200000008401,0.003589576051884764
billing_64,aten::_softmax,"[[1, 3], [], []]",5,1.0,0.012706000000034691,0.0025412000000069384,0.003565722251209645
billing_64,aten::addmm,"[[2], [1, 256], [256, 2], [], []]",5,1.0,0.012290000000008149,0.00245800000000163,0.003448978944378714
billing_64,aten::t,"[[768, 3072]]",10,2.0,0.012289000000135275,0.002457800000027055,0.0034486983114652946
billing_64,aten::select,"[[1, 109], [], []]",10,2.0,0.01225099999997019,0.0024501999999940382,0.00343803425935336
billing_64,aten::_to_copy,"[[1, 3], [], [], [], [], [], []]",5,1.0,0.012204000000085216,0.002440800000017043,0.003424844510778179
billing_64,aten::to,"[[1, 3], [], [], [], []]",20,4.0,0.011997999999992317,0.0023995999999984635,0.0033670341232385575
billing_64,aten::copy_,"[[1, 3], [1, 3], []]",10,2.0,0.011791999999986728,0.0023583999999973455,0.003309223735723438
billing_64,aten::mul,"[[1, 3], [1, 3]]",5,1.0,0.011790999999997439,0.002358199999999488,0.003308943102777349
billing_64,aten::unsqueeze,"[[32], []]",10,2.0,0.011664999999922657,0.0023329999999845315,0.0032735833511704036
billing_64,aten::item,[[]],15,3.0,0.011124000000002524,0.0022248000000005047,0.003121760925732472
billing_64,aten::div,"[[1], [1]]",5,1.0,0.010999999999970896,0.0021999999999941793,0.003086962440035827
billing_64,aten::as_strided,"[[1, 109, 768], [], [], []]",35,7.0,0.01095800000015879,0.002191600000031758,0.0030751758562265704
billing_64,aten::abs,"[[1, 1, 109, 109]]",5,1.0,0.010750999999975648,0.0021501999999951294,0.0030170848357125284
billing_64,aten::sub,"[[1], [1], []]",5,1.0,0.010708999999944353,0.0021417999999888706,0.0030052982518417606
billing_64,aten::transpose,"[[109, 1, 768], [], []]",10,2.0,0.010665000000037252,0.0021330000000074506,0.0029929504021076548
billing_64,aten::as_strided,"[[768], [], [], []]",55,11.0,0.010586000000068452,0.0021172000000136905,0.0029707803991379125
billing_64,aten::as_strided,"[[768, 3072], [], [], []]",10,2.0,0.010290000000051806,0.0020580000000103614,0.002887713046201148
billing_64,aten::narrow,"[[1, 109, 64], [], [], []]",10,2.0,0.010251000000074782,0.002050200000014956,0.0028767683611928946
billing_64,aten::gelu,"[[1, 256], []]",5,1.0,0.009916999999972177,0.0019833999999944356,0.002783036956166401
billing_64,aten::copy_,"[[1, 1, 109], [1, 1, 109], []]",10,2.0,0.009834000000002561,0.001966800000000512,0.00275974442140005
billing_64,aten::copy_,"[[109], [109], []]",5,1.0,0.009831999999981236,0.001966399999996247,0.0027591831554958754
billing_64,aten::unsqueeze,"[[1, 1, 1], []]",10,2.0,0.009787999999879502,0.0019575999999759007,0.00274683530570715
billing_64,aten::to,"[[1, 109], [], [], [], []]",5,1.0,0.009543000000077882,0.0019086000000155764,0.002678080233234569
billing_64,aten::clone,"[[1, 3], []]",5,1.0,0.009415999999982888,0.0018831999999965776,0.002642439848672857
billing_64,aten::fill_,"[[1, 109], []]",5,1.0,0.009415999999980159,0.0018831999999960318,0.0026424398486720917
billing_64,aten::clamp_min,"[[1, 3], []]",5,1.0,0.009373999999967055,0.001874799999993411,0.002630653264806428
billing_64,aten::as_strided,"[[1, 109], [], [], []]",50,10.0,0.009371999999893887,0.0018743999999787774,0.0026300919988877045
billing_64,aten::select,"[[1, 32, 109], [], []]",10,2.0,0.009208999999957087,0.0018417999999914172,0.0025843488282029704
billing_64,aten::__and__,"[[], [1, 1, 109, 109]]",10,2.0,0.009120999999976448,0.0018241999999952896,0.0025596531286880522
billing_64,aten::view,"[[1, 109, 3072], []]",10,2.0,0.008960000000006404,0.0017920000000012808,0.002514471223892178
billing_64,aten::clamp,"[[1], [], []]",5,1.0,0.008624999999941792,0.0017249999999883585,0.002420459185927252
billing_64,aten::view,"[[109, 1, 12, 64], []]",10,2.0,0.008374999999927241,0.0016749999999854481,0.002350300948649441
billing_64,aten::as_strided,"[[1, 1, 109], [], [], []]",40,8.0,0.008335000000006403,0.0016670000000012807,0.0023390756307078604
billing_64,aten::linear,"[[1, 3, 768], [1, 768], [1]]",5,1.0,0.008333000000129686,0.0016666000000259372,0.002338514364844268
billing_64,aten::neg,[[1]],5,1.0,0.008290999999968336,0.0016581999999936673,0.002326727780937001
billing_64,aten::narrow,"[[2304], [], [], []]",30,6.0,0.008214999999981955,0.001642999999996391,0.0023053996768096106
billing_64,aten::_local_scalar_dense,[[]],15,3.0,0.008209999999974571,0.0016419999999949142,0.0023039965120620633
billing_64,aten::unsqueeze,"[[1, 32], []]",10,2.0,0.008125000000058207,0.0016250000000116414,0.0022801427114124673
billing_64,aten::view,"[[1, 32, 1], []]",10,2.0,0.008083000000010544,0.0016166000000021087,0.002268356127537105
billing_64,aten::div,"[[1], []]",5,1.0,0.008080999999976484,0.0016161999999952967,0.0022677948616293573
billing_64,aten::select,"[[3, 768], [], []]",5,1.0,0.0080400000000227,0.0016080000000045403,0.0022562889107294363
billing_64,aten::fill_,"[[109], []]",5,1.0,0.00762400000002799,0.0015248000000055982,0.0021395456039074385
billing_64,aten::zero_,"[[1, 109]]",15,3.0,0.007583000000042375,0.001516600000008475,0.002128039652998584
billing_64,aten::masked_fill_,"[[1, 3], [1, 3], []]",5,1.0,0.007498999999967055,0.001499799999993411,0.0021044664852534743
billing_64,aten::as_strided,"[[1, 3], [], [], []]",15,3.0,0.007209000000029846,0.0014418000000059692,0.0020230829300335717
billing_64,aten::is_nonzero,[[]],10,2.0,0.007165999999920132,0.0014331999999840264,0.0020110157131917016
billing_64,aten::unsqueeze,"[[1, 1], []]",10,2.0,0.006998000000050525,0.001399600000010105,0.0019638693777803496
billing_64,aten::as_strided,"[[1], [], [], []]",45,9.0,0.006959000000105334,0.0013918000000210668,0.0019529246927810296
billing_64,aten::as_strided,"[[1, 32, 109], [], [], []]",20,4.0,0.006919000000091728,0.0013838000000183455,0.0019416993748134148
billing_64,aten::view,"[[1, 3, 768], []]",10,2.0,0.006792000000044937,0.0013584000000089872,0.00190605899026523
billing_64,aten::t,"[[3072, 768]]",10,2.0,0.006707000000009429,0.0013414000000018858,0.0018822051895821985
billing_64,aten::fill_,"[[1, 1], []]",25,5.0,0.0067069999999966965,0.0013413999999993393,0.001882205189578625
billing_64,aten::slice,"[[1, 109, 64], [], [], [], []]",10,2.0,0.0066239999999252175,0.0013247999999850435,0.0018589126547836883
billing_64,aten::to,"[[1, 109], [], [], [], [], []]",10,2.0,0.00657899999998699,0.0013157999999973981,0.0018462841720917529
billing_64,aten::dropout,"[[1, 109, 768], [], []]",25,5.0,0.006543000000019675,0.0013086000000039348,0.0018361813859335086
billing_64,aten::select,"[[1, 3], [], []]",10,2.0,0.0062909999999837965,0.0012581999999967592,0.001765461882751523
billing_64,aten::as_strided,"[[1, 32, 1], [], [], []]",30,6.0,0.006249000000037085,0.001249800000007417,0.0017536752989044915
billing_64,aten::transpose,"[[3072, 768], [], []]",10,2.0,0.006210000000020955,0.001242000000004191,0.0017427306138852632
billing_64,aten::_to_copy,"[[1], [], [], [], [], [], []]",5,1.0,0.0062040000000561125,0.0012408000000112226,0.00174104681620056
billing_64,aten::detach,"[[1, 3]]",10,2.0,0.006082999999955064,0.0012165999999910128,0.0017070902293317186
billing_64,aten::copy_,"[[1], [1], []]",5,1.0,0.005877000000065891,0.0011754000000131783,0.0016492798418492691
billing_64,aten::expand,"[[1, 1, 109], [], []]",10,2.0,0.005751000000034765,0.0011502000000069529,0.0016139200902545755
billing_64,aten::copy_,"[[3, 1], [3, 1], []]",5,1.0,0.005707000000038534,0.0011414000000077068,0.0016015722404954574
billing_64,aten::as_strided,"[[1, 1, 1], [], [], []]",10,2.0,0.005585000000044602,0.0011170000000089203,0.0015673350207075813
billing_64,aten::new_empty,"[[1, 1, 109, 1], [], [], [], [], []]",10,2.0,0.005500999999947453,0.0011001999999894906,0.001543761852956346
billing_64,aten::as_strided,"[[3072], [], [], []]",10,2.0,0.005416999999899417,0.0010833999999798835,0.001520188685218893
billing_64,aten::view,"[[3], []]",10,2.0,0.005251999999964028,0.0010503999999928056,0.001473884248636365
billing_64,aten::transpose,"[[2, 256], [], []]",5,1.0,0.005247999999977764,0.001049599999995553,0.0014727617168438405
billing_64,aten::_unsafe_view,"[[1, 32, 109], []]",10,2.0,0.005207999999957792,0.0010415999999915586,0.0014615363988744394
billing_64,aten::expand,"[[3072], [], []]",10,2.0,0.005084000000104425,0.001016800000020885,0.0014267379132278204
billing_64,aten::_softmax,"[[1, 2], [], []]",5,1.0,0.005082000000082189,0.0010164000000164378,0.0014261766473233906
billing_64,aten::dropout,"[[1, 109, 3072], [], []]",10,2.0,0.005081999999994878,0.0010163999999989756,0.0014261766472988882
billing_64,aten::to,"[[1, 1, 109], [], [], [], []]",10,2.0,0.0049980000000068685,0.0009996000000013737,0.0014026034795782808
billing_64,aten::copy_,"[[1, 256], [1, 256], []]",5,1.0,0.004750000000072759,0.0009500000000145518,0.0013330065082212347
billing_64,aten::view,"[[1, 1, 1, 109], []]",15,3.0,0.004625999999928354,0.0009251999999856708,0.001298208022492941
billing_64,aten::expand,"[[256], [], []]",5,1.0,0.004582999999955064,0.0009165999999910128,0.0012861408056893558
billing_64,aten::to,"[[1, 3], [], [], [], [], [], [], []]",20,4.0,0.004496999999973923,0.0008993999999947846,0.0012620063720724859
billing_64,aten::as_strided,"[[1, 3, 1], [], [], []]",10,2.0,0.004376000000003842,0.0008752000000007684,0.0012280497852403982
billing_64,aten::linear,"[[1, 772], [256, 772], [256]]",5,1.0,0.004334000000177184,0.0008668000000354368,0.0012162632014270577
billing_64,aten::expand,"[[1, 1, 1, 109], [], []]",10,2.0,0.004249999999985448,0.0008499999999970895,0.001192690033649278
billing_64,aten::resolve_conj,"[[109, 1152]]",110,22.0,0.004213000000227111,0.0008426000000454221,0.001182306614600585
billing_64,aten::reshape,"[[1, 109], []]",5,1.0,0.0040839999999880095,0.0008167999999976019,0.001146104964100242
billing_64,aten::select,"[[1, 109, 768], [], []]",5,1.0,0.004082999999969615,0.0008165999999939231,0.001145824331145985
billing_64,aten::select,"[[1, 32, 1], [], []]",10,2.0,0.004082999999938693,0.0008165999999877385,0.0011458243311373072
billing_64,aten::reshape,"[[1, 32, 1], []]",10,2.0,0.003956000000040149,0.0007912000000080298,0.0011101839466307257
billing_64,aten::expand,"[[1, 1, 1, 1], [], []]",5,1.0,0.003916999999987638,0.0007833999999975275,0.0010992392616012878
billing_64,aten::view,"[[1, 1, 109], []]",10,2.0,0.003834999999990032,0.0007669999999980065,0.0010762273597761773
billing_64,aten::to,"[[1, 109, 64], [], [], [], []]",20,4.0,0.003792000000151347,0.0007584000000302694,0.0010641601430103665
billing_64,aten::empty_like,"[[1, 3], [], [], [], [], []]",5,1.0,0.0037489999999670543,0.0007497999999934109,0.0010520929261475668
billing_64,aten::select,"[[1, 1, 109], [], []]",10,2.0,0.0037059999999510184,0.0007411999999902037,0.0010400257093319855
billing_64,aten::copy_,"[[109], [], []]",5,1.0,0.0036669999999703576,0.0007333999999940715,0.0010290810243227114
billing_64,aten::select,"[[256000, 768], [], []]",5,1.0,0.0035829999999978097,0.0007165999999995619,0.001005507856606443
billing_64,aten::as_strided,"[[3072, 768], [], [], []]",10,2.0,0.0035409999999537834,0.0007081999999907567,0.0009937212727321014
billing_64,aten::linear,"[[1, 256], [2, 256], [2]]",5,1.0,0.0034989999999670545,0.0006997999999934109,0.0009819346888738398
billing_64,aten::as_strided,"[[], [], [], []]",15,3.0,0.003460000000004584,0.0006920000000009168,0.0009709900038696702
billing_64,aten::copy_,"[[3], [], []]",5,1.0,0.0034580000000123618,0.0006916000000024723,0.0009704287379736631
billing_64,aten::to,"[[1], [], [], [], []]",10,2.0,0.0034180000000051222,0.0006836000000010245,0.0009592034200078352
billing_64,aten::view,"[[1, 109], []]",5,1.0,0.003415000000008149,0.0006830000000016298,0.0009583615211613999
billing_64,aten::t,"[[2, 256]]",5,1.0,0.003334000000017113,0.0006668000000034227,0.0009356302522872279
billing_64,aten::copy_,"[[1, 2], [1, 2], []]",5,1.0,0.00325099999998929,0.0006501999999978579,0.0009123377175045424
billing_64,aten::t,"[[256, 772]]",5,1.0,0.0032059999999473803,0.0006411999999894761,0.0008997092347835102
billing_64,aten::detach_,[[109]],5,1.0,0.003125000000014552,0.0006250000000029103,0.0008769779659256731
billing_64,aten::transpose,"[[1, 768], [], []]",5,1.0,0.003083000000056927,0.0006166000000113853,0.0008651913820755789
billing_64,aten::transpose,"[[256, 772], [], []]",5,1.0,0.0028779999999242138,0.0005755999999848428,0.0008076616274738789
billing_64,aten::as_strided,"[[109], [], [], []]",15,3.0,0.002875000000029104,0.0005750000000058207,0.0008068197286560298
billing_64,aten::_reshape_alias,"[[1, 1, 1, 109], [], []]",5,1.0,0.0028739999999970677,0.0005747999999994135,0.0008065390956979445
billing_64,aten::as_strided,"[[1, 768], [], [], []]",15,3.0,0.0028729999999923166,0.0005745999999984633,0.0008062584627475162
billing_64,aten::reshape,"[[1, 1, 109], []]",10,2.0,0.0028300000000217552,0.000566000000004351,0.0007941912459446967
billing_64,aten::t,"[[1, 768]]",5,1.0,0.002791999999957625,0.0005583999999915249,0.0007835271938610931
billing_64,aten::as_strided,"[[32], [], [], []]",10,2.0,0.002751000000074782,0.0005502000000149564,0.0007720212429810799
billing_64,aten::copy_,"[[3], [3], []]",5,1.0,0.0025839999999734574,0.0005167999999946915,0.0007251555404537951
billing_64,aten::log,[[1]],5,1.0,0.0025820000000385335,0.0005164000000077067,0.0007245942745738678
billing_64,aten::as_strided,"[[109, 1, 768], [], [], []]",10,2.0,0.0025419999999867285,0.0005083999999973457,0.0007133689565955333
billing_64,aten::view,"[[3, 768], []]",5,1.0,0.002417999999917811,0.0004835999999835622,0.000678570470888424
billing_64,aten::expand,"[[1], [], []]",5,1.0,0.0023739999999379505,0.0004747999999875901,0.0006662226211339
billing_64,aten::to,"[[109], [], [], [], [], []]",5,1.0,0.002333000000010543,0.00046660000000210857,0.0006547166702413805
billing_64,aten::select,"[[1, 768], [], []]",5,1.0,0.00229200000007404,0.000458400000014808,0.0006432107193463086
billing_64,aten::to,"[[1, 32, 1], [], [], [], [], []]",10,2.0,0.0022919999999730864,0.0004583999999946173,0.0006432107193179776
billing_64,aten::to,"[[1, 1, 109, 109], [], [], [], [], [], [], []]",10,2.0,0.0022509999999483624,0.0004501999999896725,0.0006317047683981481
billing_64,aten::as_strided,"[[1, 1, 1, 1], [], [], []]",5,1.0,0.0022500000000136426,0.0004500000000027285,0.000631424135467373
billing_64,aten::as_strided,"[[256], [], [], []]",5,1.0,0.0022080000000132714,0.0004416000000026543,0.0006196375516052826
billing_64,aten::__and__,"[[1, 1, 109, 109], [1, 1, 1, 109]]",5,1.0,0.002165999999911037,0.0004331999999822074,0.0006078509677146061
billing_64,aten::as_strided,"[[1, 2], [], [], []]",15,3.0,0.0021649999999062857,0.00043299999998125713,0.0006075703347641778
billing_64,aten::as_strided,"[[1, 1, 1, 109], [], [], []]",10,2.0,0.0021260000000329453,0.00042520000000658906,0.0005966256497850213
billing_64,aten::select,"[[109, 768], [], []]",5,1.0,0.002123999999994339,0.00042479999999886785,0.0005960643838759974
billing_64,aten::expand,"[[2], [], []]",5,1.0,0.0021239999999379507,0.00042479999998759014,0.0005960643838601728
billing_64,aten::fill_,"[[3], []]",5,1.0,0.002083999999990738,0.0004167999999981476,0.0005848390659111903
billing_64,aten::softmax,"[[1, 2], [], []]",5,1.0,0.002041999999943073,0.0004083999999886146,0.0005730524820358278
billing_64,aten::detach_,[[1]],10,2.0,0.001999000000058004,0.00039980000001160076,0.0005609852652570001
billing_64,aten::__and__,"[[1, 1, 109, 109], [1, 1, 109, 1]]",5,1.0,0.001956999999951222,0.00039139999999024443,0.0005491986813650475
billing_64,aten::to,"[[1, 109], [], [], [], [], [], [], []]",10,2.0,0.001956999999940308,0.0003913999999880616,0.0005491986813619846
billing_64,aten::as_strided,"[[3, 768], [], [], []]",5,1.0,0.0018329999999987193,0.0003665999999997439,0.0005144001956906082
billing_64,aten::resolve_conj,"[[109, 3072]]",20,4.0,0.0017499999999563442,0.00034999999999126886,0.0004911076609038389
billing_64,aten::as_strided,"[[2, 256], [], [], []]",5,1.0,0.0016680000000051222,0.00033360000000102444,0.00046809575909174505
billing_64,aten::as_strided,"[[1, 1], [], [], []]",10,2.0,0.001626999999975851,0.0003253999999951702,0.0004565898081706393
billing_64,aten::resolve_conj,"[[3, 768]]",10,2.0,0.00162699999990582,0.00032539999998116404,0.0004565898081509863
billing_64,aten::as_strided,"[[256, 772], [], [], []]",5,1.0,0.001624000000054366,0.0003248000000108732,0.00045574790934538843
billing_64,aten::view,"[[3, 1], []]",5,1.0,0.0015829999999405118,0.00031659999998810234,0.000444241958400546
billing_64,aten::as_strided,"[[1, 32], [], [], []]",10,2.0,0.0015000000000136423,0.0003000000000027285,0.0004209494236461915
billing_64,aten::lift_fresh,[[109]],5,1.0,0.0013749999999563443,0.0002749999999912689,0.0003858703049932481
billing_64,aten::detach,"[[1, 2]]",5,1.0,0.001331999999980326,0.0002663999999960652,0.0003738030881888971
billing_64,aten::detach_,[[3]],5,1.0,0.0011690000000226064,0.00023380000000452128,0.0003280599174982923
billing_64,aten::to,"[[1, 2], [], [], [], [], [], [], []]",10,2.0,0.0010830000000423752,0.00021660000000847503,0.0003039254838816779
billing_64,aten::to,"[[1, 1, 1, 109], [], [], [], [], [], [], []]",5,1.0,0.0009590000000143845,0.0001918000000028769,0.00026912699818605417
billing_64,aten::to,"[[1, 768], [], [], [], []]",5,1.0,0.0009579999999841675,0.0001915999999968335,0.00026884636522847934
billing_64,aten::to,"[[1, 772], [], [], [], []]",5,1.0,0.0009170000000594882,0.00018340000001189764,0.0002573404143367256
billing_64,aten::to,"[[1, 2], [], [], [], []]",5,1.0,0.0008769999999640276,0.00017539999999280554,0.0002461150963461398
billing_64,aten::to,"[[1, 1, 109, 1], [], [], [], [], [], [], []]",5,1.0,0.0008760000000165747,0.00017520000000331492,0.00024583446341179137
billing_64,aten::resolve_neg,"[[1, 3]]",5,1.0,0.000875999999960186,0.0001751999999920372,0.00024583446339596684
billing_64,aten::to,"[[1], [], [], [], [], [], [], []]",5,1.0,0.0008750000000172804,0.00017500000000345608,0.0002455538304628945
billing_64,aten::resolve_conj,"[[1, 2]]",10,2.0,0.0007930000000342262,0.00015860000000684523,0.0002225419286418675
billing_64,aten::resolve_conj,"[[1, 32, 1]]",10,2.0,0.0007920000000003711,0.00015840000000007421,0.00022226129568327178
billing_64,aten::as_strided,"[[256000, 768], [], [], []]",5,1.0,0.0007919999999749052,0.00015839999999498104,0.0002222612956761252
billing_64,aten::zero_,"[[1, 3]]",10,2.0,0.0007909999999583306,0.00015819999999166611,0.00022198066272237889
billing_64,aten::fill_,"[[], []]",10,2.0,0.0006680000000314977,0.00013360000000629953,0.00018746281000423822
billing_64,aten::resolve_conj,"[[1, 256]]",10,2.0,0.0006659999999537832,0.00013319999999075665,0.00018690154408423915
billing_64,aten::as_strided,"[[2], [], [], []]",5,1.0,0.0005830000000423751,0.00011660000000847503,0.0001636090093342236
billing_64,aten::as_strided,"[[109, 768], [], [], []]",5,1.0,0.0005410000000001673,0.00010820000000003346,0.00015182242546039253
billing_64,aten::lift_fresh,[[]],10,2.0,0.00046000000003641614,9.200000000728322e-05,0.00012909115659387756
billing_64,aten::to,"[[1], [], [], [], [], []]",10,2.0,0.00046000000001913575,9.200000000382715e-05,0.00012909115658902808
billing_64,aten::resolve_conj,"[[1, 3]]",5,1.0,0.00045700000003853346,9.14000000077067e-05,0.000128249257747187
billing_64,aten::to,"[[1, 3, 768], [], [], [], []]",5,1.0,0.00037599999994563407,7.519999998912682e-05,0.00010551798884442876
billing_64,aten::to,"[[3], [], [], [], [], []]",5,1.0,0.00037500000002910384,7.500000000582076e-05,0.00010523735591875822
billing_64,aten::resolve_conj,"[[32, 109]]",10,2.0,0.0003360000000502623,6.720000001005246e-05,9.429267090999455e-05
billing_64,aten::resolve_conj,"[[32, 1]]",10,2.0,0.00033499999996092813,6.699999999218563e-05,9.401203793582953e-05
billing_64,aten::resolve_conj,"[[1, 109]]",10,2.0,0.00033300000004510364,6.660000000902073e-05,9.345077206126215e-05
billing_64,aten::resolve_conj,"[[1, 1, 109]]",10,2.0,0.0002920000000431173,5.840000000862346e-05,8.194482114781347e-05
billing_64,aten::lift_fresh,[[1]],10,2.0,0.0002900000000681757,5.8000000013635144e-05,8.138355525665586e-05
billing_64,aten::resolve_conj,"[[768, 1]]",5,1.0,0.000209999999977299,4.19999999954598e-05,5.893291930356017e-05
billing_64,aten::resolve_neg,"[[1, 2]]",5,1.0,0.0002089999999589054,4.1799999991781076e-05,5.86522863493034e-05
billing_64,aten::lift_fresh,[[3]],5,1.0,0.00020800000004146568,4.160000000829314e-05,5.837165342337763e-05
billing_64,aten::resolve_conj,"[[3, 1]]",5,1.0,0.00020800000002782327,4.1600000005564656e-05,5.8371653419549114e-05
billing_64,aten::resolve_conj,"[[1, 772]]",5,1.0,0.00016700000004493632,3.340000000898726e-05,4.6865702511460353e-05
technical_64,aten::mm,"[[109, 768], [768, 2304]]",220,44.0,147.6924059999993,29.538481199999858,41.10640599627292
technical_64,aten::mm,"[[109, 1152], [1152, 768]]",110,22.0,41.01332500000028,8.202665000000056,11.415010658754586
technical_64,aten::mm,"[[109, 768], [768, 768]]",110,22.0,24.752535999999818,4.950507199999963,6.889235687942945
technical_64,aten::mul,"[[1, 12, 109, 64], [1, 1, 109, 64]]",440,88.0,14.070438000000063,2.8140876000000126,3.9161467582388196
technical_64,aten::_scaled_dot_product_flash_attention_for_cpu,"[[1, 12, 109, 64], [1, 12, 109, 64], [1, 12, 109, 64], [], [], [1, 1, 109, 109], []]",70,14.0,12.917622000000202,2.5835244000000404,3.595289892145151
technical_64,aten::addmm,"[[768], [109, 3072], [3072, 768], [], []]",10,2.0,11.875029000000213,2.3750058000000425,3.305110780655343
technical_64,aten::gelu,"[[1, 109, 1152], []]",110,22.0,11.243464999999752,2.2486929999999505,3.1293310848688907
technical_64,aten::cat,"[[], []]",240,48.0,11.083219999999914,2.2166439999999827,3.0847309851937164
technical_64,aten::native_layer_norm,"[[1, 109, 768], [], [768], [], []]",225,45.0,9.837541000000103,1.9675082000000206,2.7380280767515375
technical_64,aten::addmm,"[[768], [109, 768], [768, 768], [], []]",40,8.0,9.55091800000047,1.910183600000094,2.658253891165753
technical_64,aten::addmm,"[[3072], [109, 768], [768, 3072], [], []]",10,2.0,9.48033100000015,1.8960662000000301,2.638607804013025
technical_64,aten::add,"[[1, 109, 768], [1, 109, 768], []]",240,48.0,8.02623500000008,1.6052470000000159,2.233897351035777
technical_64,aten::_scaled_dot_product_flash_attention_for_cpu,"[[1, 12, 109, 64], [1, 12, 109, 64], [1, 12, 109, 64], [], [], [], []]",40,8.0,6.347903000000483,1.2695806000000966,1.7667765392282928
technical_64,aten::add,"[[1, 12, 109, 64], [1, 12, 109, 64], []]",220,44.0,5.878297999999965,1.175659599999993,1.6360739912049294
technical_64,aten::neg,"[[1, 12, 109, 32]]",220,44.0,5.450542000000264,1.090108400000053,1.5170190426158356
technical_64,aten::mul,"[[1, 109, 1152], [1, 109, 1152]]",110,22.0,4.013530999999836,0.8027061999999672,1.1170637626732227
technical_64,aten::_scaled_dot_product_flash_attention_for_cpu,"[[1, 12, 109, 64], [1, 12, 109, 64], [1, 12, 109, 64], [], [], [1, 1, 1, 109], []]",10,2.0,1.965830999999831,0.39316619999996616,0.5471388096017111
technical_64,aten::slice,"[[1, 12, 109, 64], [], [], [], []]",880,176.0,1.2752129999999093,0.25504259999998186,0.3549229424139904
technical_64,aten::copy_,"[[109, 768], [109, 768], []]",50,10.0,1.1048899999997812,0.22097799999995624,0.3075178890457862
technical_64,aten::where,"[[1, 1, 109, 109], [], []]",140,28.0,0.9858560000003054,0.19717120000006108,0.2743878178128832
technical_64,aten::addmm,"[[768], [3, 768], [768, 768], [], []]",5,1.0,0.9339370000000781,0.18678740000001562,0.259937491281336
technical_64,aten::native_layer_norm,"[[1, 109, 768], [], [768], [768], []]",20,4.0,0.8878979999999137,0.17757959999998274,0.2471237124492058
technical_64,aten::empty,"[[], [], [], [], [], []]",1285,257.0,0.808746000000716,0.1617492000001432,0.22509377647955262
technical_64,aten::clamp_min,"[[1, 109, 3072], []]",10,2.0,0.7069810000000725,0.1413962000000145,0.19677008997777545
technical_64,aten::scaled_dot_product_attention,"[[1, 12, 109, 64], [1, 12, 109, 64], [1, 12, 109, 64], [1, 1, 109, 109], [], [], [], []]",70,14.0,0.6148149999994865,0.12296299999989731,0.17111803976284026
technical_64,aten::select,"[[1, 109, 3, 12, 64], [], []]",330,66.0,0.5909629999993045,0.1181925999998609,0.16447944525155173
technical_64,aten::matmul,"[[1, 109, 768], [768, 2304]]",220,44.0,0.5747449999995956,0.11494899999991912,0.15996557950522775
technical_64,aten::transpose,"[[1, 109, 12, 64], [], []]",450,90.0,0.5300990000009215,0.1060198000001843,0.14753950661658435
technical_64,aten::as_strided,"[[1, 12, 109, 64], [], [], []]",1480,296.0,0.5249080000001585,0.10498160000003169,0.14609472445521843
technical_64,aten::layer_norm,"[[1, 109, 768], [], [768], [], [], []]",225,45.0,0.4767849999992706,0.09535699999985411,0.13270091749269147
technical_64,aten::split,"[[1, 109, 2304], [], []]",110,22.0,0.464201999999189,0.0928403999998378,0.12919876108084144
technical_64,aten::narrow,"[[1, 12, 109, 64], [], [], []]",440,88.0,0.4505609999993758,0.09011219999987516,0.12540213741294967
technical_64,aten::unbind,"[[1, 109, 3, 12, 64], []]",110,22.0,0.42869100000021815,0.08573820000004363,0.11931518193939693
technical_64,aten::transpose,"[[1, 12, 109, 64], [], []]",590,118.0,0.40920999999975355,0.0818419999999507,0.11389314354947125
technical_64,aten::copy_,"[[109, 3072], [109, 3072], []]",10,2.0,0.361782999999923,0.0723565999999846,0.10069305039655534
technical_64,aten::unsqueeze,"[[1, 109, 64], []]",220,44.0,0.32394200000011875,0.06478840000002375,0.09016097531276988
technical_64,aten::narrow,"[[1, 109, 2304], [], [], []]",220,44.0,0.3174930000004397,0.06349860000008793,0.08836606100785449
technical_64,aten::t,"[[2304, 768]]",220,44.0,0.30291099999996957,0.06058219999999391,0.08430753404298817
technical_64,aten::chunk,"[[1, 109, 2304], [], []]",110,22.0,0.2926950000002744,0.058539000000054874,0.08146417157758562
technical_64,aten::to,"[[1, 12, 109, 64], [], [], [], []]",660,132.0,0.28057800000023964,0.05611560000004793,0.07809171435417042
technical_64,aten::index_select,"[[256000, 768], [], [109]]",5,1.0,0.27136999999995803,0.05427399999999161,0.07552890292278745
technical_64,aten::matmul,"[[1, 109, 1152], [1152, 768]]",110,22.0,0.267658000000085,0.053531600000017,0.07449576260646712
technical_64,aten::slice,"[[1, 109, 2304], [], [], [], []]",220,44.0,0.2520010000003372,0.05040020000006744,0.07013803687022797
technical_64,aten::cos,"[[1, 109, 64]]",10,2.0,0.24937000000004264,0.04987400000000853,0.06940576527199631
technical_64,aten::linear,"[[1, 109, 768], [2304, 768], []]",220,44.0,0.2480770000001719,0.04961540000003438,0.06904589177282758
technical_64,aten::matmul,"[[1, 109, 768], [768, 768]]",110,22.0,0.24069499999999652,0.04813899999999931,0.06699130076649179
technical_64,aten::empty_strided,"[[], [], [], [], [], []]",200,40.0,0.24032399999978993,0.04806479999995798,0.06688804239968645
technical_64,aten::transpose,"[[768, 1152], [], []]",110,22.0,0.2396219999997684,0.04792439999995368,0.06669265864373171
technical_64,aten::scaled_dot_product_attention,"[[1, 12, 109, 64], [1, 12, 109, 64], [1, 12, 109, 64], [], [], [], [], []]",40,8.0,0.23286600000008867,0.04657320000001773,0.06481229873614341
technical_64,aten::view,"[[109], []]",490,98.0,0.22387200000039098,0.04477440000007819,0.06230904873479906
technical_64,aten::sin,"[[1, 109, 64]]",10,2.0,0.21512100000001783,0.043024200000003565,0.059873431571864304
technical_64,aten::addmm,"[[256], [1, 772], [772, 256], [], []]",5,1.0,0.21395099999991363,0.04279019999998272,0.05954779197858743
technical_64,aten::t,"[[768, 1152]]",110,22.0,0.20915700000027024,0.041831400000054045,0.058213504619686454
technical_64,aten::linear,"[[1, 109, 768], [768, 768], []]",110,22.0,0.20762499999966622,0.04152499999993324,0.05778711157947067
technical_64,aten::view,"[[1, 109, 768], []]",350,70.0,0.20116600000038462,0.04023320000007692,0.05598941403027921
technical_64,aten::transpose,"[[2304, 768], [], []]",220,44.0,0.1984920000000459,0.03969840000000918,0.05524517448117224
technical_64,aten::scalar_tensor,"[[], [], [], [], []]",160,32.0,0.19241800000022158,0.03848360000004432,0.05355463184071895
technical_64,aten::view,"[[1, 109, 2304], []]",110,22.0,0.17704099999994197,0.03540819999998839,0.04927483694716032
technical_64,aten::empty_like,"[[1, 12, 109, 64], [], [], [], [], []]",120,24.0,0.17374799999986681,0.03474959999997336,0.048358314570587924
technical_64,aten::as_strided,"[[1, 109, 3, 12, 64], [], [], []]",330,66.0,0.1734900000004095,0.0346980000000819,0.04828650686556122
technical_64,aten::t,"[[768, 768]]",155,31.0,0.1666280000004099,0.03332560000008198,0.04637664456738448
technical_64,aten::as_strided,"[[1, 109, 12, 64], [], [], []]",450,90.0,0.16583199999920772,0.03316639999984154,0.04615509831386589
technical_64,aten::linear,"[[1, 109, 1152], [768, 1152], []]",110,22.0,0.15932999999955788,0.031865999999911576,0.04434543281370894
technical_64,aten::add,"[[1, 109, 768], [1, 1, 768], []]",5,1.0,0.15062000000000988,0.030124000000001976,0.041921226952989464
technical_64,aten::reshape,"[[1, 109, 768], []]",330,66.0,0.14482999999951107,0.028965999999902216,0.04030972845293167
technical_64,aten::_unsafe_view,"[[109, 2304], []]",220,44.0,0.1394500000003009,0.02789000000006018,0.03881234297308863
technical_64,aten::view,"[[1, 109, 1152], []]",110,22.0,0.13921000000000547,0.027842000000001095,0.038745545107724814
technical_64,aten::view,"[[1, 109, 12, 64], []]",110,22.0,0.13607800000015596,0.027215600000031193,0.037873832965841604
technical_64,aten::as_strided,"[[1, 109, 2304], [], [], []]",220,44.0,0.1265339999999169,0.025306799999983382,0.0352175045230762
technical_64,aten::_unsafe_view,"[[109, 768], []]",220,44.0,0.11950100000009205,0.02390020000001841,0.03326004874593497
technical_64,aten::as_strided,"[[2304, 768], [], [], []]",250,50.0,0.11737400000003889,0.02347480000000778,0.032668052664861856
technical_64,aten::reshape,"[[1, 109, 12, 64], []]",110,22.0,0.10958499999965712,0.021916999999931425,0.030500183611928532
technical_64,aten::eq,"[[1, 1, 1, 109], []]",10,2.0,0.1091239999999816,0.02182479999999632,0.030371876045790405
technical_64,aten::scaled_dot_product_attention,"[[1, 12, 109, 64], [1, 12, 109, 64], [1, 12, 109, 64], [1, 1, 1, 109], [], [], [], []]",10,2.0,0.10845299999997951,0.021690599999995903,0.030185120347439972
technical_64,aten::native_layer_norm,"[[1, 3, 768], [], [768], [768], []]",5,1.0,0.10487300000003598,0.020974600000007195,0.029188718857004935
technical_64,aten::transpose,"[[768, 768], [], []]",155,31.0,0.09636799999936327,0.019273599999872652,0.02682156950590049
technical_64,aten::expand,"[[1, 1, 109, 109], [], []]",75,15.0,0.09341600000002427,0.018683200000004854,0.025999955763120596
technical_64,aten::reshape,"[[1, 109, 1152], []]",110,22.0,0.08261700000007294,0.016523400000014586,0.02299433014990016
technical_64,aten::where,"[[1, 1, 1, 109], [], []]",20,4.0,0.07845399999966321,0.015690799999932642,0.021835665511588772
technical_64,aten::bitwise_and,"[[], [1, 1, 109, 109]]",10,2.0,0.07624799999999005,0.015249599999998009,0.021221681799966228
technical_64,aten::as_strided,"[[768, 1152], [], [], []]",110,22.0,0.06950200000003587,0.013900400000007173,0.019344105136688265
technical_64,aten::dropout,"[[1, 109, 1152], [], []]",110,22.0,0.06817000000012559,0.013634000000025117,0.01897337698440027
technical_64,aten::transpose,"[[1, 109, 12], [], []]",120,24.0,0.0677050000001209,0.013541000000024181,0.01884395612041584
technical_64,aten::mul,"[[1, 109, 64], []]",20,4.0,0.06699899999989543,0.013399799999979086,0.018647459066649667
technical_64,aten::linear,"[[1, 109, 3072], [768, 3072], [768]]",10,2.0,0.06466299999994225,0.012932599999988451,0.017997293177921647
technical_64,aten::resolve_conj,"[[109, 768]]",650,130.0,0.06311400000086063,0.012622800000172126,0.017566168622672174
technical_64,aten::linear,"[[109, 1, 768], [768, 768], [768]]",30,6.0,0.06132899999979418,0.012265799999958835,0.01706935949934334
technical_64,aten::as_strided,"[[1, 109, 64], [], [], []]",230,46.0,0.060917999999749096,0.012183599999949819,0.016954968155036033
technical_64,aten::_to_copy,"[[], [], [], [], [], [], []]",35,7.0,0.0590419999999383,0.01180839999998766,0.0164328315081374
technical_64,aten::gather,"[[1, 109, 768], [], [1, 3, 768], []]",5,1.0,0.05487399999996705,0.010974799999993411,0.015272775247754692
technical_64,aten::bmm,"[[1, 32, 1], [1, 1, 109]]",10,2.0,0.05374899999968602,0.010749799999937203,0.014959660254168904
technical_64,aten::view,"[[1, 1, 109, 109], []]",70,14.0,0.05325000000001818,0.010650000000003636,0.014820776359363333
technical_64,aten::permute,"[[109, 1, 12, 64], []]",30,6.0,0.050577000000106634,0.010115400000021327,0.014076815134813963
technical_64,aten::linear,"[[1, 109, 768], [3072, 768], [3072]]",10,2.0,0.05041099999992002,0.010082199999984004,0.014030613277942243
technical_64,aten::as_strided,"[[768, 768], [], [], []]",155,31.0,0.04983000000032098,0.009966000000064196,0.013868906779184592
technical_64,aten::view,"[[109, 768], []]",55,11.0,0.04937600000001965,0.00987520000000393,0.013742547483943005
technical_64,aten::arange,"[[], [], [], [0]]",25,5.0,0.047751000000080465,0.009550200000016093,0.013290270271115666
technical_64,aten::gelu,"[[1, 3, 768], []]",5,1.0,0.046915000000051804,0.00938300000001036,0.01305759104037673
technical_64,aten::index,"[[1, 109], []]",5,1.0,0.0452899999999936,0.00905799999999872,0.012605313827516264
technical_64,aten::le,"[[1, 1, 109, 109], []]",5,1.0,0.04466599999999494,0.008933199999998987,0.012431639377784439
technical_64,aten::unflatten,"[[109, 1, 768], [], []]",30,6.0,0.04437600000000384,0.008875200000000768,0.012350925290571633
technical_64,aten::bitwise_and,"[[1, 1, 109, 109], [1, 1, 109, 1]]",5,1.0,0.04345700000002398,0.008691400000004797,0.012095145131436388
technical_64,aten::layer_norm,"[[1, 109, 768], [], [768], [768], [], []]",20,4.0,0.043123999999923404,0.00862479999998468,0.012002463093330154
technical_64,aten::sum,"[[1, 3], [], [], []]",10,2.0,0.04287399999993795,0.00857479999998759,0.011932881983665855
technical_64,aten::copy_,"[[], [], []]",35,7.0,0.042500000000193036,0.008500000000038607,0.011828788643673004
technical_64,aten::view,"[[109, 1, 768], []]",60,12.0,0.04233500000006461,0.008467000000012923,0.011782865111256147
technical_64,aten::to,"[[], [], [], [], []]",115,23.0,0.03950199999999994,0.007900399999999988,0.010994371976476427
technical_64,aten::transpose,"[[1, 109, 768], [], []]",30,6.0,0.039501000000018396,0.007900200000003679,0.010994093652042885
technical_64,aten::matmul,"[[1, 32, 1], [1, 1, 109]]",10,2.0,0.03949700000005487,0.007899400000010975,0.010992980354298342
technical_64,aten::index_select,"[[3, 768], [], [1]]",5,1.0,0.03703899999996065,0.00740779999999213,0.010308858884012916
technical_64,aten::relu,"[[1, 109, 3072]]",10,2.0,0.03596099999998114,0.007192199999996228,0.010008825139128697
technical_64,aten::split,"[[2304, 768], [], []]",10,2.0,0.03595399999983784,0.007190799999967567,0.010006876868018098
technical_64,aten::unsqueeze,"[[1, 109], []]",30,6.0,0.034958999999920706,0.006991799999984141,0.009729944051561135
technical_64,aten::_to_copy,"[[1, 109], [], [], [], [], [], []]",15,3.0,0.03479000000003816,0.006958000000007632,0.009682907221458023
technical_64,aten::all,"[[1, 109]]",10,2.0,0.034624999999940655,0.006924999999988131,0.009636983689049776
technical_64,aten::as_strided,"[[1, 109, 12], [], [], []]",120,24.0,0.03450199999970482,0.006900399999940963,0.00960274978302731
technical_64,aten::masked_fill_,"[[1, 109], [1, 109], []]",10,2.0,0.03374899999999616,0.006749799999999232,0.009393171480787329
technical_64,aten::expand,"[[768], [], []]",55,11.0,0.03304099999998288,0.006608199999996576,0.009196117778202872
technical_64,aten::clamp,"[[1, 3], [], []]",5,1.0,0.03183200000000943,0.006366400000001886,0.008859623531854125
technical_64,aten::sub,"[[1, 1, 109, 1], [1, 1, 1, 109], []]",5,1.0,0.03133299999998553,0.006266599999997106,0.00872073963694945
technical_64,aten::copy_,"[[1, 109], [1, 109], []]",15,3.0,0.030207999999967344,0.006041599999993469,0.008407624643436818
technical_64,aten::view,"[[109, 3072], []]",10,2.0,0.030124999999985448,0.00602499999999709,0.008384523715031966
technical_64,aten::copy_,"[[3, 768], [3, 768], []]",5,1.0,0.028124999999941794,0.005624999999988359,0.007827874837673025
technical_64,aten::_to_copy,"[[1, 1, 109], [], [], [], [], [], []]",10,2.0,0.02604100000003996,0.0052082000000079915,0.007247846707504993
technical_64,aten::zeros_like,"[[1, 109], [], [], [], [], []]",10,2.0,0.025582999999955065,0.005116599999991013,0.00712037411456895
technical_64,aten::linear,"[[1, 109, 768], [768, 768], [768]]",10,2.0,0.025163999999756922,0.005032799999951385,0.007003756174709651
technical_64,aten::resolve_conj,"[[109, 2304]]",220,44.0,0.024581000000130405,0.004916200000026081,0.006841493027067012
technical_64,aten::arange,"[[], [], [], [], []]",25,5.0,0.024539000000049556,0.004907800000009911,0.006829803400620225
technical_64,aten::embedding,"[[256000, 768], [1, 109], [], [], []]",5,1.0,0.02433300000002407,0.004866600000004814,0.006772468566246414
technical_64,aten::narrow,"[[2304, 768], [], [], []]",30,6.0,0.0241260000000766,0.00482520000001532,0.006714855407455641
technical_64,aten::unsqueeze,"[[1, 1, 109], []]",20,4.0,0.021625999999990427,0.004325199999998085,0.00601904431074817
technical_64,aten::addmm,"[[1], [3, 768], [768, 1], [], []]",5,1.0,0.021459999999948194,0.004291999999989639,0.0059728424539166325
technical_64,aten::abs,"[[1, 1, 109, 109], [0]]",5,1.0,0.0211659999999697,0.00423319999999394,0.005891015068952639
technical_64,aten::permute,"[[1, 12, 109, 64], []]",10,2.0,0.020874999999869033,0.0041749999999738064,0.005810022657270663
technical_64,aten::topk,"[[1, 3], [], [], [], []]",5,1.0,0.020083999999973456,0.004016799999994691,0.005589868026309072
technical_64,aten::as_strided,"[[109, 1, 12, 64], [], [], []]",30,6.0,0.019375999999858323,0.0038751999999716647,0.0053928143236962635
technical_64,aten::select,"[[1, 2], [], []]",15,3.0,0.01891499999994994,0.003782999999989988,0.005264506757493328
technical_64,aten::expand,"[[1, 32, 1], [], []]",20,4.0,0.01883499999997002,0.0037669999999940043,0.005242240802405046
technical_64,aten::slice,"[[2304, 768], [], [], [], []]",30,6.0,0.01879099999992468,0.0037581999999849363,0.005229994527090796
technical_64,aten::transpose,"[[768, 3072], [], []]",10,2.0,0.01850000000001455,0.00370000000000291,0.005149002115461852
technical_64,aten::stack,"[[], []]",5,1.0,0.018498999999967056,0.003699799999993411,0.005148723791009959
technical_64,aten::slice,"[[2304], [], [], [], []]",30,6.0,0.01824600000004284,0.003649200000008568,0.005078307708046684
technical_64,aten::sum,"[[1, 109], []]",5,1.0,0.017834000000017114,0.003566800000003423,0.004963638039306085
technical_64,aten::as_strided,"[[1, 109, 768], [], [], []]",35,7.0,0.017540999999997437,0.0035081999999994873,0.004882088978769304
technical_64,aten::bitwise_not,"[[1, 109]]",5,1.0,0.01720699999999488,0.003441399999998976,0.004789128616251677
technical_64,aten::unsqueeze,"[[1, 3], []]",5,1.0,0.01687599999998929,0.0033751999999978577,0.004697003227049228
technical_64,aten::bitwise_not,"[[1, 3]]",5,1.0,0.016874000000039815,0.003374800000007963,0.0046964465781859435
technical_64,aten::slice,"[[1, 109], [], [], [], []]",5,1.0,0.016375999999960186,0.0032751999999920374,0.004557841007704431
technical_64,aten::new_ones,"[[1, 1, 109, 1], [], [], [], [], []]",10,2.0,0.015916000000141366,0.003183200000028273,0.004429811765965096
technical_64,aten::zeros,"[[], [], [], [], []]",15,3.0,0.01583100000000695,0.00316620000000139,0.004406154188640447
technical_64,aten::unsqueeze,"[[1], []]",30,6.0,0.015495999999991,0.0030991999999982,0.00431291550168042
technical_64,aten::squeeze,"[[1, 3, 1], []]",5,1.0,0.015249999999985449,0.0030499999999970898,0.004244447689765219
technical_64,aten::t,"[[768, 3072]]",10,2.0,0.015124999999941793,0.0030249999999883586,0.004209657134918894
technical_64,aten::layer_norm,"[[1, 3, 768], [], [768], [768], [], []]",5,1.0,0.01487599999991653,0.002975199999983306,0.0041403543496821875
technical_64,aten::masked_fill,"[[1, 3], [1, 3], []]",5,1.0,0.014500000000029104,0.0029000000000058207,0.004035704360772324
technical_64,aten::split,"[[2304], [], []]",10,2.0,0.01433599999990838,0.002867199999981676,0.003990059152796287
technical_64,aten::add,"[[109], [], []]",10,2.0,0.014334000000003698,0.0028668000000007395,0.003989502503945469
technical_64,aten::flatten,"[[109, 1, 12, 64], [], []]",10,2.0,0.014207999999940511,0.002841599999988102,0.0039544336246550345
technical_64,aten::embedding,"[[3, 768], [1], [], [], []]",5,1.0,0.01412500000008731,0.002825000000017462,0.003931332696286001
technical_64,aten::full,"[[], [], [], [], [], []]",5,1.0,0.014000999999919146,0.002800199999983829,0.0038968204658436957
technical_64,aten::linear,"[[1, 3, 768], [768, 768], [768]]",5,1.0,0.013585000000006403,0.0027170000000012805,0.0037810374993798492
technical_64,aten::empty_like,"[[1, 109], [], [], [], [], []]",10,2.0,0.01354300000006333,0.0027086000000126663,0.0037693478729714106
technical_64,aten::reshape,"[[1, 1, 1, 109], []]",10,2.0,0.013289999999936753,0.0026579999999873506,0.0036989317899518127
technical_64,aten::unsqueeze,"[[1, 768], []]",5,1.0,0.01324799999993411,0.002649599999986822,0.003687242163526794
technical_64,aten::transpose,"[[1, 32, 109], [], []]",10,2.0,0.013000000000106638,0.0026000000000213274,0.0036182177027838116
technical_64,aten::log,"[[1, 3]]",5,1.0,0.012334000000002562,0.0024668000000005125,0.003432853626598363
technical_64,aten::_softmax,"[[1, 3], [], []]",5,1.0,0.012249999999985448,0.0024499999999970895,0.0034094743737450354
technical_64,aten::transpose,"[[109, 1, 768], [], []]",10,2.0,0.012205999999976486,0.0024411999999952973,0.0033972280984409103
technical_64,aten::_to_copy,"[[1, 3], [], [], [], [], [], []]",5,1.0,0.012166999999986728,0.0024333999999973455,0.0033863734453354996
technical_64,aten::bitwise_and,"[[1, 1, 109, 109], [1, 1, 1, 109]]",5,1.0,0.012164999999980181,0.0024329999999960364,0.0033858167964563304
technical_64,aten::expand,"[[1, 3, 1], [], []]",5,1.0,0.012081000000049243,0.0024162000000098488,0.003362437543626987
technical_64,aten::unsqueeze,"[[109], []]",15,3.0,0.011912999999988528,0.0023825999999977057,0.003315679037912958
technical_64,aten::ge,"[[1, 1, 109, 1], []]",5,1.0,0.011749999999956344,0.002349999999991269,0.0032703121544002374
technical_64,aten::addmm,"[[2], [1, 256], [256, 2], [], []]",5,1.0,0.01171199999995588,0.002342399999991176,0.003259735825730519
technical_64,aten::as_strided,"[[1, 1, 109, 109], [], [], []]",75,15.0,0.011667000000026746,0.0023334000000053493,0.0032472112260099393
technical_64,aten::mul,"[[1, 3], [1, 3]]",5,1.0,0.011540000000051804,0.002308000000010361,0.0032118640223053932
technical_64,aten::to,"[[1, 3], [], [], [], []]",20,4.0,0.011417000000015833,0.0022834000000031664,0.0031776301163385537
technical_64,aten::as_strided,"[[1], [], [], []]",45,9.0,0.011123000000048025,0.002224600000009605,0.0030958027313775357
technical_64,aten::as_strided,"[[768, 3072], [], [], []]",10,2.0,0.011083000000042375,0.002216600000008475,0.0030846697538290274
technical_64,aten::select,"[[3, 768], [], []]",5,1.0,0.010958000000027824,0.0021916000000055647,0.003049879198990803
technical_64,aten::item,[[]],15,3.0,0.010832999999885715,0.002166599999977143,0.0030150886441170765
technical_64,aten::view,"[[1, 109, 3072], []]",10,2.0,0.01066600000008475,0.00213320000001695,0.0029686084629140163
technical_64,aten::copy_,"[[1, 3], [1, 3], []]",10,2.0,0.01062600000006205,0.00212520000001241,0.002957475485360762
technical_64,aten::unsqueeze,"[[32], []]",10,2.0,0.010587000000055014,0.0021174000000110027,0.0029466208322505415
technical_64,aten::sub,"[[1], [1], []]",5,1.0,0.01054099999999744,0.002108199999999488,0.0029338179080555405
technical_64,aten::resize_,"[[0], [], []]",25,5.0,0.010500999999886062,0.0021001999999772122,0.002922684930477606
technical_64,aten::as_strided,"[[1, 32, 1], [], [], []]",30,6.0,0.010457999999956655,0.002091599999991331,0.002910716979634298
technical_64,aten::div,"[[1], [1]]",5,1.0,0.010375,0.002075,0.00288761605123647
technical_64,aten::as_strided,"[[1, 109], [], [], []]",50,10.0,0.010294999999990409,0.002058999999998082,0.0028653500961399294
technical_64,aten::select,"[[1, 109], [], []]",10,2.0,0.009833999999942989,0.001966799999988598,0.002737042529898296
technical_64,aten::view,"[[109, 1, 12, 64], []]",10,2.0,0.009750000000058209,0.0019500000000116416,0.002713663277081799
technical_64,aten::to,"[[1, 109], [], [], [], []]",5,1.0,0.009623000000050523,0.0019246000000101046,0.0026783160733681393
technical_64,aten::abs,"[[1, 1, 109, 109]]",5,1.0,0.009542000000040844,0.0019084000000081688,0.0026557717938329
technical_64,aten::__and__,"[[], [1, 1, 109, 109]]",10,2.0,0.009415000000042027,0.0018830000000084053,0.0026204245901217085
technical_64,aten::narrow,"[[1, 109, 64], [], [], []]",10,2.0,0.009331000000018776,0.0018662000000037552,0.0025970453372666717
technical_64,aten::copy_,"[[1, 1, 109], [1, 1, 109], []]",10,2.0,0.009248999999982743,0.0018497999999965487,0.0025742227332854247
technical_64,aten::clone,"[[1, 3], []]",5,1.0,0.00912499999992724,0.001824999999985448,0.0025397105028744757
technical_64,aten::clamp_min,"[[1, 3], []]",5,1.0,0.008874999999970896,0.0017749999999941792,0.002470129393218278
technical_64,aten::copy_,"[[3, 1], [3, 1], []]",5,1.0,0.00874899999999616,0.0017497999999992319,0.002435060513952461
technical_64,aten::copy_,"[[109], [109], []]",5,1.0,0.008707999999984168,0.0017415999999968335,0.0024236492119635144
technical_64,aten::gelu,"[[1, 256], []]",5,1.0,0.008707999999984168,0.0017415999999968335,0.0024236492119635144
technical_64,aten::neg,[[1]],5,1.0,0.00866600000001199,0.001733200000002398,0.002411959585546976
technical_64,aten::clamp,"[[1], [], []]",5,1.0,0.008626999999920372,0.0017253999999840744,0.0024011049324132137
technical_64,aten::zero_,"[[1, 109]]",15,3.0,0.008458000000011907,0.0016916000000023815,0.0023540681023028866
technical_64,aten::as_strided,"[[768], [], [], []]",55,11.0,0.008413999999916997,0.0016827999999833993,0.002341821826974841
technical_64,aten::dropout,"[[1, 109, 768], [], []]",25,5.0,0.008329000000040422,0.0016658000000080845,0.002318164249721955
technical_64,aten::narrow,"[[2304], [], [], []]",30,6.0,0.008086000000112108,0.0016172000000224216,0.0022505314111442715
technical_64,aten::div,"[[1], []]",5,1.0,0.007958999999973458,0.0015917999999946915,0.002215184207394161
technical_64,aten::linear,"[[1, 3, 768], [1, 768], [1]]",5,1.0,0.007958000000027823,0.0015916000000055646,0.002214905882970619
technical_64,aten::fill_,"[[1, 109], []]",5,1.0,0.007958000000013272,0.0015916000000026544,0.002214905882966569
technical_64,aten::softmax,"[[1, 3], [], []]",5,1.0,0.007832000000038534,0.0015664000000077069,0.0021798370037007524
technical_64,aten::masked_fill_,"[[1, 3], [1, 3], []]",5,1.0,0.007541000000026543,0.0015082000000053086,0.002098844592043457
technical_64,aten::as_strided,"[[1, 768], [], [], []]",15,3.0,0.0075000000000145515,0.0015000000000029102,0.0020874332900545104
technical_64,aten::t,"[[3072, 768]]",10,2.0,0.007375999999887427,0.0014751999999774853,0.0020529210596236273
technical_64,aten::_local_scalar_dense,[[]],15,3.0,0.007332000000098333,0.0014664000000196666,0.0020406747843806985
technical_64,aten::fill_,"[[109], []]",5,1.0,0.007250000000001364,0.0014500000000002727,0.002017852180382491
technical_64,aten::view,"[[1, 32, 1], []]",10,2.0,0.006997999999994817,0.0013995999999989635,0.001947714421834974
technical_64,aten::unsqueeze,"[[1, 32], []]",10,2.0,0.0068300000001049735,0.0013660000000209947,0.0019009559161685026
technical_64,aten::as_strided,"[[1, 3], [], [], []]",15,3.0,0.006496999999979152,0.0012993999999958304,0.001808273878055243
technical_64,aten::view,"[[1, 3, 768], []]",10,2.0,0.006416999999943072,0.0012833999999886144,0.0017860079229513296
technical_64,aten::fill_,"[[1, 1], []]",25,5.0,0.006377000000036559,0.0012754000000073117,0.0017748749454304137
technical_64,aten::unsqueeze,"[[1, 1], []]",10,2.0,0.006290999999953783,0.0012581999999907566,0.0017509390436814627
technical_64,aten::copy_,"[[1], [1], []]",5,1.0,0.006290000000066357,0.0012580000000132715,0.0017506607192741214
technical_64,aten::_to_copy,"[[1], [], [], [], [], [], []]",5,1.0,0.006251999999920372,0.0012503999999840744,0.0017400843905639013
technical_64,aten::transpose,"[[3072, 768], [], []]",10,2.0,0.00616600000008475,0.00123320000001695,0.00171614848888374
technical_64,aten::to,"[[1, 109], [], [], [], [], []]",10,2.0,0.006124000000038449,0.0012248000000076899,0.0017044588624465706
technical_64,aten::select,"[[1, 3], [], []]",10,2.0,0.0060850000000039015,0.0012170000000007804,0.0016936042093286926
technical_64,aten::is_nonzero,[[]],10,2.0,0.006083999999984371,0.0012167999999968741,0.0016933258848845837
technical_64,aten::unsqueeze,"[[1, 1, 1], []]",10,2.0,0.00600200000001837,0.001200400000003674,0.0016705032809228278
technical_64,aten::select,"[[1, 32, 109], [], []]",10,2.0,0.005790000000077043,0.0011580000000154086,0.0016114984999403984
technical_64,aten::expand,"[[1, 1, 109], [], []]",10,2.0,0.005750000000069122,0.0011500000000138244,0.0016003655223912577
technical_64,aten::detach,"[[1, 3]]",10,2.0,0.005708000000013271,0.0011416000000026541,0.0015886758959514306
technical_64,aten::slice,"[[1, 109, 64], [], [], [], []]",10,2.0,0.005501999999964028,0.0011003999999928055,0.0015313410615710058
technical_64,aten::as_strided,"[[1, 1, 109], [], [], []]",40,8.0,0.0054600000000014,0.00109200000000028,0.0015196514351571249
technical_64,aten::view,"[[1, 1, 1, 109], []]",15,3.0,0.005249000000039814,0.0010498000000079629,0.00146092497860773
technical_64,aten::new_empty,"[[1, 1, 109, 1], [], [], [], [], []]",10,2.0,0.0051659999999710635,0.0010331999999942127,0.0014378240501787033
technical_64,aten::_unsafe_view,"[[1, 32, 109], []]",10,2.0,0.004959000000003698,0.0009918000000007396,0.0013802108913823937
technical_64,aten::expand,"[[3072], [], []]",10,2.0,0.004876000000018393,0.0009752000000036787,0.0013571099629765921
technical_64,aten::as_strided,"[[1, 32, 109], [], [], []]",20,4.0,0.004750999999985879,0.0009501999999971759,0.001322319408133368
technical_64,aten::copy_,"[[1, 256], [1, 256], []]",5,1.0,0.004750000000043656,0.0009500000000087312,0.0013220410837107752
technical_64,aten::to,"[[1, 1, 109], [], [], [], []]",10,2.0,0.004623999999939087,0.0009247999999878175,0.0012869722044088236
technical_64,aten::to,"[[1, 3], [], [], [], [], [], [], []]",20,4.0,0.004623000000026423,0.0009246000000052845,0.0012866938799944577
technical_64,aten::_softmax,"[[1, 2], [], []]",5,1.0,0.004499000000039814,0.0008998000000079628,0.0012521816496026841
technical_64,aten::expand,"[[1, 1, 1, 109], [], []]",10,2.0,0.004374999999927241,0.0008749999999854482,0.0012176694191758511
technical_64,aten::as_strided,"[[1, 3, 1], [], [], []]",10,2.0,0.004291999999986728,0.0008583999999973457,0.0011945684907825164
technical_64,aten::resolve_conj,"[[109, 1152]]",110,22.0,0.004132999999583262,0.0008265999999166523,0.0011503149049211518
technical_64,aten::select,"[[1, 109, 768], [], []]",5,1.0,0.004082000000067637,0.0008164000000135275,0.0011361203586836223
technical_64,aten::view,"[[3], []]",10,2.0,0.00408199999993667,0.000816399999987334,0.001136120358647171
technical_64,aten::linear,"[[1, 772], [256, 772], [256]]",5,1.0,0.003959999999991851,0.0007919999999983702,0.001102164777144375
technical_64,aten::as_strided,"[[2304], [], [], []]",30,6.0,0.0039579999998968565,0.0007915999999793713,0.0011016081282405887
technical_64,aten::select,"[[1, 1, 109], [], []]",10,2.0,0.0038310000000399214,0.0007662000000079843,0.0010662609245688862
technical_64,aten::reshape,"[[1, 109], []]",5,1.0,0.0037939999999495057,0.0007587999999899011,0.0010559629203128057
technical_64,aten::as_strided,"[[3072, 768], [], [], []]",10,2.0,0.0037910000000119905,0.0007582000000023981,0.0010551279470141766
technical_64,aten::empty_like,"[[1, 3], [], [], [], [], []]",5,1.0,0.003790999999982887,0.0007581999999965774,0.0010551279470060763
technical_64,aten::select,"[[1, 32, 1], [], []]",10,2.0,0.0036670000000012808,0.0007334000000002561,0.0010206157166156946
technical_64,aten::reshape,"[[1, 32, 1], []]",10,2.0,0.0036279999999931077,0.0007255999999986215,0.0010097610635051576
technical_64,aten::copy_,"[[3], [], []]",5,1.0,0.0035410000000423453,0.0007082000000084691,0.0009855468373542763
technical_64,aten::to,"[[1, 109, 64], [], [], [], []]",20,4.0,0.0034969999999486844,0.0006993999999897369,0.000973300562026579
technical_64,aten::view,"[[1, 1, 109], []]",10,2.0,0.0034599999999904867,0.0006919999999980973,0.0009630025578072979
technical_64,aten::_reshape_alias,"[[1, 1, 1, 109], [], []]",5,1.0,0.003459000000017113,0.0006918000000034226,0.0009627242333760353
technical_64,aten::to,"[[1], [], [], [], []]",10,2.0,0.00337400000008347,0.000674800000016694,0.0009390666561072654
technical_64,aten::linear,"[[1, 256], [2, 256], [2]]",5,1.0,0.0033730000000214205,0.0006746000000042841,0.0009387883316513222
technical_64,aten::transpose,"[[256, 772], [], []]",5,1.0,0.0033339999999443533,0.0006667999999888706,0.0009279336785216101
technical_64,aten::transpose,"[[1, 768], [], []]",5,1.0,0.0032510000000038415,0.0006502000000007683,0.0009048327501282755
technical_64,aten::t,"[[1, 768]]",5,1.0,0.0032490000000398142,0.0006498000000079629,0.0009042761012609406
technical_64,aten::dropout,"[[1, 109, 3072], [], []]",10,2.0,0.0032070000000239815,0.0006414000000047963,0.0008925864748322514
technical_64,aten::expand,"[[1, 1, 1, 1], [], []]",5,1.0,0.0031680000000210385,0.0006336000000042077,0.0008817318217231699
technical_64,aten::t,"[[256, 772]]",5,1.0,0.003082000000111293,0.0006164000000222586,0.000857795920022378
technical_64,aten::copy_,"[[1, 2], [1, 2], []]",5,1.0,0.0030820000000530852,0.0006164000000106171,0.0008577959200061775
technical_64,aten::copy_,"[[109], [], []]",5,1.0,0.003081999999994878,0.0006163999999989756,0.0008577959199899768
technical_64,aten::select,"[[256000, 768], [], []]",5,1.0,0.003001000000019644,0.0006002000000039289,0.000835251640464325
technical_64,aten::as_strided,"[[], [], [], []]",15,3.0,0.0029980000000068684,0.0005996000000013737,0.0008344166671447491
technical_64,aten::as_strided,"[[109], [], [], []]",15,3.0,0.002959000000031665,0.000591800000006333,0.0008235620140433881
technical_64,aten::t,"[[2, 256]]",5,1.0,0.0029589999999589055,0.0005917999999917811,0.0008235620140231373
technical_64,aten::view,"[[3, 768], []]",5,1.0,0.0029180000000196744,0.0005836000000039349,0.0008121507120544415
technical_64,aten::log,[[1]],5,1.0,0.0028339999999443537,0.0005667999999888708,0.0007887714591849127
technical_64,aten::transpose,"[[2, 256], [], []]",5,1.0,0.002791000000011991,0.0005582000000023982,0.0007768035083407819
technical_64,aten::reshape,"[[1, 1, 109], []]",10,2.0,0.002706999999953723,0.0005413999999907446,0.0007534242554759994
technical_64,aten::as_strided,"[[109, 1, 768], [], [], []]",10,2.0,0.0026270000000367874,0.0005254000000073575,0.0007311583004052467
technical_64,aten::view,"[[1, 109], []]",5,1.0,0.0025400000000239515,0.0005080000000047903,0.0007069440742370888
technical_64,aten::detach_,[[109]],5,1.0,0.0025389999999777045,0.0005077999999955409,0.0007066657497855437
technical_64,aten::as_strided,"[[32], [], [], []]",10,2.0,0.002538999999919497,0.0005077999999838995,0.0007066657497693432
technical_64,aten::copy_,"[[3], [3], []]",5,1.0,0.0025000000000462703,0.0005000000000092541,0.000695811096696365
technical_64,aten::as_strided,"[[1, 1, 1], [], [], []]",10,2.0,0.0025000000000013644,0.0005000000000002729,0.0006958110966838665
technical_64,aten::as_strided,"[[1, 1, 1, 1], [], [], []]",5,1.0,0.002456999999951222,0.0004913999999902445,0.0006838431458069547
technical_64,aten::select,"[[1, 768], [], []]",5,1.0,0.002375000000014552,0.00047500000000291043,0.0006610205418533625
technical_64,aten::to,"[[1, 109], [], [], [], [], [], [], []]",10,2.0,0.0023319999999961284,0.00046639999999922567,0.0006490525909852788
technical_64,aten::as_strided,"[[1, 2], [], [], []]",15,3.0,0.0022920000000158326,0.0004584000000031665,0.0006379196134438272
technical_64,aten::to,"[[1, 32, 1], [], [], [], [], []]",10,2.0,0.002208999999945718,0.00044179999998914356,0.0006148186850144209
technical_64,aten::to,"[[1, 1, 109, 109], [], [], [], [], [], [], []]",10,2.0,0.0021669999999987793,0.00043339999999975586,0.0006031290586049066
technical_64,aten::to,"[[109], [], [], [], [], []]",5,1.0,0.002124999999985448,0.0004249999999970896,0.0005914394321769136
technical_64,aten::expand,"[[2], [], []]",5,1.0,0.002124999999956344,0.00042499999999126884,0.0005914394321688132
technical_64,aten::expand,"[[1], [], []]",5,1.0,0.0020849999999918508,0.00041699999999837017,0.0005803064546317599
technical_64,aten::as_strided,"[[1, 1, 1, 109], [], [], []]",10,2.0,0.002082000000082189,0.00041640000001643784,0.0005794714813408831
technical_64,aten::detach_,[[1]],10,2.0,0.0020459999999385445,0.0004091999999877089,0.000569451801508661
technical_64,aten::fill_,"[[3], []]",5,1.0,0.002042999999947028,0.0004085999999894056,0.000568616828195002
technical_64,aten::__and__,"[[1, 1, 109, 109], [1, 1, 1, 109]]",5,1.0,0.002001000000004069,0.00040020000000081377,0.0005569272017865953
technical_64,aten::select,"[[109, 768], [], []]",5,1.0,0.0019570000000131813,0.00039140000000263626,0.0005446809264875021
technical_64,aten::__and__,"[[1, 1, 109, 109], [1, 1, 109, 1]]",5,1.0,0.0019180000000051222,0.00038360000000102446,0.0005338262733769967
technical_64,aten::expand,"[[256], [], []]",5,1.0,0.0019170000000158325,0.0003834000000031665,0.0005335479489413042
technical_64,aten::resolve_conj,"[[109, 3072]]",20,4.0,0.0019159999998664718,0.00038319999997329436,0.0005332696244610601
technical_64,aten::as_strided,"[[3, 768], [], [], []]",5,1.0,0.0018749999999417924,0.0003749999999883585,0.0005218583224964144
technical_64,aten::softmax,"[[1, 2], [], []]",5,1.0,0.0017509999999601859,0.0003501999999920372,0.0004873460921060329
technical_64,aten::resolve_conj,"[[3, 768]]",10,2.0,0.0017489999999816064,0.0003497999999963213,0.00048678944323464794
technical_64,aten::view,"[[3, 1], []]",5,1.0,0.0016660000000410947,0.0003332000000082189,0.0004636885148413132
technical_64,aten::lift_fresh,[[109]],5,1.0,0.0016650000000068986,0.0003330000000013797,0.0004634101903931222
technical_64,aten::as_strided,"[[1, 32], [], [], []]",10,2.0,0.0015009999999879256,0.00030019999999758514,0.00041776498244540486
technical_64,aten::as_strided,"[[3072], [], [], []]",10,2.0,0.0014999999999563442,0.00029999999999126884,0.0004174866579979416
technical_64,aten::detach,"[[1, 2]]",5,1.0,0.0014989999999670545,0.0002997999999934109,0.0004172083335622491
technical_64,aten::as_strided,"[[256, 772], [], [], []]",5,1.0,0.0014580000000423753,0.00029160000000847503,0.0004057970315976035
technical_64,aten::as_strided,"[[1, 1], [], [], []]",10,2.0,0.0014180000000051222,0.0002836000000010244,0.00039466405404029934
technical_64,aten::as_strided,"[[2, 256], [], [], []]",5,1.0,0.0012919999999867287,0.00025839999999734576,0.0003595951747623322
technical_64,aten::to,"[[1, 2], [], [], [], [], [], [], []]",10,2.0,0.0012100000000500586,0.0002420000000100117,0.0003367725708087401
technical_64,aten::detach_,[[3]],5,1.0,0.001123999999968305,0.000224799999993661,0.00031283666906007415
technical_64,aten::to,"[[1, 1, 1, 109], [], [], [], [], [], [], []]",5,1.0,0.0010000000000318324,0.00020000000000636647,0.0002783244386822544
technical_64,aten::to,"[[1, 772], [], [], [], []]",5,1.0,0.000959000000017113,0.0001918000000034226,0.0002669131366925485
technical_64,aten::to,"[[1, 1, 109, 1], [], [], [], [], [], [], []]",5,1.0,0.0009170000000278832,0.00018340000000557666,0.00025522351027126356
technical_64,aten::to,"[[1, 2], [], [], [], []]",5,1.0,0.0009160000000410947,0.00018320000000821894,0.0002549451858362672
technical_64,aten::to,"[[1, 768], [], [], [], []]",5,1.0,0.0009159999999392312,0.00018319999998784624,0.0002549451858079161
technical_64,aten::as_strided,"[[256000, 768], [], [], []]",5,1.0,0.000832999999982917,0.0001665999999965834,0.0002318442574101832
technical_64,aten::fill_,"[[], []]",10,2.0,0.0008329999999273241,0.00016659999998546482,0.0002318442573947103
technical_64,aten::to,"[[1], [], [], [], [], [], [], []]",5,1.0,0.0007929999999747679,0.0001585999999949536,0.00022071127986097932
technical_64,aten::resolve_conj,"[[1, 32, 1]]",10,2.0,0.000792000000039934,0.0001584000000079868,0.00022043295544044324
technical_64,aten::as_strided,"[[109, 768], [], [], []]",5,1.0,0.0006670000000133314,0.0001334000000026663,0.00018564240059886473
technical_64,aten::as_strided,"[[2], [], [], []]",5,1.0,0.000625,0.000125,0.0001739527741708717
technical_64,aten::zero_,"[[1, 3]]",10,2.0,0.0006249999999708961,0.00012499999999417922,0.00017395277416277138
technical_64,aten::as_strided,"[[256], [], [], []]",5,1.0,0.0005829999999841675,0.0001165999999968335,0.00016226314774218256
technical_64,aten::resolve_neg,"[[1, 3]]",5,1.0,0.0005420000000012806,0.00010840000000025612,0.00015085184576133634
technical_64,aten::to,"[[1], [], [], [], [], []]",10,2.0,0.0005409999999367301,0.00010819999998734602,0.00015057352130469696
technical_64,aten::resolve_conj,"[[1, 256]]",10,2.0,0.0004990000000398141,9.980000000796281e-05,0.00013888389490910517
technical_64,aten::to,"[[3], [], [], [], [], []]",5,1.0,0.000419000000035453,8.38000000070906e-05,0.00011661793981401983
technical_64,aten::resolve_conj,"[[1, 2]]",10,2.0,0.0004160000000265427,8.320000000530854e-05,0.00011578296649551968
technical_64,aten::resolve_conj,"[[32, 1]]",10,2.0,0.00037600000003158127,7.520000000631625e-05,0.00010464998894998625
technical_64,aten::lift_fresh,[[]],10,2.0,0.0003739999999684187,7.479999999368374e-05,0.00010409334005505978
technical_64,aten::resolve_conj,"[[1, 1, 109]]",10,2.0,0.000333000000054426,6.660000001088519e-05,9.268203809338852e-05
technical_64,aten::resolve_conj,"[[32, 109]]",10,2.0,0.0003330000000396467,6.660000000792933e-05,9.268203808927508e-05
technical_64,aten::to,"[[1, 3, 768], [], [], [], []]",5,1.0,0.00033300000001327136,6.660000000265427e-05,9.268203808193418e-05
technical_64,aten::resolve_conj,"[[1, 109]]",10,2.0,0.0003319999999973788,6.639999999947576e-05,9.240371363883751e-05
technical_64,aten::lift_fresh,[[1]],10,2.0,0.000291999999928521,5.8399999985704195e-05,8.12707360727369e-05
technical_64,aten::resolve_conj,"[[1, 772]]",5,1.0,0.00020899999998800922,4.1799999997601846e-05,5.816980767940217e-05
technical_64,aten::resolve_neg,"[[1, 2]]",5,1.0,0.0002089999999589054,4.1799999991781076e-05,5.816980767130185e-05
technical_64,aten::resolve_conj,"[[1, 3]]",5,1.0,0.00020800000002782327,4.1600000005564656e-05,5.789148325181e-05
technical_64,aten::resolve_conj,"[[3, 1]]",5,1.0,0.00020700000000942965,4.140000000188593e-05,5.76131588080172e-05
technical_64,aten::resolve_conj,"[[768, 1]]",5,1.0,0.000125,2.5e-05,3.4790554834174336e-05
technical_64,aten::lift_fresh,[[3]],5,1.0,0.00012499999999874946,2.4999999999749893e-05,3.479055483382627e-05
other_64,aten::mm,"[[109, 768], [768, 2304]]",220,44.0,255.6937879999998,51.13875759999996,49.22251770096855
other_64,aten::mm,"[[109, 1152], [1152, 768]]",110,22.0,45.69561500000039,9.139123000000078,8.796667434854399
other_64,aten::mm,"[[109, 768], [768, 768]]",110,22.0,29.925464999999136,5.985092999999827,5.760823296466528
other_64,aten::mul,"[[1, 12, 109, 64], [1, 1, 109, 64]]",440,88.0,18.37584300000009,3.675168600000018,3.5374549550563352
other_64,aten::_scaled_dot_product_flash_attention_for_cpu,"[[1, 12, 109, 64], [1, 12, 109, 64], [1, 12, 109, 64], [], [], [1, 1, 109, 109], []]",70,14.0,17.13567700000047,3.427135400000094,3.29871590173557
other_64,aten::add,"[[1, 109, 768], [1, 109, 768], []]",240,48.0,14.496763000000572,2.8993526000001144,2.7907098524203273
other_64,aten::neg,"[[1, 12, 109, 32]]",220,44.0,13.48991300000055,2.69798260000011,2.5968854645270185
other_64,aten::addmm,"[[768], [109, 3072], [3072, 768], [], []]",10,2.0,12.326769999999787,2.4653539999999574,2.3729737795615042
other_64,aten::gelu,"[[1, 109, 1152], []]",110,22.0,12.008353000000243,2.4016706000000485,2.31167668454265
other_64,aten::cat,"[[], []]",240,48.0,11.908514000000288,2.3817028000000575,2.292457105595566
other_64,aten::native_layer_norm,"[[1, 109, 768], [], [768], [], []]",225,45.0,11.516567999998042,2.3033135999996084,2.2170052572192813
other_64,aten::addmm,"[[3072], [109, 768], [768, 3072], [], []]",10,2.0,9.672289000000019,1.9344578000000037,1.8619709936456676
other_64,aten::addmm,"[[768], [109, 768], [768, 768], [], []]",40,8.0,9.660785000000235,1.932157000000047,1.859756407800425
other_64,aten::_scaled_dot_product_flash_attention_for_cpu,"[[1, 12, 109, 64], [1, 12, 109, 64], [1, 12, 109, 64], [], [], [], []]",40,8.0,7.194470000000588,1.4388940000001176,1.3849766538877213
other_64,aten::add,"[[1, 12, 109, 64], [1, 12, 109, 64], []]",220,44.0,6.41619199999998,1.2832383999999961,1.235153684268669
other_64,aten::mul,"[[1, 109, 1152], [1, 109, 1152]]",110,22.0,5.135847999999707,1.0271695999999415,0.9886801359815192
other_64,aten::where,"[[1, 1, 109, 109], [], []]",140,28.0,2.4936919999996165,0.4987383999999233,0.4800499831100509
other_64,aten::_scaled_dot_product_flash_attention_for_cpu,"[[1, 12, 109, 64], [1, 12, 109, 64], [1, 12, 109, 64], [], [], [1, 1, 1, 109], []]",10,2.0,2.1143310000002096,0.42286620000004194,0.4070208192668995
other_64,aten::reshape,"[[1, 109, 768], []]",330,66.0,1.6635460000011908,0.3327092000002382,0.32024212661527063
other_64,aten::copy_,"[[109, 768], [109, 768], []]",50,10.0,1.4579259999999485,0.2915851999999897,0.2806590997107047
other_64,aten::slice,"[[1, 12, 109, 64], [], [], [], []]",880,176.0,1.4429439999990707,0.2885887999998141,0.2777749789582712
other_64,aten::log,[[1]],5,1.0,1.4213859999998821,0.2842771999999764,0.2736249405672035
other_64,aten::as_strided,"[[109, 1, 12, 64], [], [], []]",30,6.0,1.3554700000000595,0.2710940000000119,0.2609357332847477
other_64,aten::clamp_min,"[[1, 109, 3072], []]",10,2.0,1.2835119999999005,0.2567023999999801,0.247083406419716
other_64,aten::matmul,"[[1, 109, 768], [768, 2304]]",220,44.0,1.1679399999996567,0.23358799999993135,0.22483513492182436
other_64,aten::index_select,"[[256000, 768], [], [109]]",5,1.0,1.1045589999999688,0.22091179999999375,0.2126339296489386
other_64,aten::empty,"[[], [], [], [], [], []]",1285,257.0,1.091017000000358,0.2182034000000716,0.21002701713885694
other_64,aten::addmm,"[[768], [3, 768], [768, 768], [], []]",5,1.0,1.0301040000001085,0.2060208000000217,0.19830091599192032
other_64,aten::native_layer_norm,"[[1, 109, 768], [], [768], [768], []]",20,4.0,1.0251409999998868,0.20502819999997737,0.19734551008522375
other_64,aten::unbind,"[[1, 109, 3, 12, 64], []]",110,22.0,0.9492340000002241,0.1898468000000448,0.18273297811745137
other_64,aten::select,"[[1, 109, 3, 12, 64], [], []]",330,66.0,0.7388169999986377,0.14776339999972754,0.14222650125629743
other_64,aten::scalar_tensor,"[[], [], [], [], []]",160,32.0,0.6869859999997443,0.13739719999994887,0.1322487370921386
other_64,aten::scaled_dot_product_attention,"[[1, 12, 109, 64], [1, 12, 109, 64], [1, 12, 109, 64], [1, 1, 109, 109], [], [], [], []]",70,14.0,0.6583090000003049,0.13166180000006097,0.1267282504541015
other_64,aten::transpose,"[[1, 109, 12, 64], [], []]",450,90.0,0.6260940000008349,0.125218800000167,0.1205266785656573
other_64,aten::transpose,"[[1, 12, 109, 64], [], []]",590,118.0,0.6091510000009165,0.1218302000001833,0.11726505408926019
other_64,aten::as_strided,"[[1, 12, 109, 64], [], [], []]",1480,296.0,0.5556850000001807,0.11113700000003615,0.10697254306651992
other_64,aten::layer_norm,"[[1, 109, 768], [], [768], [], [], []]",225,45.0,0.5289040000003274,0.10578080000006548,0.10181704728051193
other_64,aten::narrow,"[[1, 12, 109, 64], [], [], []]",440,88.0,0.5052830000001449,0.10105660000002899,0.09726986958128855
other_64,aten::split,"[[1, 109, 2304], [], []]",110,22.0,0.48741099999931975,0.09748219999986395,0.09382940728741253
other_64,aten::matmul,"[[1, 109, 1152], [1152, 768]]",110,22.0,0.45052399999971926,0.09010479999994385,0.08672844865788198
other_64,aten::cos,"[[1, 109, 64]]",10,2.0,0.3897019999999102,0.07794039999998204,0.0750198655318855
other_64,aten::t,"[[2304, 768]]",220,44.0,0.3627809999996343,0.07255619999992687,0.06983741894448012
other_64,aten::unsqueeze,"[[1, 109, 64], []]",220,44.0,0.35916400000083554,0.0718328000001671,0.06914112574213892
other_64,aten::copy_,"[[109, 3072], [109, 3072], []]",10,2.0,0.3461569999999192,0.06923139999998384,0.066637203793978
other_64,aten::linear,"[[1, 109, 768], [2304, 768], []]",220,44.0,0.33291899999977115,0.06658379999995423,0.0640888130237935
other_64,aten::narrow,"[[1, 109, 2304], [], [], []]",220,44.0,0.3289100000002654,0.06578200000005308,0.06331705757763127
other_64,aten::empty_strided,"[[], [], [], [], [], []]",200,40.0,0.3282410000000669,0.06564820000001338,0.06318827124844709
other_64,aten::matmul,"[[1, 109, 768], [768, 768]]",110,22.0,0.3028960000003135,0.060579200000062706,0.058309213681671496
other_64,aten::chunk,"[[1, 109, 2304], [], []]",110,22.0,0.3002400000003126,0.06004800000006252,0.05779791847956117
other_64,aten::sin,"[[1, 109, 64]]",10,2.0,0.2979510000000646,0.059590200000012916,0.05735727287799605
other_64,aten::to,"[[1, 12, 109, 64], [], [], [], []]",660,132.0,0.28191000000019356,0.056382000000038714,0.054269288564372874
other_64,aten::transpose,"[[2304, 768], [], []]",220,44.0,0.28048499999999066,0.056096999999998134,0.053994967908081164
other_64,aten::slice,"[[1, 109, 2304], [], [], [], []]",220,44.0,0.2617449999996316,0.052348999999926316,0.05038741064613538
other_64,aten::add,"[[1, 109, 768], [1, 1, 768], []]",5,1.0,0.2487039999999979,0.04974079999999958,0.047876943503616085
other_64,aten::view,"[[109], []]",490,98.0,0.24542300000011413,0.04908460000002283,0.047245332224224536
other_64,aten::t,"[[768, 1152]]",110,22.0,0.2345340000004689,0.04690680000009378,0.045149137399075376
other_64,aten::addmm,"[[256], [1, 772], [772, 256], [], []]",5,1.0,0.23428599999952712,0.046857199999905425,0.04510139597941992
other_64,aten::view,"[[1, 109, 768], []]",350,70.0,0.2316169999988784,0.04632339999977568,0.04458759820277694
other_64,aten::scaled_dot_product_attention,"[[1, 12, 109, 64], [1, 12, 109, 64], [1, 12, 109, 64], [], [], [], [], []]",40,8.0,0.2293720000000458,0.045874400000009155,0.044155422853326486
other_64,aten::_unsafe_view,"[[109, 2304], []]",220,44.0,0.22761800000035873,0.045523600000071746,0.04381776781404141
other_64,aten::view,"[[1, 109, 2304], []]",110,22.0,0.20316000000010992,0.040632000000021984,0.039109462824079975
other_64,aten::linear,"[[1, 109, 768], [768, 768], []]",110,22.0,0.1994539999996823,0.03989079999993646,0.03839603661201715
other_64,aten::as_strided,"[[1, 109, 3, 12, 64], [], [], []]",330,66.0,0.19041200000118258,0.038082400000236515,0.036655399858736656
other_64,aten::native_layer_norm,"[[1, 3, 768], [], [768], [768], []]",5,1.0,0.1898289999999106,0.03796579999998212,0.03654316902158282
other_64,aten::empty_like,"[[1, 12, 109, 64], [], [], [], [], []]",120,24.0,0.18982599999957986,0.037965199999915974,0.03654259150434809
other_64,aten::as_strided,"[[1, 109, 12, 64], [], [], []]",450,90.0,0.18038699999873004,0.036077399999746004,0.03472552997831183
other_64,aten::as_strided,"[[1, 109, 2304], [], [], []]",220,44.0,0.18003800000038242,0.03600760000007648,0.034658345481063495
other_64,aten::transpose,"[[768, 1152], [], []]",110,22.0,0.17932099999956702,0.0358641999999134,0.03452031887702361
other_64,aten::reshape,"[[1, 109, 12, 64], []]",110,22.0,0.17474799999927748,0.034949599999855495,0.03363999020255154
other_64,aten::linear,"[[1, 109, 1152], [768, 1152], []]",110,22.0,0.172701000000201,0.0345402000000402,0.033245930986343986
other_64,aten::t,"[[768, 768]]",155,31.0,0.17216100000012824,0.03443220000002565,0.03314197789553952
other_64,aten::layer_norm,"[[1, 109, 768], [], [768], [768], [], []]",20,4.0,0.156584000000119,0.0313168000000238,0.030143316237680056
other_64,aten::as_strided,"[[2304, 768], [], [], []]",250,50.0,0.1546700000000473,0.03093400000000946,0.029774860282531155
other_64,aten::_unsafe_view,"[[109, 768], []]",220,44.0,0.15167299999986522,0.030334599999973046,0.029197920628608976
other_64,aten::view,"[[1, 109, 1152], []]",110,22.0,0.14903299999983757,0.029806599999967515,0.028689705518072487
other_64,aten::view,"[[1, 109, 12, 64], []]",110,22.0,0.1489180000005135,0.0297836000001027,0.02866756735997872
other_64,aten::transpose,"[[768, 768], [], []]",155,31.0,0.11482900000035438,0.022965800000070875,0.022105239745214177
other_64,aten::unflatten,"[[109, 1, 768], [], []]",30,6.0,0.11361999999999535,0.02272399999999907,0.02187250032520861
other_64,aten::as_strided,"[[768, 1152], [], [], []]",110,22.0,0.10671499999999468,0.021342999999998936,0.020543248303156274
other_64,aten::scaled_dot_product_attention,"[[1, 12, 109, 64], [1, 12, 109, 64], [1, 12, 109, 64], [1, 1, 1, 109], [], [], [], []]",10,2.0,0.10408099999986006,0.020816199999972012,0.020036188226941296
other_64,aten::expand,"[[1, 1, 109, 109], [], []]",75,15.0,0.10149799999995367,0.020299599999990734,0.01953894594267823
other_64,aten::eq,"[[1, 1, 1, 109], []]",10,2.0,0.09886900000018067,0.019773800000036135,0.0190328483951513
other_64,aten::view,"[[1, 1, 109, 109], []]",70,14.0,0.09265899999964314,0.018531799999928628,0.01783738785095742
other_64,aten::reshape,"[[1, 109, 1152], []]",110,22.0,0.08175800000020172,0.016351600000040344,0.01573888295716327
other_64,aten::bmm,"[[1, 32, 1], [1, 1, 109]]",10,2.0,0.08004299999959039,0.016008599999918077,0.015408735640924006
other_64,aten::bitwise_and,"[[], [1, 1, 109, 109]]",10,2.0,0.0797899999999213,0.01595799999998426,0.015360031692895133
other_64,aten::linear,"[[109, 1, 768], [768, 768], [768]]",30,6.0,0.0794499999997206,0.015889999999944122,0.01529457974680324
other_64,aten::mul,"[[1, 109, 64], []]",20,4.0,0.07929200000004767,0.015858400000009536,0.015264163842523805
other_64,aten::linear,"[[1, 109, 3072], [768, 3072], [768]]",10,2.0,0.07829199999989941,0.015658399999979884,0.015071658118809214
other_64,aten::linear,"[[1, 109, 768], [3072, 768], [3072]]",10,2.0,0.07541500000035739,0.015083000000071478,0.014517819151852598
other_64,aten::transpose,"[[1, 109, 12], [], []]",120,24.0,0.07141400000050181,0.014282800000100362,0.013747603751412492
other_64,aten::dropout,"[[1, 109, 1152], [], []]",110,22.0,0.07016199999973287,0.014032399999946574,0.013506586585209528
other_64,aten::resolve_conj,"[[109, 768]]",650,130.0,0.06854400000152054,0.013708800000304108,0.013195112324629634
other_64,aten::where,"[[1, 1, 1, 109], [], []]",20,4.0,0.06791500000006637,0.013583000000013274,0.013074026224151162
other_64,aten::as_strided,"[[1, 109, 64], [], [], []]",230,46.0,0.06548799999914899,0.013097599999829799,0.012606814832588511
other_64,aten::view,"[[109, 768], []]",55,11.0,0.0644549999999158,0.01289099999998316,0.01240795642016843
other_64,aten::_to_copy,"[[], [], [], [], [], [], []]",35,7.0,0.06287699999998995,0.012575399999997992,0.01210418238820611
other_64,aten::arange,"[[], [], [], [0]]",25,5.0,0.06095799999998405,0.01219159999999681,0.011734763904451436
other_64,aten::gather,"[[1, 109, 768], [], [1, 3, 768], []]",5,1.0,0.05679000000012457,0.011358000000024914,0.010932400048155011
other_64,aten::as_strided,"[[768, 768], [], [], []]",155,31.0,0.056413999999876965,0.011282799999975394,0.010860017896001394
other_64,aten::permute,"[[109, 1, 12, 64], []]",30,6.0,0.05333199999984936,0.010666399999969873,0.010266715255595657
other_64,aten::transpose,"[[1, 109, 768], [], []]",30,6.0,0.05049800000022515,0.01009960000004503,0.009721154034741719
other_64,aten::expand,"[[768], [], []]",55,11.0,0.05036899999986054,0.010073799999972108,0.009696320796316027
other_64,aten::le,"[[1, 1, 109, 109], []]",5,1.0,0.04837500000001592,0.009675000000003185,0.009312464383315948
other_64,aten::sum,"[[1, 3], [], [], []]",10,2.0,0.047289000000280794,0.009457800000056159,0.009103403167443885
other_64,aten::index,"[[1, 109], []]",5,1.0,0.04700100000013435,0.00940020000002687,0.009047961518994108
other_64,aten::copy_,"[[], [], []]",35,7.0,0.04658199999994713,0.009316399999989426,0.00896730162073361
other_64,aten::view,"[[109, 1, 768], []]",60,12.0,0.044836000000039344,0.008967200000007869,0.008631186627195512
other_64,aten::gelu,"[[1, 3, 768], []]",5,1.0,0.04404000000000815,0.00880800000000163,0.008477952071135407
other_64,aten::bitwise_and,"[[1, 1, 109, 109], [1, 1, 109, 1]]",5,1.0,0.04395700000001307,0.008791400000002614,0.008461974096070411
other_64,aten::matmul,"[[1, 32, 1], [1, 1, 109]]",10,2.0,0.04324700000046141,0.008649400000092282,0.00832529503233962
other_64,aten::unsqueeze,"[[1, 109], []]",30,6.0,0.039666000000016306,0.007933200000003261,0.007635932035734176
other_64,aten::all,"[[1, 109]]",10,2.0,0.03850100000000248,0.007700200000000495,0.007411662867637259
other_64,aten::_to_copy,"[[1, 109], [], [], [], [], [], []]",15,3.0,0.03832900000010159,0.0076658000000203175,0.007378551883182337
other_64,aten::split,"[[2304, 768], [], []]",10,2.0,0.038250000000261936,0.0076500000000523875,0.007363343931042007
other_64,aten::view,"[[109, 3072], []]",10,2.0,0.037540999999939234,0.007508199999987847,0.007226857372886471
other_64,aten::index_select,"[[3, 768], [], [1]]",5,1.0,0.037496999999915716,0.0074993999999831435,0.007218387121039759
other_64,aten::as_strided,"[[1, 109, 12], [], [], []]",120,24.0,0.036288999999610494,0.007257799999922099,0.006985840206768247
other_64,aten::masked_fill_,"[[1, 109], [1, 109], []]",10,2.0,0.03591700000001583,0.007183400000003166,0.006914228077635065
other_64,aten::sub,"[[1, 1, 109, 1], [1, 1, 1, 109], []]",5,1.0,0.034998999999997525,0.006999799999999505,0.006737507823287742
other_64,aten::relu,"[[1, 109, 3072]]",10,2.0,0.03375299999990966,0.006750599999981932,0.006497645691558005
other_64,aten::to,"[[], [], [], [], []]",115,23.0,0.03332900000002519,0.006665800000005039,0.006416023264737359
other_64,aten::clamp,"[[1, 3], [], []]",5,1.0,0.03283000000010361,0.006566000000020722,0.0063199629086331125
other_64,aten::copy_,"[[1, 109], [1, 109], []]",15,3.0,0.03266699999994421,0.006533399999988842,0.006288584475641601
other_64,aten::unsqueeze,"[[1, 1, 109], []]",20,4.0,0.031582000000055586,0.006316400000011118,0.006079715765463673
other_64,aten::resolve_conj,"[[109, 2304]]",220,44.0,0.028213999999843507,0.005642799999968701,0.005431356488048214
other_64,aten::embedding,"[[256000, 768], [1, 109], [], [], []]",5,1.0,0.02750099999998656,0.005500199999997312,0.005294099907087597
other_64,aten::_to_copy,"[[1, 1, 109], [], [], [], [], [], []]",10,2.0,0.02624899999993477,0.005249799999986954,0.0050530827410226855
other_64,aten::copy_,"[[3, 768], [3, 768], []]",5,1.0,0.0255,0.0050999999999999995,0.004908895953994389
other_64,aten::zeros_like,"[[1, 109], [], [], [], [], []]",10,2.0,0.025211000000097558,0.0050422000000195115,0.004853261799867899
other_64,aten::arange,"[[], [], [], [], []]",25,5.0,0.024828999999847043,0.004965799999969408,0.004779724613371601
other_64,aten::narrow,"[[2304, 768], [], [], []]",30,6.0,0.024748999999690567,0.004949799999938114,0.0047643241554465934
other_64,aten::slice,"[[1, 109], [], [], [], []]",5,1.0,0.024165000000037254,0.004833000000007451,0.004651900812880677
other_64,aten::abs,"[[1, 1, 109, 109], [0]]",5,1.0,0.02408099999996557,0.0048161999999931145,0.00463573033207725
other_64,aten::gelu,"[[1, 256], []]",5,1.0,0.023375000000029105,0.004675000000005821,0.004499821291167125
other_64,aten::linear,"[[1, 109, 768], [768, 768], [768]]",10,2.0,0.023208999999740625,0.004641799999948125,0.004467865340979707
other_64,aten::addmm,"[[1], [3, 768], [768, 1], [], []]",5,1.0,0.023126000000047497,0.0046252000000095,0.004451887365972839
other_64,aten::topk,"[[1, 3], [], [], [], []]",5,1.0,0.022915999999968337,0.004583199999993667,0.004411461163983528
other_64,aten::select,"[[1, 2], [], []]",15,3.0,0.022878000000171598,0.00457560000003432,0.004404145946522587
other_64,aten::sum,"[[1, 109], []]",5,1.0,0.02229299999991781,0.004458599999983562,0.00429153009811739
other_64,aten::stack,"[[], []]",5,1.0,0.021166999999957626,0.004233399999991525,0.004074768653254557
other_64,aten::slice,"[[2304, 768], [], [], [], []]",30,6.0,0.02079200000027777,0.004158400000055554,0.004002579006933916
other_64,aten::as_strided,"[[1, 109, 768], [], [], []]",35,7.0,0.020581999999907567,0.004116399999981513,0.0039621528048885786
other_64,aten::unsqueeze,"[[1, 3], []]",5,1.0,0.020082000000140397,0.00401640000002808,0.0038658999430903726
other_64,aten::bitwise_not,"[[1, 109]]",5,1.0,0.019749999999970895,0.003949999999994179,0.0038019880427939724
other_64,aten::expand,"[[1, 32, 1], [], []]",20,4.0,0.019749999999712598,0.0039499999999425195,0.0038019880427442487
other_64,aten::add,"[[109], [], []]",10,2.0,0.019499000000023897,0.0038998000000047793,0.0037536691061589764
other_64,aten::zeros,"[[], [], [], [], []]",15,3.0,0.01920499999997128,0.003840999999994256,0.0036970724233851464
other_64,aten::ge,"[[1, 1, 109, 1], []]",5,1.0,0.01912300000002415,0.0038246000000048295,0.0036812869540530685
other_64,aten::addmm,"[[2], [1, 256], [256, 2], [], []]",5,1.0,0.0188770000001241,0.00377540000002482,0.0036339305460455396
other_64,aten::full,"[[], [], [], [], [], []]",5,1.0,0.018540999999939346,0.003708199999987869,0.0035692486228514593
other_64,aten::unsqueeze,"[[1], []]",30,6.0,0.018332000000008293,0.0036664000000016586,0.0035290149266143465
other_64,aten::bitwise_not,"[[1, 3]]",5,1.0,0.018123999999981606,0.003624799999996321,0.00348897373608251
other_64,aten::permute,"[[1, 12, 109, 64], []]",10,2.0,0.017124999999883588,0.0034249999999767175,0.003296660518101272
other_64,aten::new_ones,"[[1, 1, 109, 1], [], [], [], [], []]",10,2.0,0.016669000000093546,0.0033338000000187095,0.00320887790814085
other_64,aten::squeeze,"[[1, 3, 1], []]",5,1.0,0.016293000000121537,0.0032586000000243073,0.0031364957560402816
other_64,aten::masked_fill,"[[1, 3], [1, 3], []]",5,1.0,0.015918000000092435,0.003183600000018487,0.0030643061096524084
other_64,aten::linear,"[[1, 3, 768], [768, 768], [768]]",5,1.0,0.015878999999840743,0.0031757999999681486,0.0030567983863802007
other_64,aten::embedding,"[[3, 768], [1], [], [], []]",5,1.0,0.015498999999981606,0.0030997999999963213,0.002983646211406617
other_64,aten::as_strided,"[[768, 3072], [], [], []]",10,2.0,0.01495799999992596,0.002991599999985192,0.002879500614881749
other_64,aten::t,"[[768, 3072]]",10,2.0,0.014956000000034692,0.0029912000000069383,0.002879115603455309
other_64,aten::unsqueeze,"[[1, 768], []]",5,1.0,0.014708999999973457,0.0029417999999946914,0.0028315666896930655
other_64,aten::unsqueeze,"[[109], []]",15,3.0,0.014665000000008149,0.0029330000000016296,0.0028230964378575573
other_64,aten::expand,"[[1, 3, 1], [], []]",5,1.0,0.014623999999865191,0.002924799999973038,0.0028152037031589088
other_64,aten::transpose,"[[1, 32, 109], [], []]",10,2.0,0.014581999999965773,0.0029163999999931548,0.0028071184627834573
other_64,aten::layer_norm,"[[1, 3, 768], [], [768], [768], [], []]",5,1.0,0.014499000000039813,0.0028998000000079625,0.002791140487731768
other_64,aten::split,"[[2304], [], []]",10,2.0,0.014460999999690102,0.0028921999999380202,0.0027838252701643763
other_64,aten::log,"[[1, 3]]",5,1.0,0.014457999999984168,0.0028915999999968335,0.0027832477530499275
other_64,aten::mul,"[[1, 3], [1, 3]]",5,1.0,0.01408300000001327,0.002816600000002654,0.0027110581066732593
other_64,aten::select,"[[1, 109], [], []]",10,2.0,0.013665999999896827,0.0027331999999793653,0.0026307832198737583
other_64,aten::reshape,"[[1, 1, 1, 109], []]",10,2.0,0.013624999999886313,0.0027249999999772625,0.0026228904852006064
other_64,aten::flatten,"[[109, 1, 12, 64], [], []]",10,2.0,0.013542000000044935,0.002708400000008987,0.0026069125101651994
other_64,aten::to,"[[1, 3], [], [], [], []]",20,4.0,0.013459000000002561,0.002691800000000512,0.0025909345350911
other_64,aten::sub,"[[1], [1], []]",5,1.0,0.013372999999992316,0.002674599999998463,0.002574379042852127
other_64,aten::item,[[]],15,3.0,0.013128999999885763,0.0026257999999771526,0.0025274076462522177
other_64,aten::dropout,"[[1, 109, 768], [], []]",25,5.0,0.013128000000026077,0.0026256000000052155,0.0025272151405555427
other_64,aten::_to_copy,"[[1, 3], [], [], [], [], [], []]",5,1.0,0.013083000000013272,0.0026166000000026543,0.002518552382987205
other_64,aten::div,"[[1], [1]]",5,1.0,0.01295899999991525,0.00259179999998305,0.002494681673231265
other_64,aten::copy_,"[[109], [109], []]",5,1.0,0.01258299999999997,0.002516599999999994,0.0024222995211416174
other_64,aten::bitwise_and,"[[1, 1, 109, 109], [1, 1, 1, 109]]",5,1.0,0.012542000000015832,0.0025084000000031663,0.002414406786473543
other_64,aten::transpose,"[[768, 3072], [], []]",10,2.0,0.012500000000203727,0.0025000000000407452,0.0024063215461148993
other_64,aten::_softmax,"[[1, 3], [], []]",5,1.0,0.012459000000002562,0.0024918000000005124,0.0023984288114050453
other_64,aten::resize_,"[[0], [], []]",25,5.0,0.012293000000050257,0.0024586000000100514,0.002366472861282342
other_64,aten::transpose,"[[109, 1, 768], [], []]",10,2.0,0.012209999999962747,0.0024419999999925495,0.0023504948861995533
other_64,aten::copy_,"[[1, 1, 109], [1, 1, 109], []]",10,2.0,0.012209000000044852,0.0024418000000089703,0.002350302380491673
other_64,aten::copy_,"[[1, 3], [1, 3], []]",10,2.0,0.012084000000031665,0.002416800000006333,0.0023262391650283776
other_64,aten::as_strided,"[[1], [], [], []]",45,9.0,0.012083999999872731,0.002416799999974546,0.002326239164997782
other_64,aten::unsqueeze,"[[32], []]",10,2.0,0.011956999999910295,0.0023913999999820587,0.002301790938096884
other_64,aten::slice,"[[2304], [], [], [], []]",30,6.0,0.011953999999910592,0.0023907999999821183,0.0023012134209258834
other_64,aten::empty_like,"[[1, 109], [], [], [], [], []]",10,2.0,0.011915999999968334,0.0023831999999936668,0.0022938982034369296
other_64,aten::view,"[[1, 109, 3072], []]",10,2.0,0.011540999999968335,0.0023081999999936672,0.0022217085570546587
other_64,aten::narrow,"[[1, 109, 64], [], [], []]",10,2.0,0.01141800000000785,0.00228360000000157,0.002198030353048881
other_64,aten::as_strided,"[[1, 1, 109, 109], [], [], []]",75,15.0,0.011246000000026924,0.002249200000005385,0.0021649193685785518
other_64,aten::as_strided,"[[1, 32, 1], [], [], []]",30,6.0,0.010874000000141677,0.002174800000028335,0.00209330723938943
other_64,aten::fill_,"[[1, 109], []]",5,1.0,0.010831000000066296,0.0021662000000132594,0.0020850294932564183
other_64,aten::as_strided,"[[1, 109], [], [], []]",50,10.0,0.010710000000044715,0.002142000000008943,0.0020617363006862513
other_64,aten::clamp_min,"[[1, 3], []]",5,1.0,0.010499000000039813,0.0020998000000079626,0.0020211175929875503
other_64,aten::select,"[[3, 768], [], []]",5,1.0,0.010292000000044937,0.0020584000000089873,0.001981268908185523
other_64,aten::clamp,"[[1], [], []]",5,1.0,0.010042000000132247,0.0020084000000264494,0.0019331424772808174
other_64,aten::_local_scalar_dense,[[]],15,3.0,0.009872000000016215,0.001974400000003243,0.001900416504231851
other_64,aten::abs,"[[1, 1, 109, 109]]",5,1.0,0.009752000000034058,0.0019504000000068115,0.0018773158173929596
other_64,aten::clone,"[[1, 3], []]",5,1.0,0.009664999999891734,0.0019329999999783468,0.0018605678194048743
other_64,aten::to,"[[1, 109], [], [], [], []]",5,1.0,0.009584999999962747,0.0019169999999925492,0.0018451673615236606
other_64,aten::__and__,"[[], [1, 1, 109, 109]]",10,2.0,0.009459000000057586,0.0018918000000115172,0.0018209116403574744
other_64,aten::neg,[[1]],5,1.0,0.009457999999984168,0.0018915999999968337,0.0018207191346196552
other_64,aten::linear,"[[1, 3, 768], [1, 768], [1]]",5,1.0,0.00912400000001071,0.001824800000002142,0.0017564222229136226
other_64,aten::view,"[[1, 32, 1], []]",10,2.0,0.008957000000013067,0.0017914000000026134,0.0017242737670585052
other_64,aten::as_strided,"[[768], [], [], []]",55,11.0,0.008755000000179279,0.0017510000000358558,0.001685387610905919
other_64,aten::div,"[[1], []]",5,1.0,0.008667000000044936,0.0017334000000089871,0.0016684471071956844
other_64,aten::zero_,"[[1, 109]]",15,3.0,0.00866400000001886,0.001732800000003772,0.0016678695900196063
other_64,aten::view,"[[109, 1, 12, 64], []]",10,2.0,0.008623999999923398,0.0017247999999846796,0.0016601693610537875
other_64,aten::t,"[[3072, 768]]",10,2.0,0.00845799999978044,0.001691599999956088,0.0016282134108943822
other_64,aten::slice,"[[1, 109, 64], [], [], [], []]",10,2.0,0.00841899999981706,0.0016837999999634121,0.0016207056876776755
other_64,aten::masked_fill_,"[[1, 3], [1, 3], []]",5,1.0,0.00841599999993923,0.0016831999999878462,0.0016201281705301358
other_64,aten::narrow,"[[2304], [], [], []]",30,6.0,0.007916000000201165,0.001583200000040233,0.0015238753087375326
other_64,aten::as_strided,"[[1, 3], [], [], []]",15,3.0,0.007915000000005534,0.0015830000000011067,0.0015236828029761864
other_64,aten::transpose,"[[256, 772], [], []]",5,1.0,0.007875,0.001575,0.0015159825740276788
other_64,aten::to,"[[1, 109], [], [], [], [], []]",10,2.0,0.007584000000023252,0.0015168000000046504,0.0014599634084395132
other_64,aten::unsqueeze,"[[1, 32], []]",10,2.0,0.00741900000005262,0.0014838000000105239,0.0014281999640369674
other_64,aten::copy_,"[[3, 1], [3, 1], []]",5,1.0,0.007375000000029104,0.0014750000000058208,0.0014197297121902543
other_64,aten::softmax,"[[1, 3], [], []]",5,1.0,0.007292000000015833,0.0014584000000031666,0.0014037517371217568
other_64,aten::fill_,"[[109], []]",5,1.0,0.00720900000002905,0.00144180000000581,0.0013877737620583588
other_64,aten::transpose,"[[3072, 768], [], []]",10,2.0,0.007166000000172062,0.0014332000000344123,0.001379496015967389
other_64,aten::unsqueeze,"[[1, 1], []]",10,2.0,0.007040999999997212,0.0014081999999994424,0.0013554328004729726
other_64,aten::view,"[[1, 3, 768], []]",10,2.0,0.006998999999952502,0.0013997999999905005,0.0013473475600695515
other_64,aten::fill_,"[[1, 1], []]",25,5.0,0.006956999999955088,0.0013913999999910175,0.0013392623196752348
other_64,aten::select,"[[1, 32, 109], [], []]",10,2.0,0.006914000000190754,0.0013828000000381507,0.0013309845736021017
other_64,aten::copy_,"[[1], [1], []]",5,1.0,0.006709000000002561,0.0013418000000005122,0.0012915209002102323
other_64,aten::detach,"[[1, 3]]",10,2.0,0.006417999999772292,0.0012835999999544583,0.0012355017345732624
other_64,aten::as_strided,"[[1, 1, 109], [], [], []]",40,8.0,0.006375999999915394,0.0012751999999830788,0.0012274164942059958
other_64,aten::_softmax,"[[1, 2], [], []]",5,1.0,0.006374000000127125,0.001274800000025425,0.0012270314827993835
other_64,aten::select,"[[1, 3], [], []]",10,2.0,0.006126000000021009,0.0012252000000042018,0.0011792900633048138
other_64,aten::_to_copy,"[[1], [], [], [], [], [], []]",5,1.0,0.006040999999997439,0.0012081999999994878,0.001162927076786962
other_64,aten::is_nonzero,[[]],10,2.0,0.005999000000098249,0.0011998000000196496,0.0011548418364115542
other_64,aten::expand,"[[1, 1, 109], [], []]",10,2.0,0.005956999999984418,0.0011913999999968836,0.0011467565959948267
other_64,aten::unsqueeze,"[[1, 1, 1], []]",10,2.0,0.005916000000026542,0.0011832000000053084,0.0011388638613318077
other_64,aten::_unsafe_view,"[[1, 32, 109], []]",10,2.0,0.005915999999968335,0.0011831999999936669,0.0011388638613206025
other_64,aten::new_empty,"[[1, 1, 109, 1], [], [], [], [], []]",10,2.0,0.005873999999970238,0.0011747999999940477,0.0011307786209261545
other_64,aten::select,"[[1, 109, 768], [], []]",5,1.0,0.005708000000042375,0.001141600000008475,0.0010988226708081564
other_64,aten::dropout,"[[1, 109, 3072], [], []]",10,2.0,0.0056670000000449364,0.0011334000000089873,0.001090929936137521
other_64,aten::transpose,"[[1, 768], [], []]",5,1.0,0.005666999999986729,0.0011333999999973458,0.0010909299361263158
other_64,aten::copy_,"[[1, 256], [1, 256], []]",5,1.0,0.005416000000142958,0.0010832000000285916,0.001042610999511191
other_64,aten::expand,"[[3072], [], []]",10,2.0,0.005413999999756924,0.0010827999999513849,0.0010422259879895052
other_64,aten::as_strided,"[[1, 768], [], [], []]",15,3.0,0.005291999999986728,0.0010583999999973456,0.0010187402897440453
other_64,aten::to,"[[1, 1, 109], [], [], [], []]",10,2.0,0.0052899999999390275,0.0010579999999878055,0.0010183552782874906
other_64,aten::view,"[[3], []]",10,2.0,0.005126000000076601,0.0010252000000153202,0.0009867843396294614
other_64,aten::as_strided,"[[1, 32, 109], [], [], []]",20,4.0,0.005083999999883872,0.0010167999999767744,0.0009786990991975456
other_64,aten::as_strided,"[[1, 3, 1], [], [], []]",10,2.0,0.004958000000013271,0.0009916000000026542,0.0009544433780380128
other_64,aten::view,"[[1, 1, 1, 109], []]",15,3.0,0.004917999999973745,0.0009835999999947488,0.0009467431490829616
other_64,aten::to,"[[1, 3], [], [], [], [], [], [], []]",20,4.0,0.0048749999998995005,0.0009749999999799001,0.0009384654029501688
other_64,aten::linear,"[[1, 772], [256, 772], [256]]",5,1.0,0.004835999999922933,0.0009671999999845866,0.0009309576797309234
other_64,aten::t,"[[256, 772]]",5,1.0,0.004708000000071479,0.0009416000000142958,0.0009063169471277045
other_64,aten::as_strided,"[[3072, 768], [], [], []]",10,2.0,0.004625999999931083,0.0009251999999862166,0.0008905314777584208
other_64,aten::empty_like,"[[1, 3], [], [], [], [], []]",5,1.0,0.004498999999952503,0.0008997999999905005,0.0008660832508544154
other_64,aten::expand,"[[1, 1, 1, 109], [], []]",10,2.0,0.004417000000132247,0.0008834000000264494,0.000850297781546761
other_64,aten::resolve_conj,"[[109, 1152]]",110,22.0,0.0042940000001399315,0.0008588000000279864,0.0008266195775348553
other_64,aten::view,"[[1, 109], []]",5,1.0,0.004290000000008149,0.0008580000000016298,0.0008258495546147424
other_64,aten::t,"[[2, 256]]",5,1.0,0.004251999999978579,0.0008503999999957158,0.00081853433710898
other_64,aten::reshape,"[[1, 109], []]",5,1.0,0.0040430000000077375,0.0008086000000015475,0.0007783006408642075
other_64,aten::copy_,"[[1, 2], [1, 2], []]",5,1.0,0.003917000000015832,0.0007834000000031665,0.0007540449196813231
other_64,aten::to,"[[1, 109, 64], [], [], [], []]",20,4.0,0.0038750000000582078,0.0007750000000116416,0.0007459596792946663
other_64,aten::reshape,"[[1, 32, 1], []]",10,2.0,0.0038339999999438988,0.0007667999999887798,0.000738066944601533
other_64,aten::as_strided,"[[], [], [], []]",15,3.0,0.003833000000013271,0.0007666000000026542,0.0007378744388912015
other_64,aten::linear,"[[1, 256], [2, 256], [2]]",5,1.0,0.0038309999999764843,0.0007661999999952968,0.0007374894274367477
other_64,aten::select,"[[1, 32, 1], [], []]",10,2.0,0.00379199999998491,0.000758399999996982,0.0007299817042146135
other_64,aten::t,"[[1, 768]]",5,1.0,0.0037909999999974388,0.0007581999999994877,0.0007297891984933394
other_64,aten::to,"[[1], [], [], [], []]",10,2.0,0.0037889999999315476,0.0007577999999863096,0.0007294041870332829
other_64,aten::as_strided,"[[2304], [], [], []]",30,6.0,0.0037530000001133887,0.0007506000000226777,0.0007224739810155902
other_64,aten::copy_,"[[3], [], []]",5,1.0,0.003666999999899417,0.0007333999999798834,0.0007059184887373989
other_64,aten::transpose,"[[2, 256], [], []]",5,1.0,0.0036660000001138542,0.0007332000000227709,0.0007057259830549932
other_64,aten::expand,"[[1, 1, 1, 1], [], []]",5,1.0,0.00362600000008797,0.000725200000017594,0.0006980257541025682
other_64,aten::view,"[[1, 1, 109], []]",10,2.0,0.003457000000066273,0.0006914000000132546,0.0006654922867954482
other_64,aten::as_strided,"[[1, 1, 1, 1], [], [], []]",5,1.0,0.003414999999981319,0.0006829999999962637,0.0006574070463842797
other_64,aten::select,"[[1, 1, 109], [], []]",10,2.0,0.0033330000001028566,0.0006666000000205713,0.00064162157706542
other_64,aten::_reshape_alias,"[[1, 1, 1, 109], [], []]",5,1.0,0.00329200000000219,0.000658400000000438,0.0006337288423749128
other_64,aten::copy_,"[[109], [], []]",5,1.0,0.0032079999999841675,0.0006415999999968335,0.0006175583615818149
other_64,aten::as_strided,"[[1, 2], [], [], []]",15,3.0,0.0031649999999499414,0.0006329999999899883,0.0006092806154567258
other_64,aten::as_strided,"[[32], [], [], []]",10,2.0,0.0031260000001084335,0.0006252000000216867,0.0006017728922634802
other_64,aten::copy_,"[[3], [3], []]",5,1.0,0.00295799999997098,0.000591599999994196,0.0005694319306577625
other_64,aten::select,"[[256000, 768], [], []]",5,1.0,0.00295799999992073,0.000591599999984146,0.0005694319306480892
other_64,aten::as_strided,"[[109], [], [], []]",15,3.0,0.002917999999991707,0.0005835999999983415,0.0005617317017143106
other_64,aten::reshape,"[[1, 1, 109], []]",10,2.0,0.002792999999862332,0.0005585999999724664,0.0005376684862286481
other_64,aten::as_strided,"[[1, 1, 1], [], [], []]",10,2.0,0.0026659999999842513,0.0005331999999968502,0.0005132202593439894
other_64,aten::detach_,[[109]],5,1.0,0.00254299999998932,0.000508599999997864,0.0004895420553315804
other_64,aten::expand,"[[256], [], []]",5,1.0,0.002541000000172062,0.0005082000000344124,0.0004891570439193873
other_64,aten::to,"[[1, 32, 1], [], [], [], [], []]",10,2.0,0.002540999999968335,0.0005081999999936671,0.0004891570438801686
other_64,aten::as_strided,"[[109, 1, 768], [], [], []]",10,2.0,0.0024580000000132716,0.0004916000000026544,0.00047317906882287666
other_64,aten::to,"[[1, 109], [], [], [], [], [], [], []]",10,2.0,0.002416000000037229,0.0004832000000074458,0.0004650938284326744
other_64,aten::to,"[[1, 1, 109, 109], [], [], [], [], [], [], []]",10,2.0,0.0024139999998919848,0.00048279999997839697,0.0004647088169573419
other_64,aten::view,"[[3, 768], []]",5,1.0,0.0023740000000689178,0.00047480000001378356,0.0004570085880439603
other_64,aten::__and__,"[[1, 1, 109, 109], [1, 1, 109, 1]]",5,1.0,0.0022509999999711,0.00045019999999422,0.00043333038401174515
other_64,aten::select,"[[1, 768], [], []]",5,1.0,0.0022500000000291037,0.00045000000000582074,0.0004331378782992252
other_64,aten::as_strided,"[[3, 768], [], [], []]",5,1.0,0.0022079999999550636,0.0004415999999910127,0.0004250526378901578
other_64,aten::expand,"[[1], [], []]",5,1.0,0.0021670000000449364,0.0004334000000089873,0.0004171599032363305
other_64,aten::softmax,"[[1, 2], [], []]",5,1.0,0.0021669999999576247,0.0004333999999915249,0.0004171599032195225
other_64,aten::detach_,[[1]],10,2.0,0.0021640000000687676,0.00043280000001375354,0.00041658238606986003
other_64,aten::to,"[[109], [], [], [], [], []]",5,1.0,0.002125,0.00042500000000000003,0.0004090746628328657
other_64,aten::fill_,"[[3], []]",5,1.0,0.00204100000008475,0.00040820000001695004,0.0003929041820595521
other_64,aten::resolve_conj,"[[109, 3072]]",20,4.0,0.0019980000001669396,0.0003996000000333879,0.0003846264359568736
other_64,aten::expand,"[[2], [], []]",5,1.0,0.001958999999886146,0.0003917999999772292,0.0003771187126790631
other_64,aten::as_strided,"[[1, 1, 1, 109], [], [], []]",10,2.0,0.0019569999998493588,0.00039139999996987173,0.0003767337012246093
other_64,aten::select,"[[109, 768], [], []]",5,1.0,0.001916000000013355,0.000383200000002671,0.00036884096658505126
other_64,aten::resolve_conj,"[[3, 768]]",10,2.0,0.0019149999999790452,0.00038299999999580906,0.00036864846085476034
other_64,aten::__and__,"[[1, 1, 109, 109], [1, 1, 1, 109]]",5,1.0,0.001875,0.000375,0.0003609482319113521
other_64,aten::as_strided,"[[256, 772], [], [], []]",5,1.0,0.0017909999999392312,0.00035819999998784624,0.0003447777511100252
other_64,aten::as_strided,"[[3072], [], [], []]",10,2.0,0.0017500000001164154,0.0003500000000232831,0.0003368850164730059
other_64,aten::as_strided,"[[2, 256], [], [], []]",5,1.0,0.0017499999999417923,0.00034999999998835843,0.00033688501643939
other_64,aten::view,"[[3, 1], []]",5,1.0,0.001665999999968335,0.000333199999993667,0.00032071453565487104
other_64,aten::as_strided,"[[1, 32], [], [], []]",10,2.0,0.0015809999999632964,0.0003161999999926593,0.0003043515491405864
other_64,aten::detach,"[[1, 2]]",5,1.0,0.0015010000000183937,0.00030020000000367873,0.0002889510912563086
other_64,aten::lift_fresh,[[109]],5,1.0,0.0015000000000158025,0.0003000000000031605,0.0002887585855321237
other_64,aten::as_strided,"[[1, 1], [], [], []]",10,2.0,0.00145900000004508,0.000291800000009016,0.0002808658508666316
other_64,aten::to,"[[1, 2], [], [], [], [], [], [], []]",10,2.0,0.0011259999999019782,0.00022519999998039564,0.00021676144485162756
other_64,aten::detach_,[[3]],5,1.0,0.001079000000132737,0.0002158000000265474,0.0002077136758828054
other_64,aten::resolve_conj,"[[1, 32, 1]]",10,2.0,0.0010420000000158326,0.00020840000000316652,0.00020059096408391657
other_64,aten::to,"[[1, 772], [], [], [], []]",5,1.0,0.0010399999999499414,0.00020799999998998827,0.00020020595262386004
other_64,aten::to,"[[1, 768], [], [], [], []]",5,1.0,0.0010009999999892898,0.00020019999999785796,0.00019269822940767872
other_64,aten::to,"[[1, 2], [], [], [], []]",5,1.0,0.0010000000001455193,0.00020000000002910384,0.00019250572371406772
other_64,aten::to,"[[1, 1, 1, 109], [], [], [], [], [], [], []]",5,1.0,0.0009580000000873951,0.00019160000001747901,0.00018442048330806422
other_64,aten::as_strided,"[[256000, 768], [], [], []]",5,1.0,0.0009170000000475511,0.00018340000000951023,0.00017652774862926578
other_64,aten::to,"[[1, 1, 109, 1], [], [], [], [], [], [], []]",5,1.0,0.0008750000000713954,0.00017500000001427908,0.00016844250823904166
other_64,aten::to,"[[1], [], [], [], [], [], [], []]",5,1.0,0.0008349999999760485,0.0001669999999952097,0.00016074227927324465
other_64,aten::fill_,"[[], []]",10,2.0,0.0008330000000128167,0.00016660000000256334,0.0001603572678329506
other_64,aten::zero_,"[[1, 3]]",10,2.0,0.0007920000000582377,0.00015840000001164753,0.0001524645331705662
other_64,aten::as_strided,"[[109, 768], [], [], []]",5,1.0,0.0006669999999867287,0.00013339999999734573,0.0001284013176960435
other_64,aten::resolve_neg,"[[1, 3]]",5,1.0,0.0006250000000582077,0.00012500000001164154,0.00012031607731498934
other_64,aten::as_strided,"[[2], [], [], []]",5,1.0,0.000625,0.000125,0.00012031607730378402
other_64,aten::as_strided,"[[256], [], [], []]",5,1.0,0.0006249999999417923,0.00012499999998835846,0.00012031607729257873
other_64,aten::to,"[[1, 3, 768], [], [], [], []]",5,1.0,0.0005840000000025611,0.00011680000000051222,0.00011242334263314884
other_64,aten::resolve_conj,"[[1, 256]]",10,2.0,0.0005820000001403969,0.00011640000002807937,0.0001120383312123109
other_64,aten::resolve_conj,"[[1, 2]]",10,2.0,0.0005799999999580905,0.0001159999999916181,0.00011165331972984375
other_64,aten::to,"[[1], [], [], [], [], []]",10,2.0,0.0005420000000898426,0.00010840000001796852,0.00010433810225513672
other_64,aten::lift_fresh,[[1]],10,2.0,0.0005000000001004992,0.00010000000002009983,9.62528618623739e-05
other_64,aten::resolve_conj,"[[32, 1]]",10,2.0,0.0004160000000138098,8.320000000276195e-05,8.008238105605711e-05
other_64,aten::to,"[[3], [], [], [], [], []]",5,1.0,0.00041499999996585756,8.299999999317152e-05,7.988987532313997e-05
other_64,aten::lift_fresh,[[]],10,2.0,0.0003760000000739865,7.52000000147973e-05,7.23821521201993e-05
other_64,aten::resolve_conj,"[[32, 109]]",10,2.0,0.0003749999999263309,7.499999998526619e-05,7.21896463680887e-05
other_64,aten::resolve_conj,"[[1, 109]]",10,2.0,0.0003740000001403132,7.480000002806264e-05,7.199714068559545e-05
other_64,aten::resolve_conj,"[[1, 1, 109]]",10,2.0,0.00029200000002902013,5.840000000580403e-05,5.621167132191444e-05
other_64,aten::resolve_conj,"[[3, 1]]",5,1.0,0.00028999999997904525,5.799999999580905e-05,5.5826659864921876e-05
other_64,aten::lift_fresh,[[3]],5,1.0,0.00025099999997337365,5.019999999467473e-05,4.831893664007394e-05
other_64,aten::resolve_conj,"[[1, 772]]",5,1.0,0.0002090000000607688,4.1800000012153764e-05,4.023369626208372e-05
other_64,aten::resolve_conj,"[[768, 1]]",5,1.0,0.00020900000003166498,4.1800000006332994e-05,4.0233696256481065e-05
other_64,aten::resolve_conj,"[[1, 3]]",5,1.0,0.00020799999995506368,4.159999999101274e-05,4.0041190518048825e-05
other_64,aten::resolve_neg,"[[1, 2]]",5,1.0,0.0001680000000342261,3.360000000684522e-05,3.2340961585845866e-05
billing_128,aten::mm,"[[173, 768], [768, 2304]]",220,44.0,177.33645700000014,35.46729140000003,40.530161791895125
billing_128,aten::mm,"[[173, 1152], [1152, 768]]",110,22.0,48.84520500000112,9.769041000000225,11.1635480650678
billing_128,aten::mm,"[[173, 768], [768, 768]]",110,22.0,29.65485000000023,5.9309700000000465,6.777601677326788
billing_128,aten::_scaled_dot_product_flash_attention_for_cpu,"[[1, 12, 173, 64], [1, 12, 173, 64], [1, 12, 173, 64], [], [], [1, 1, 173, 173], []]",70,14.0,25.019511000000147,5.003902200000029,5.718197182568641
billing_128,aten::mul,"[[1, 12, 173, 64], [1, 1, 173, 64]]",440,88.0,15.26474500000018,3.0529490000000363,3.488750113926259
billing_128,aten::addmm,"[[768], [173, 3072], [3072, 768], [], []]",10,2.0,14.964576000000015,2.992915200000003,3.420146633622611
billing_128,aten::gelu,"[[1, 173, 1152], []]",110,22.0,13.791609000000228,2.758321800000046,3.1520655910057225
billing_128,aten::_scaled_dot_product_flash_attention_for_cpu,"[[1, 12, 173, 64], [1, 12, 173, 64], [1, 12, 173, 64], [], [], [], []]",40,8.0,12.675961999999945,2.535192399999989,2.8970850067671745
billing_128,aten::addmm,"[[3072], [173, 768], [768, 3072], [], []]",10,2.0,12.525843000000009,2.505168600000002,2.86277538165701
billing_128,aten::addmm,"[[768], [173, 768], [768, 768], [], []]",40,8.0,11.52336199999963,2.3046723999999257,2.6336588321856507
billing_128,aten::native_layer_norm,"[[1, 173, 768], [], [768], [], []]",225,45.0,11.047777000000899,2.2095554000001796,2.5249641096123505
billing_128,aten::cat,"[[], []]",240,48.0,10.664368999999569,2.132873799999914,2.4373363959699113
billing_128,aten::add,"[[1, 173, 768], [1, 173, 768], []]",240,48.0,8.769809999999477,1.7539619999998954,2.004335849475996
billing_128,aten::add,"[[1, 12, 173, 64], [1, 12, 173, 64], []]",220,44.0,6.290866000000205,1.258173200000041,1.4377743928375668
billing_128,aten::neg,"[[1, 12, 173, 32]]",220,44.0,5.608287000000386,1.1216574000000772,1.2817712913109434
billing_128,aten::mul,"[[1, 173, 1152], [1, 173, 1152]]",110,22.0,4.884514000000316,0.9769028000000632,1.1163533209349588
billing_128,aten::_scaled_dot_product_flash_attention_for_cpu,"[[1, 12, 173, 64], [1, 12, 173, 64], [1, 12, 173, 64], [], [], [1, 1, 1, 173], []]",10,2.0,4.028413999999509,0.8056827999999019,0.9206920784749602
billing_128,aten::where,"[[1, 1, 173, 173], [], []]",140,28.0,1.4750520000003224,0.2950104000000645,0.337122423797333
billing_128,aten::copy_,"[[173, 768], [173, 768], []]",50,10.0,1.371051999999967,0.2742103999999934,0.3133532739131018
billing_128,aten::slice,"[[1, 12, 173, 64], [], [], [], []]",880,176.0,1.247759999999895,0.24955199999997899,0.2851749467254258
billing_128,aten::native_layer_norm,"[[1, 173, 768], [], [768], [768], []]",20,4.0,1.0502259999998786,0.21004519999997573,0.24002864621373315
billing_128,aten::empty,"[[], [], [], [], [], []]",1285,257.0,0.8708790000000833,0.17417580000001667,0.19903897578808177
billing_128,aten::clamp_min,"[[1, 173, 3072], []]",10,2.0,0.8065239999999176,0.16130479999998354,0.1843306715496355
billing_128,aten::addmm,"[[768], [3, 768], [768, 768], [], []]",5,1.0,0.7658999999999941,0.15317999999999882,0.1750460759256751
billing_128,aten::copy_,"[[173, 3072], [173, 3072], []]",10,2.0,0.5575699999999633,0.11151399999999265,0.12743235481638984
billing_128,aten::scaled_dot_product_attention,"[[1, 12, 173, 64], [1, 12, 173, 64], [1, 12, 173, 64], [1, 1, 173, 173], [], [], [], []]",70,14.0,0.5559769999996725,0.11119539999993451,0.12706827543396326
billing_128,aten::matmul,"[[1, 173, 768], [768, 2304]]",220,44.0,0.5251910000002001,0.10503820000004002,0.12003214996933928
billing_128,aten::transpose,"[[1, 173, 12, 64], [], []]",450,90.0,0.4978100000008162,0.09956200000016324,0.11377423561392333
billing_128,aten::as_strided,"[[1, 12, 173, 64], [], [], []]",1480,296.0,0.49699199999975646,0.09939839999995129,0.11358728210786154
billing_128,aten::layer_norm,"[[1, 173, 768], [], [768], [], [], []]",225,45.0,0.47639399999920895,0.09527879999984179,0.108879619133566
billing_128,aten::split,"[[1, 173, 2304], [], []]",110,22.0,0.4415220000001182,0.08830440000002364,0.10090964033800388
billing_128,aten::select,"[[1, 173, 3, 12, 64], [], []]",330,66.0,0.4321459999989566,0.08642919999979132,0.09876676005587504
billing_128,aten::unbind,"[[1, 173, 3, 12, 64], []]",110,22.0,0.4115690000003287,0.08231380000006575,0.09406389662189875
billing_128,aten::narrow,"[[1, 12, 173, 64], [], [], []]",440,88.0,0.40752900000024334,0.08150580000004867,0.09314055656868724
billing_128,aten::slice,"[[1, 173, 2304], [], [], [], []]",220,44.0,0.39069000000063625,0.07813800000012724,0.08929201123320786
billing_128,aten::transpose,"[[1, 12, 173, 64], [], []]",590,118.0,0.38748500000068575,0.07749700000013715,0.08855951002765478
billing_128,aten::unsqueeze,"[[1, 173, 64], []]",220,44.0,0.3152819999995305,0.0630563999999061,0.07205754917080157
billing_128,aten::narrow,"[[1, 173, 2304], [], [], []]",220,44.0,0.29737699999981126,0.05947539999996225,0.06796537004898398
billing_128,aten::cos,"[[1, 173, 64]]",10,2.0,0.29078699999995683,0.058157399999991366,0.06645922872462738
billing_128,aten::to,"[[1, 12, 173, 64], [], [], [], []]",660,132.0,0.2883239999997813,0.05766479999995626,0.06589631126146553
billing_128,aten::index_select,"[[256000, 768], [], [173]]",5,1.0,0.2834539999999461,0.056690799999989216,0.06478327510827424
billing_128,aten::chunk,"[[1, 173, 2304], [], []]",110,22.0,0.27928199999981734,0.05585639999996347,0.06382976651866143
billing_128,aten::t,"[[2304, 768]]",220,44.0,0.2704339999998949,0.054086799999978986,0.06180756038238149
billing_128,aten::matmul,"[[1, 173, 1152], [1152, 768]]",110,22.0,0.26178299999942284,0.05235659999988457,0.05983037850104495
billing_128,aten::matmul,"[[1, 173, 768], [768, 768]]",110,22.0,0.24861299999992803,0.04972259999998561,0.056820381347561816
billing_128,aten::empty_strided,"[[], [], [], [], [], []]",200,40.0,0.22916000000005773,0.045832000000011544,0.05237440757166486
billing_128,aten::linear,"[[1, 173, 768], [2304, 768], []]",220,44.0,0.22887999999965086,0.04577599999993017,0.05231041370649915
billing_128,aten::sin,"[[1, 173, 64]]",10,2.0,0.22599500000003628,0.045199000000007254,0.05165104834682021
billing_128,aten::scaled_dot_product_attention,"[[1, 12, 173, 64], [1, 12, 173, 64], [1, 12, 173, 64], [], [], [], [], []]",40,8.0,0.21154200000014406,0.04230840000002881,0.048347822161502366
billing_128,aten::t,"[[768, 1152]]",110,22.0,0.20770300000002953,0.04154060000000591,0.0474704205614257
billing_128,aten::transpose,"[[2304, 768], [], []]",220,44.0,0.20125300000008176,0.04025060000001635,0.04599627616958411
billing_128,aten::view,"[[173], []]",490,98.0,0.20070399999999003,0.040140799999998006,0.04587080248411699
billing_128,aten::scalar_tensor,"[[], [], [], [], []]",160,32.0,0.19758399999984794,0.039516799999969585,0.04515772798756004
billing_128,aten::addmm,"[[256], [1, 772], [772, 256], [], []]",5,1.0,0.19303500000001805,0.03860700000000361,0.04411805622968548
billing_128,aten::view,"[[1, 173, 768], []]",350,70.0,0.1814109999996485,0.036282199999929696,0.04146139663101103
billing_128,aten::linear,"[[1, 173, 768], [768, 768], []]",110,22.0,0.17370899999959508,0.03474179999991901,0.03970110824246305
billing_128,aten::empty_like,"[[1, 12, 173, 64], [], [], [], [], []]",120,24.0,0.17016999999992094,0.03403399999998419,0.03889227149792208
billing_128,aten::transpose,"[[768, 1152], [], []]",110,22.0,0.1674179999997478,0.033483599999949556,0.038263303224025
billing_128,aten::t,"[[768, 768]]",155,31.0,0.1603710000000483,0.03207420000000966,0.03665271476992441
billing_128,aten::add,"[[1, 173, 768], [1, 1, 768], []]",5,1.0,0.15703800000007323,0.03140760000001465,0.03589095922604673
billing_128,aten::bitwise_and,"[[], [1, 1, 173, 173]]",10,2.0,0.15682899999988284,0.03136579999997657,0.035843192376716806
billing_128,aten::view,"[[1, 173, 2304], []]",110,22.0,0.15257800000006635,0.03051560000001327,0.03487162837524412
billing_128,aten::linear,"[[1, 173, 1152], [768, 1152], []]",110,22.0,0.1487850000003846,0.029757000000076923,0.034004740053099725
billing_128,aten::as_strided,"[[1, 173, 12, 64], [], [], []]",450,90.0,0.14837899999977117,0.029675799999954233,0.03391194894860411
billing_128,aten::as_strided,"[[1, 173, 3, 12, 64], [], [], []]",330,66.0,0.14625600000062516,0.029251200000125033,0.033426738321837256
billing_128,aten::view,"[[1, 173, 12, 64], []]",110,22.0,0.13732799999993495,0.02746559999998699,0.031386248223932496
billing_128,aten::view,"[[1, 173, 1152], []]",110,22.0,0.13207699999972827,0.026415399999945653,0.030186134704253825
billing_128,aten::as_strided,"[[2304, 768], [], [], []]",250,50.0,0.1300839999999276,0.026016799999985518,0.02973063551469253
billing_128,aten::_unsafe_view,"[[173, 2304], []]",220,44.0,0.12994400000007816,0.025988800000015633,0.0296986385821906
billing_128,aten::reshape,"[[1, 173, 768], []]",330,66.0,0.12437800000014819,0.024875600000029637,0.02842653196436835
billing_128,aten::reshape,"[[1, 173, 12, 64], []]",110,22.0,0.1230850000001851,0.02461700000003702,0.028131017437451736
billing_128,aten::_unsafe_view,"[[173, 768], []]",220,44.0,0.11366599999992831,0.022733199999985663,0.025978309526250663
billing_128,aten::as_strided,"[[1, 173, 2304], [], [], []]",220,44.0,0.10992199999962032,0.021984399999924065,0.02512262013035088
billing_128,aten::native_layer_norm,"[[1, 3, 768], [], [768], [768], []]",5,1.0,0.1089550000000163,0.02179100000000326,0.024901612746422414
billing_128,aten::expand,"[[1, 1, 173, 173], [], []]",75,15.0,0.0918759999998276,0.01837519999996552,0.020998215526462038
billing_128,aten::scaled_dot_product_attention,"[[1, 12, 173, 64], [1, 12, 173, 64], [1, 12, 173, 64], [1, 1, 1, 173], [], [], [], []]",10,2.0,0.09108100000003469,0.018216200000006937,0.020816518659606487
billing_128,aten::bitwise_and,"[[1, 1, 173, 173], [1, 1, 173, 1]]",5,1.0,0.08833299999999872,0.017666599999999744,0.02018846458381323
billing_128,aten::transpose,"[[768, 768], [], []]",155,31.0,0.08499299999976438,0.016998599999952877,0.019425109193249475
billing_128,aten::linear,"[[173, 1, 768], [768, 768], [768]]",30,6.0,0.08345399999986694,0.016690799999973388,0.01907337148489112
billing_128,aten::linear,"[[1, 173, 3072], [768, 3072], [768]]",10,2.0,0.08308400000010442,0.016616800000020884,0.018988808163242173
billing_128,aten::as_strided,"[[768, 1152], [], [], []]",110,22.0,0.08058000000026004,0.01611600000005201,0.018416520169913207
billing_128,aten::le,"[[1, 1, 173, 173], []]",5,1.0,0.07945800000001327,0.015891600000002653,0.01816008761052973
billing_128,aten::view,"[[173, 768], []]",55,11.0,0.0787520000001955,0.0157504000000391,0.017998731650780902
billing_128,aten::eq,"[[1, 1, 1, 173], []]",10,2.0,0.07679000000012456,0.015358000000024912,0.017550317496219478
billing_128,aten::reshape,"[[1, 173, 1152], []]",110,22.0,0.07338000000017562,0.014676000000035124,0.016770963639452775
billing_128,aten::transpose,"[[1, 173, 12], [], []]",120,24.0,0.06875200000016274,0.013750400000032548,0.015713236469605166
billing_128,aten::where,"[[1, 1, 1, 173], [], []]",20,4.0,0.06779099999998289,0.013558199999996579,0.015493600382653787
billing_128,aten::mul,"[[1, 173, 64], []]",20,4.0,0.06562700000001019,0.013125400000002039,0.014999019225455218
billing_128,aten::dropout,"[[1, 173, 1152], [], []]",110,22.0,0.06274600000023475,0.01254920000004695,0.014340568063811968
billing_128,aten::linear,"[[1, 173, 768], [3072, 768], [3072]]",10,2.0,0.06178700000008394,0.012357400000016788,0.014121389075903462
billing_128,aten::bmm,"[[1, 32, 1], [1, 1, 173]]",10,2.0,0.060248999999956365,0.012049799999991274,0.01376987991701063
billing_128,aten::sub,"[[1, 1, 173, 1], [1, 1, 1, 173], []]",5,1.0,0.060039999999981775,0.012007999999996355,0.01372211306773002
billing_128,aten::resolve_conj,"[[173, 768]]",650,130.0,0.058641999999794504,0.011728399999958901,0.013402600841359903
billing_128,aten::_to_copy,"[[], [], [], [], [], [], []]",35,7.0,0.053623999999834956,0.010724799999966991,0.012255739359458914
billing_128,aten::as_strided,"[[1, 173, 64], [], [], []]",230,46.0,0.051921000000050524,0.010384200000010104,0.011866519530155228
billing_128,aten::view,"[[1, 1, 173, 173], []]",70,14.0,0.05004200000007676,0.010008400000015353,0.011437074985619711
billing_128,aten::as_strided,"[[768, 768], [], [], []]",155,31.0,0.04837800000012385,0.00967560000002477,0.011056768587484073
billing_128,aten::permute,"[[173, 1, 12, 64], []]",30,6.0,0.04674700000033773,0.009349400000067546,0.010684004323484413
billing_128,aten::layer_norm,"[[1, 173, 768], [], [768], [768], [], []]",20,4.0,0.045082000000009434,0.009016400000001886,0.010303469375744868
billing_128,aten::arange,"[[], [], [], [0]]",25,5.0,0.04379000000002827,0.008758000000005654,0.010008183398342238
billing_128,aten::sum,"[[1, 3], [], [], []]",10,2.0,0.04350500000006286,0.008701000000012572,0.009943046785686848
billing_128,aten::index,"[[1, 173], []]",5,1.0,0.04291599999993264,0.008583199999986527,0.009808431119486274
billing_128,aten::gather,"[[1, 173, 768], [], [1, 3, 768], []]",5,1.0,0.041291999999957626,0.008258399999991525,0.009437266702070261
billing_128,aten::view,"[[173, 1, 768], []]",60,12.0,0.04120900000000256,0.008241800000000512,0.009418297092076835
billing_128,aten::relu,"[[1, 173, 3072]]",10,2.0,0.040750000000087314,0.008150000000017463,0.009313392863280583
billing_128,aten::transpose,"[[1, 173, 768], [], []]",30,6.0,0.04071300000007613,0.008142600000015227,0.009304936531107706
billing_128,aten::copy_,"[[], [], []]",35,7.0,0.04016700000010064,0.00803340000002013,0.009180148494221519
billing_128,aten::gelu,"[[1, 3, 768], []]",5,1.0,0.03978900000007707,0.007957800000015414,0.009093756776367971
billing_128,aten::unflatten,"[[173, 1, 768], [], []]",30,6.0,0.03883599999985017,0.0077671999999700345,0.008875949085550781
billing_128,aten::matmul,"[[1, 32, 1], [1, 1, 173]]",10,2.0,0.03683400000005577,0.007366800000011153,0.008418392950327884
billing_128,aten::abs,"[[1, 1, 173, 173], [0]]",5,1.0,0.03649999999995748,0.0072999999999914965,0.008342057411254402
billing_128,aten::unsqueeze,"[[1, 173], []]",30,6.0,0.03566799999990053,0.007133599999980106,0.008151904212168187
billing_128,aten::split,"[[2304, 768], [], []]",10,2.0,0.03504000000008091,0.007008000000016182,0.008008375114832047
billing_128,aten::expand,"[[768], [], []]",55,11.0,0.03337500000029105,0.006675000000058209,0.0076278401672155586
billing_128,aten::view,"[[173, 3072], []]",10,2.0,0.03312499999992724,0.006624999999985448,0.007570702787603206
billing_128,aten::clamp,"[[1, 3], [], []]",5,1.0,0.032830999999991034,0.006566199999998207,0.00750350922929144
billing_128,aten::all,"[[1, 173]]",10,2.0,0.03199600000002022,0.0063992000000040435,0.00731267038167056
billing_128,aten::index_select,"[[3, 768], [], [1]]",5,1.0,0.03187399999989429,0.006374799999978859,0.007284787340431528
billing_128,aten::as_strided,"[[1, 173, 12], [], [], []]",120,24.0,0.03128800000004003,0.006257600000008005,0.007150857322848376
billing_128,aten::masked_fill_,"[[1, 173], [1, 173], []]",10,2.0,0.03125100000012026,0.006250200000024052,0.007142400990696389
billing_128,aten::_to_copy,"[[1, 173], [], [], [], [], [], []]",15,3.0,0.030086999999952242,0.006017399999990449,0.006876369351570004
billing_128,aten::copy_,"[[1, 173], [1, 173], []]",15,3.0,0.028788000000045375,0.005757600000009075,0.006579483527557534
billing_128,aten::linear,"[[1, 173, 768], [768, 768], [768]]",10,2.0,0.02845600000007835,0.00569120000001567,0.006503605087550285
billing_128,aten::to,"[[], [], [], [], []]",115,23.0,0.028249999999896556,0.005649999999979311,0.0064565238867766665
billing_128,aten::embedding,"[[256000, 768], [1, 173], [], [], []]",5,1.0,0.024543000000063556,0.004908600000012711,0.005609290823155768
billing_128,aten::select,"[[1, 2], [], []]",15,3.0,0.024163999999916995,0.004832799999983399,0.005522670555755994
billing_128,aten::narrow,"[[2304, 768], [], [], []]",30,6.0,0.024129000000015367,0.004825800000003074,0.005514671322644387
billing_128,aten::zeros_like,"[[1, 173], [], [], [], [], []]",10,2.0,0.02304200000013225,0.00460840000002645,0.005266237996478112
billing_128,aten::arange,"[[], [], [], [], []]",25,5.0,0.022044999999927994,0.004408999999985599,0.005038374126868955
billing_128,aten::copy_,"[[3, 768], [3, 768], []]",5,1.0,0.02120899999998801,0.004241799999997601,0.004847306729737005
billing_128,aten::topk,"[[1, 3], [], [], [], []]",5,1.0,0.020876000000032945,0.004175200000006589,0.004771199740214373
billing_128,aten::addmm,"[[1], [3, 768], [768, 1], [], []]",5,1.0,0.020458000000086032,0.004091600000017207,0.004675666041653672
billing_128,aten::slice,"[[2304, 768], [], [], [], []]",30,6.0,0.01999499999987893,0.003998999999975786,0.004569847614718249
billing_128,aten::transpose,"[[768, 3072], [], []]",10,2.0,0.01979100000001199,0.003958200000002398,0.004523223513052828
billing_128,aten::stack,"[[], []]",5,1.0,0.019747999999832247,0.00394959999996645,0.004513395883732724
billing_128,aten::t,"[[768, 3072]]",10,2.0,0.019210999999952037,0.0038421999999904075,0.004390664792531368
billing_128,aten::sum,"[[1, 173], []]",5,1.0,0.01920800000001327,0.003841600000002654,0.004389979143991011
billing_128,aten::slice,"[[1, 173], [], [], [], []]",5,1.0,0.018208000000013273,0.0036416000000026546,0.004161429625874187
billing_128,aten::unsqueeze,"[[1, 3], []]",5,1.0,0.018165000000110013,0.0036330000000220027,0.0041516019966172735
billing_128,aten::as_strided,"[[173, 1, 12, 64], [], [], []]",30,6.0,0.018001999999847612,0.0036003999999695223,0.004114348425104259
billing_128,aten::bitwise_not,"[[1, 173]]",5,1.0,0.017875000000043655,0.003575000000008731,0.004085322636348228
billing_128,aten::expand,"[[1, 32, 1], [], []]",20,4.0,0.017708999999925253,0.0035417999999850505,0.004047383416313774
billing_128,aten::linear,"[[1, 3, 768], [768, 768], [768]]",5,1.0,0.017291000000113854,0.0034582000000227707,0.003951849717784046
billing_128,aten::unsqueeze,"[[1, 1, 173], []]",20,4.0,0.017245999999944844,0.003449199999988969,0.003941564989430161
billing_128,aten::resolve_conj,"[[173, 2304]]",220,44.0,0.017115999999870603,0.0034231999999741205,0.003911853552058008
billing_128,aten::bitwise_not,"[[1, 3]]",5,1.0,0.01695800000008603,0.0033916000000172057,0.003875742728244784
billing_128,aten::bitwise_and,"[[1, 1, 173, 173], [1, 1, 1, 173]]",5,1.0,0.01633299999998417,0.003266599999996834,0.003732899279398488
billing_128,aten::unsqueeze,"[[1], []]",30,6.0,0.0158740000000505,0.0031748000000101,0.003627995050598025
billing_128,aten::permute,"[[1, 12, 173, 64], []]",10,2.0,0.015581999999951222,0.0031163999999902444,0.0035612585912852225
billing_128,aten::zeros,"[[], [], [], [], []]",15,3.0,0.01537400000015043,0.003074800000030086,0.0035137202915624514
billing_128,aten::view,"[[1, 173, 3072], []]",10,2.0,0.015166999999899417,0.0030333999999798836,0.0034664105412548995
billing_128,aten::squeeze,"[[1, 3, 1], []]",5,1.0,0.014999000000025263,0.0029998000000050528,0.003428014222240035
billing_128,aten::as_strided,"[[768, 3072], [], [], []]",10,2.0,0.014832000000023982,0.0029664000000047966,0.0033898464527142326
billing_128,aten::new_ones,"[[1, 1, 173, 1], [], [], [], [], []]",10,2.0,0.014415000000017244,0.0028830000000034488,0.003294541303657976
billing_128,aten::as_strided,"[[1, 173, 768], [], [], []]",35,7.0,0.014413000000000465,0.002882600000000093,0.0032940842046179078
billing_128,aten::masked_fill,"[[1, 3], [1, 3], []]",5,1.0,0.014331999999907566,0.0028663999999815133,0.0032755716936292132
billing_128,aten::layer_norm,"[[1, 3, 768], [], [768], [768], [], []]",5,1.0,0.014207999999955064,0.002841599999991013,0.0032472315533935824
billing_128,aten::split,"[[2304], [], []]",10,2.0,0.01407899999995425,0.00281579999999085,0.0032177486655563256
billing_128,aten::add,"[[173], [], []]",10,2.0,0.013874000000084834,0.002774800000016967,0.0031708960143722216
billing_128,aten::unsqueeze,"[[1, 768], []]",5,1.0,0.013625000000014553,0.0027250000000029104,0.003113987184345069
billing_128,aten::flatten,"[[173, 1, 12, 64], [], []]",10,2.0,0.013458000000100582,0.0026916000000201164,0.003075819414839222
billing_128,aten::expand,"[[1, 3, 1], [], []]",5,1.0,0.013418999999921653,0.0026837999999843308,0.003066905983591771
billing_128,aten::ge,"[[1, 1, 173, 1], []]",5,1.0,0.01324799999998163,0.002649599999996326,0.003027824016007502
billing_128,aten::full,"[[], [], [], [], [], []]",5,1.0,0.012958000000060792,0.0025916000000121586,0.002961544655771715
billing_128,aten::embedding,"[[3, 768], [1], [], [], []]",5,1.0,0.01295799999992596,0.002591599999985192,0.002961544655740899
billing_128,aten::transpose,"[[1, 32, 173], [], []]",10,2.0,0.01275299999985259,0.002550599999970518,0.0029146920045101817
billing_128,aten::transpose,"[[173, 1, 768], [], []]",10,2.0,0.012707999999969615,0.002541599999993923,0.0029044072762216704
billing_128,aten::mul,"[[1, 3], [1, 3]]",5,1.0,0.012585000000035507,0.0025170000000071012,0.00287629568550836
billing_128,aten::as_strided,"[[1, 1, 173, 173], [], [], []]",75,15.0,0.012583000000001447,0.0025166000000002896,0.0028758385864643423
billing_128,aten::slice,"[[2304], [], [], [], []]",30,6.0,0.012454999999783467,0.0024909999999566937,0.0028465842480955694
billing_128,aten::_softmax,"[[1, 3], [], []]",5,1.0,0.012250000000014551,0.0024500000000029104,0.002799731596934435
billing_128,aten::log,"[[1, 3]]",5,1.0,0.012249999999956344,0.002449999999991269,0.002799731596921131
billing_128,aten::_to_copy,"[[1, 3], [], [], [], [], [], []]",5,1.0,0.012167999999815948,0.0024335999999631893,0.002780990536403464
billing_128,aten::_to_copy,"[[1, 1, 173], [], [], [], [], [], []]",10,2.0,0.011962999999806016,0.0023925999999612033,0.002734137885187245
billing_128,aten::reshape,"[[1, 1, 1, 173], []]",10,2.0,0.011916000000066106,0.0023832000000132214,0.0027233960578951976
billing_128,aten::unsqueeze,"[[173], []]",15,3.0,0.011622999999998797,0.0023245999999997593,0.0026564310490715844
billing_128,aten::copy_,"[[1, 3], [1, 3], []]",10,2.0,0.011541000000070198,0.00230820000001404,0.0026376899886023236
billing_128,aten::to,"[[1, 3], [], [], [], []]",20,4.0,0.011540999999997439,0.0023081999999994877,0.0026376899885856946
billing_128,aten::addmm,"[[2], [1, 256], [256, 2], [], []]",5,1.0,0.01149999999992724,0.0022999999999854482,0.002628319458326861
billing_128,aten::empty_like,"[[1, 173], [], [], [], [], []]",10,2.0,0.010874999999970898,0.0021749999999941794,0.0024854760095138224
billing_128,aten::item,[[]],15,3.0,0.010667000000103143,0.0021334000000206286,0.002437937709775748
billing_128,aten::unsqueeze,"[[32], []]",10,2.0,0.010541999999973314,0.002108399999994663,0.0024093690199814724
billing_128,aten::sub,"[[1], [1], []]",5,1.0,0.010291999999913969,0.002058399999982794,0.0023522316404387027
billing_128,aten::dropout,"[[1, 173, 768], [], []]",25,5.0,0.01000100000003033,0.002000200000006066,0.002285723730693301
billing_128,aten::select,"[[3, 768], [], []]",5,1.0,0.009998000000065076,0.0019996000000130154,0.002285038082146892
billing_128,aten::div,"[[1], [1]]",5,1.0,0.00974999999992724,0.0019499999999854482,0.0022283578016224167
billing_128,aten::gelu,"[[1, 256], []]",5,1.0,0.00958400000006077,0.0019168000000121539,0.0021904185816455416
billing_128,aten::resize_,"[[0], [], []]",25,5.0,0.009583999999962772,0.0019167999999925543,0.002190418581623144
billing_128,aten::abs,"[[1, 1, 173, 173]]",5,1.0,0.009458000000113998,0.0018916000000227997,0.0021616213423749867
billing_128,aten::clone,"[[1, 3], []]",5,1.0,0.009415000000110012,0.0018830000000220025,0.0021517937130950526
billing_128,aten::copy_,"[[1, 1, 173], [1, 1, 173], []]",10,2.0,0.009413000000032298,0.0018826000000064596,0.0021513366140410574
billing_128,aten::narrow,"[[1, 173, 64], [], [], []]",10,2.0,0.009252000000003363,0.0018504000000006727,0.0021145401416176354
billing_128,aten::as_strided,"[[1, 173], [], [], []]",50,10.0,0.009085000000077798,0.0018170000000155596,0.0020763723721091377
billing_128,aten::select,"[[1, 173], [], []]",10,2.0,0.009040999999970836,0.0018081999999941673,0.0020663161932875512
billing_128,aten::clamp_min,"[[1, 3], []]",5,1.0,0.008667999999917811,0.0017335999999835623,0.0019810672230178568
billing_128,aten::div,"[[1], []]",5,1.0,0.008667999999917811,0.0017335999999835623,0.0019810672230178568
billing_128,aten::to,"[[1, 173], [], [], [], []]",5,1.0,0.008582000000053085,0.001716400000010617,0.0019614119644907266
billing_128,aten::as_strided,"[[768], [], [], []]",55,11.0,0.008541999999797552,0.0017083999999595104,0.0019522699837076518
billing_128,aten::linear,"[[1, 3, 768], [1, 768], [1]]",5,1.0,0.008460000000035507,0.0016920000000071015,0.0019335289232764563
billing_128,aten::__and__,"[[], [1, 1, 173, 173]]",10,2.0,0.008293000000153143,0.0016586000000306286,0.0018953611537778322
billing_128,aten::copy_,"[[173], [173], []]",5,1.0,0.008249999999997384,0.001649999999999477,0.0018855335244632105
billing_128,aten::clamp,"[[1], [], []]",5,1.0,0.008247000000061235,0.001649400000012247,0.0018848478759234527
billing_128,aten::neg,[[1]],5,1.0,0.008208999999973458,0.0016417999999946916,0.001876162994214952
billing_128,aten::as_strided,"[[1, 32, 1], [], [], []]",30,6.0,0.008043000000137,0.0016086000000274,0.0018382237742449361
billing_128,aten::as_strided,"[[1, 3], [], [], []]",15,3.0,0.008041999999943074,0.0016083999999886149,0.0018379952246824977
billing_128,aten::view,"[[173, 1, 12, 64], []]",10,2.0,0.007998999999952502,0.0015997999999905004,0.0018281675954056292
billing_128,aten::fill_,"[[1, 173], []]",5,1.0,0.007916999999986728,0.0015833999999973457,0.001809426534927872
billing_128,aten::narrow,"[[2304], [], [], []]",30,6.0,0.007796000000191271,0.001559200000038254,0.001781772043282484
billing_128,aten::softmax,"[[1, 3], [], []]",5,1.0,0.007748999999923399,0.0015497999999846798,0.001771030215869771
billing_128,aten::as_strided,"[[1], [], [], []]",45,9.0,0.0076230000000082326,0.0015246000000016466,0.0017422329766064403
billing_128,aten::_local_scalar_dense,[[]],15,3.0,0.007540999999923316,0.0015081999999846632,0.0017234919161014527
billing_128,aten::t,"[[3072, 768]]",10,2.0,0.007498999999937951,0.0014997999999875901,0.0017138928363438911
billing_128,aten::zero_,"[[1, 173]]",15,3.0,0.007497999999889203,0.0014995999999778404,0.0017136642868146328
billing_128,aten::masked_fill_,"[[1, 3], [1, 3], []]",5,1.0,0.007457999999998719,0.0014915999999997437,0.0017045223061149897
billing_128,aten::view,"[[1, 32, 1], []]",10,2.0,0.0072499999999445204,0.0014499999999889042,0.0016569840063343029
billing_128,aten::view,"[[1, 3, 768], []]",10,2.0,0.007083000000086031,0.0014166000000172061,0.0016188162368411352
billing_128,aten::unsqueeze,"[[1, 32], []]",10,2.0,0.006875000000003865,0.001375000000000773,0.0015712779370540568
billing_128,aten::transpose,"[[3072, 768], [], []]",10,2.0,0.006832000000038533,0.0013664000000077065,0.0015614503077829565
billing_128,aten::fill_,"[[173], []]",5,1.0,0.006499999999940542,0.0012999999999881084,0.0014855718677457747
billing_128,aten::expand,"[[1, 1, 1, 173], [], []]",10,2.0,0.00649800000009418,0.001299600000018836,0.001485114768744655
billing_128,aten::unsqueeze,"[[1, 1], []]",10,2.0,0.006251000000018394,0.0012502000000036788,0.0014286630377524782
billing_128,aten::copy_,"[[3, 1], [3, 1], []]",5,1.0,0.006207999999940512,0.0012415999999881024,0.0014188354084556547
billing_128,aten::copy_,"[[1], [1], []]",5,1.0,0.00612599999998929,0.0012251999999978581,0.0014000943479812234
billing_128,aten::_to_copy,"[[1], [], [], [], [], [], []]",5,1.0,0.005998000000079628,0.0011996000000159255,0.0013708400096829165
billing_128,aten::select,"[[1, 32, 173], [], []]",10,2.0,0.0058760000000452235,0.0011752000000090448,0.0013429569684648007
billing_128,aten::fill_,"[[1, 1], []]",25,5.0,0.005873999999922148,0.0011747999999844297,0.0013424998694004382
billing_128,aten::to,"[[1, 173], [], [], [], [], []]",10,2.0,0.005869999999942138,0.0011739999999884276,0.0013415856713325396
billing_128,aten::select,"[[1, 3], [], []]",10,2.0,0.005793000000077882,0.0011586000000155764,0.0013239873584685682
billing_128,aten::detach,"[[1, 3]]",10,2.0,0.00574999999992724,0.001149999999985448,0.0013141597291551157
billing_128,aten::slice,"[[1, 173, 64], [], [], [], []]",10,2.0,0.005584000000002788,0.0011168000000005575,0.0012762205091649893
billing_128,aten::as_strided,"[[3072, 768], [], [], []]",10,2.0,0.0055429999999323624,0.0011085999999864726,0.0012668499789061038
billing_128,aten::as_strided,"[[1, 1, 173], [], [], []]",40,8.0,0.005542000000089729,0.0011084000000179458,0.0012666214294239529
billing_128,aten::dropout,"[[1, 173, 3072], [], []]",10,2.0,0.005500999999974738,0.0011001999999949476,0.0012572508991548817
billing_128,aten::unsqueeze,"[[1, 1, 1], []]",10,2.0,0.005496999999948684,0.0010993999999897369,0.00125633670107646
billing_128,aten::is_nonzero,[[]],10,2.0,0.005456999999837535,0.001091399999967507,0.001247194720326384
billing_128,aten::expand,"[[1, 1, 173], [], []]",10,2.0,0.005292000000028111,0.0010584000000056222,0.0012094840498806637
billing_128,aten::copy_,"[[1, 256], [1, 256], []]",5,1.0,0.005125000000029104,0.0010250000000058207,0.0011713162803553808
billing_128,aten::empty_like,"[[1, 3], [], [], [], [], []]",5,1.0,0.005041999999928521,0.0010083999999857042,0.0011523466703286963
billing_128,aten::expand,"[[3072], [], []]",10,2.0,0.004917000000044936,0.0009834000000089871,0.0011237779805906996
billing_128,aten::as_strided,"[[1, 3, 1], [], [], []]",10,2.0,0.004831000000107452,0.0009662000000214904,0.0011041227220469406
billing_128,aten::transpose,"[[1, 768], [], []]",5,1.0,0.004750000000072759,0.0009500000000145518,0.0010856102110715488
billing_128,aten::new_empty,"[[1, 1, 173, 1], [], [], [], [], []]",10,2.0,0.004708999999922071,0.0009417999999844142,0.0010762396807943192
billing_128,aten::as_strided,"[[1, 32, 173], [], [], []]",20,4.0,0.004708000000097854,0.0009416000000195708,0.0010760111313163777
billing_128,aten::_softmax,"[[1, 2], [], []]",5,1.0,0.004667000000015832,0.0009334000000031664,0.0010666406010548417
billing_128,aten::_unsafe_view,"[[1, 32, 173], []]",10,2.0,0.00466599999989694,0.000933199999979388,0.0010664120515095521
billing_128,aten::as_strided,"[[1, 768], [], [], []]",15,3.0,0.004622999999992317,0.0009245999999984635,0.0010565844222523268
billing_128,aten::to,"[[1, 1, 173], [], [], [], []]",10,2.0,0.004542000000117923,0.0009084000000235846,0.0010380719113135715
billing_128,aten::resolve_conj,"[[173, 1152]]",110,22.0,0.0043319999996328995,0.0008663999999265799,0.000990076512398186
billing_128,aten::to,"[[1, 3], [], [], [], [], [], [], []]",20,4.0,0.0041209999999276764,0.0008241999999855353,0.000941852564142907
billing_128,aten::view,"[[1, 1, 1, 173], []]",15,3.0,0.003996000000074673,0.0007992000000149347,0.0009132838744119001
billing_128,aten::select,"[[1, 173, 768], [], []]",5,1.0,0.003960000000020955,0.0007920000000041909,0.0009050560917474171
billing_128,aten::linear,"[[1, 772], [256, 772], [256]]",5,1.0,0.003959000000017113,0.0007918000000034226,0.0009048275422284221
billing_128,aten::as_strided,"[[2304], [], [], []]",30,6.0,0.0038780000001279406,0.0007756000000255881,0.0008863150312862889
billing_128,aten::to,"[[1, 173, 64], [], [], [], []]",20,4.0,0.003830999999847791,0.0007661999999695582,0.00087557320387077
billing_128,aten::select,"[[1, 32, 1], [], []]",10,2.0,0.0036660000000251786,0.0007332000000050357,0.0008378625334220358
billing_128,aten::t,"[[2, 256]]",5,1.0,0.0036250000000582075,0.0007250000000116415,0.0008284920031867947
billing_128,aten::to,"[[1], [], [], [], []]",10,2.0,0.00354299999999057,0.000708599999998114,0.0008097509426857566
billing_128,aten::copy_,"[[3], [], []]",5,1.0,0.003497999999964463,0.0006995999999928926,0.0007994662143645327
billing_128,aten::reshape,"[[1, 32, 1], []]",10,2.0,0.0033760000000859236,0.0006752000000171848,0.0007715831731820396
billing_128,aten::select,"[[1, 1, 173], [], []]",10,2.0,0.003374999999928377,0.0006749999999856754,0.0007713546236279157
billing_128,aten::t,"[[256, 772]]",5,1.0,0.0033730000000068683,0.0006746000000013737,0.0007708975246096212
billing_128,aten::transpose,"[[256, 772], [], []]",5,1.0,0.0032929999999469148,0.0006585999999893829,0.0007526135631465727
billing_128,aten::linear,"[[1, 256], [2, 256], [2]]",5,1.0,0.0032920000000158326,0.0006584000000031665,0.0007523850136442071
billing_128,aten::view,"[[1, 1, 173], []]",10,2.0,0.0032490000000289,0.0006498000000057801,0.0007425573843681702
billing_128,aten::copy_,"[[1, 2], [1, 2], []]",5,1.0,0.003209000000075321,0.0006418000000150642,0.0007334154036541066
billing_128,aten::as_strided,"[[], [], [], []]",15,3.0,0.003167000000011853,0.0006334000000023706,0.0007238163238786944
billing_128,aten::reshape,"[[1, 173], []]",5,1.0,0.003124999999957595,0.000624999999991519,0.0007142172441053871
billing_128,aten::view,"[[3], []]",10,2.0,0.0030829999999841674,0.0006165999999968335,0.0007046181643505536
billing_128,aten::copy_,"[[173], [], []]",5,1.0,0.0029989999999961584,0.0005997999999992317,0.0006854200048314808
billing_128,aten::expand,"[[1, 1, 1, 1], [], []]",5,1.0,0.0029190000000062356,0.0005838000000012471,0.0006671360433844379
billing_128,aten::select,"[[256000, 768], [], []]",5,1.0,0.0029140000000612643,0.0005828000000122529,0.0006659932958064307
billing_128,aten::t,"[[1, 768]]",5,1.0,0.0028739999999233988,0.0005747999999846798,0.0006568513150502484
billing_128,aten::as_strided,"[[1, 1, 1, 1], [], [], []]",5,1.0,0.0028309999999924004,0.00056619999999848,0.0006470236857869953
billing_128,aten::_reshape_alias,"[[1, 1, 1, 173], [], []]",5,1.0,0.0027919999999853643,0.0005583999999970729,0.000638110254578831
billing_128,aten::as_strided,"[[3, 768], [], [], []]",5,1.0,0.0027519999999640276,0.0005503999999928055,0.0006289682738492815
billing_128,aten::transpose,"[[2, 256], [], []]",5,1.0,0.002709000000017113,0.0005418000000034227,0.0006191406445823906
billing_128,aten::copy_,"[[3], [3], []]",5,1.0,0.0026260000000449964,0.0005252000000089993,0.0006001710345850668
billing_128,aten::view,"[[1, 173], []]",5,1.0,0.002624000000011961,0.0005248000000023921,0.000599713935541283
billing_128,aten::as_strided,"[[1, 1, 1], [], [], []]",10,2.0,0.0025010000000038417,0.0005002000000007684,0.0005716023448110579
billing_128,aten::log,[[1]],5,1.0,0.0025000000000145518,0.0005000000000029103,0.0005713737952953888
billing_128,aten::reshape,"[[1, 1, 173], []]",10,2.0,0.0024999999999527063,0.0004999999999905412,0.0005713737952812541
billing_128,aten::as_strided,"[[32], [], [], []]",10,2.0,0.002499000000010938,0.0004998000000021876,0.000571145245776446
billing_128,aten::as_strided,"[[173], [], [], []]",15,3.0,0.0024579999999962184,0.0004915999999992437,0.000561774715530292
billing_128,aten::to,"[[1, 32, 1], [], [], [], [], []]",10,2.0,0.0023349999999932153,0.0004669999999986431,0.0005336631248012362
billing_128,aten::as_strided,"[[173, 1, 768], [], [], []]",10,2.0,0.002334000000017113,0.0004668000000034226,0.0005334345752885813
billing_128,aten::view,"[[3, 768], []]",5,1.0,0.0022499999999708964,0.0004499999999941793,0.0005142364157562051
billing_128,aten::to,"[[1, 1, 173, 173], [], [], [], [], [], [], []]",10,2.0,0.002247999999980266,0.00044959999999605316,0.0005137793167221129
billing_128,aten::as_strided,"[[1, 2], [], [], []]",15,3.0,0.002166000000113854,0.00043320000002277086,0.0004950382562670647
billing_128,aten::select,"[[1, 768], [], []]",5,1.0,0.0021660000000410947,0.0004332000000082189,0.0004950382562504355
billing_128,aten::detach_,[[173]],5,1.0,0.002165999999935366,0.0004331999999870732,0.0004950382562262714
billing_128,aten::expand,"[[1], [], []]",5,1.0,0.002080999999889173,0.00041619999997783455,0.0004756115471757837
billing_128,aten::as_strided,"[[1, 1, 1, 173], [], [], []]",10,2.0,0.002041999999943073,0.0004083999999886146,0.00046669811598154645
billing_128,aten::to,"[[1, 173], [], [], [], [], [], [], []]",10,2.0,0.0020410000000291575,0.0004082000000058315,0.0004664695664831042
billing_128,aten::fill_,"[[3], []]",5,1.0,0.0020030000000830343,0.00040060000001660687,0.0004577846848069783
billing_128,aten::expand,"[[256], [], []]",5,1.0,0.00200099999998929,0.000400199999997858,0.00045732758574931943
billing_128,aten::__and__,"[[1, 1, 173, 173], [1, 1, 1, 173]]",5,1.0,0.001958000000013271,0.0003916000000026542,0.0004474999564757769
billing_128,aten::resolve_conj,"[[173, 3072]]",20,4.0,0.0019579999999550634,0.0003915999999910127,0.0004474999564624736
billing_128,aten::expand,"[[2], [], []]",5,1.0,0.0019170000000012805,0.0003834000000002561,0.00043812942623024657
billing_128,aten::detach_,[[1]],10,2.0,0.0018750000000158024,0.00037500000000316046,0.00042853034647265893
billing_128,aten::__and__,"[[1, 1, 173, 173], [1, 1, 173, 1]]",5,1.0,0.0018720000000321307,0.00037440000000642617,0.0004278446979220402
billing_128,aten::select,"[[173, 768], [], []]",5,1.0,0.00183299999999997,0.000366599999999994,0.00041893126670813376
billing_128,aten::to,"[[173], [], [], [], [], []]",5,1.0,0.0017500000000582076,0.0003500000000116415,0.00039996165671774746
billing_128,aten::resolve_conj,"[[3, 768]]",10,2.0,0.0017470000000175787,0.0003494000000035157,0.00039927600815411123
billing_128,aten::as_strided,"[[256, 772], [], [], []]",5,1.0,0.0016250000000582077,0.00032500000001164155,0.0003713929669531443
billing_128,aten::view,"[[3, 1], []]",5,1.0,0.0015839999999298015,0.0003167999999859603,0.0003620224366810073
billing_128,aten::softmax,"[[1, 2], [], []]",5,1.0,0.0015819999999221181,0.00031639999998442364,0.0003615653376430176
billing_128,aten::lift_fresh,[[173]],5,1.0,0.0015420000000000301,0.00030840000000000603,0.00035242335693615135
billing_128,aten::as_strided,"[[3072], [], [], []]",10,2.0,0.001540999999968335,0.000308199999993667,0.00035219480741079063
billing_128,aten::as_strided,"[[1, 32], [], [], []]",10,2.0,0.0014990000000107103,0.0002998000000021421,0.0003425957276595688
billing_128,aten::as_strided,"[[2, 256], [], [], []]",5,1.0,0.0013739999999816063,0.00027479999999632126,0.000314027037888314
billing_128,aten::detach,"[[1, 2]]",5,1.0,0.0013350000000209548,0.00026700000000419097,0.00030511360669075084
billing_128,aten::as_strided,"[[1, 1], [], [], []]",10,2.0,0.0013340000000011969,0.00026680000000023937,0.00030488505716811835
billing_128,aten::to,"[[1, 2], [], [], [], [], [], [], []]",10,2.0,0.0011649999999353896,0.0002329999999870779,0.0002662601885913347
billing_128,aten::as_strided,"[[173, 768], [], [], []]",5,1.0,0.0010829999999841676,0.0002165999999968335,0.0002475191281169032
billing_128,aten::to,"[[1, 772], [], [], [], []]",5,1.0,0.001,0.0002,0.00022854951811682522
billing_128,aten::to,"[[1, 1, 1, 173], [], [], [], [], [], [], []]",5,1.0,0.0009990000000411783,0.00019980000000823566,0.00022832096860811966
billing_128,aten::detach_,[[3]],5,1.0,0.000998000000022671,0.00019960000000453421,0.000228092419085773
billing_128,aten::to,"[[1, 2], [], [], [], []]",5,1.0,0.0008760000000329456,0.0001752000000065891,0.00020020937787786858
billing_128,aten::as_strided,"[[256000, 768], [], [], []]",5,1.0,0.0008759999999614365,0.0001751999999922873,0.0002002093778615252
billing_128,aten::to,"[[1, 768], [], [], [], []]",5,1.0,0.000875000000014552,0.0001750000000029104,0.0001999808283555479
billing_128,aten::zero_,"[[1, 3]]",10,2.0,0.0008349999999456941,0.0001669999999891388,0.00019083884761513745
billing_128,aten::to,"[[1, 1, 173, 1], [], [], [], [], [], [], []]",5,1.0,0.0008340000000448527,0.00016680000000897054,0.00019061029811968326
billing_128,aten::to,"[[1], [], [], [], [], [], [], []]",5,1.0,0.0008329999999987194,0.0001665999999997439,0.0001903817485910227
billing_128,aten::fill_,"[[], []]",10,2.0,0.0007509999999747379,0.00015019999999494758,0.00017164068809996208
billing_128,aten::resolve_neg,"[[1, 3]]",5,1.0,0.0007100000000064029,0.0001420000000012806,0.00016227015786440927
billing_128,aten::resolve_conj,"[[1, 32, 1]]",10,2.0,0.0007080000000412384,0.00014160000000824766,0.00016181305883613723
billing_128,aten::as_strided,"[[256], [], [], []]",5,1.0,0.0005829999999841675,0.0001165999999968335,0.00013324436905849058
billing_128,aten::resolve_conj,"[[1, 256]]",10,2.0,0.0005420000000158326,0.00010840000000316651,0.00012387383882293777
billing_128,aten::as_strided,"[[2], [], [], []]",5,1.0,0.0005419999999721767,0.00010839999999443534,0.00012387383881296026
billing_128,aten::to,"[[1], [], [], [], [], []]",10,2.0,0.0005419999999443235,0.0001083999999888647,0.0001238738388065944
billing_128,aten::resolve_conj,"[[1, 2]]",10,2.0,0.00045700000006763735,9.140000001352747e-05,0.0001044471297948476
billing_128,aten::lift_fresh,[[]],10,2.0,0.00041800000007538075,8.360000001507616e-05,9.553369859006116e-05
billing_128,aten::to,"[[3], [], [], [], [], []]",5,1.0,0.00033500000000390173,6.700000000078034e-05,7.656408857002818e-05
billing_128,aten::lift_fresh,[[1]],10,2.0,0.0003340000000038117,6.680000000076234e-05,7.633553905189078e-05
billing_128,aten::resolve_conj,"[[1, 1, 173]]",10,2.0,0.0003339999999561769,6.679999999123539e-05,7.633553904100387e-05
billing_128,aten::resolve_conj,"[[1, 173]]",10,2.0,0.00033299999989822027,6.659999997964406e-05,7.610698950964109e-05
billing_128,aten::to,"[[1, 3, 768], [], [], [], []]",5,1.0,0.00033200000002398157,6.640000000479631e-05,7.587844002026695e-05
billing_128,aten::resolve_conj,"[[32, 173]]",10,2.0,0.0002910000000836135,5.82000000167227e-05,6.650790979110596e-05
billing_128,aten::resolve_conj,"[[1, 772]]",5,1.0,0.0002510000000329455,5.0200000006589104e-05,5.736592905485281e-05
billing_128,aten::resolve_conj,"[[3, 1]]",5,1.0,0.00020899999998800922,4.1799999997601846e-05,4.776684928367599e-05
billing_128,aten::lift_fresh,[[3]],5,1.0,0.00020800000004112462,4.160000000822492e-05,4.753829977769866e-05
billing_128,aten::resolve_neg,"[[1, 2]]",5,1.0,0.00020799999999871944,4.1599999999743886e-05,4.753829976800697e-05
billing_128,aten::resolve_conj,"[[1, 3]]",5,1.0,0.00020799999992595985,4.159999998519197e-05,4.7538299751377804e-05
billing_128,aten::resolve_conj,"[[32, 1]]",10,2.0,0.00020500000003335117,4.1000000006670236e-05,4.685265122157156e-05
billing_128,aten::resolve_conj,"[[768, 1]]",5,1.0,0.00012600000004749746,2.520000000949949e-05,2.8797239293575493e-05
technical_128,aten::mm,"[[173, 768], [768, 2304]]",220,44.0,174.5189779999984,34.90379559999968,40.95484148456826
technical_128,aten::mm,"[[173, 1152], [1152, 768]]",110,22.0,47.633956000000175,9.526791200000035,11.178389534592192
technical_128,aten::mm,"[[173, 768], [768, 768]]",110,22.0,29.376242999999644,5.875248599999929,6.89380254952647
technical_128,aten::_scaled_dot_product_flash_attention_for_cpu,"[[1, 12, 173, 64], [1, 12, 173, 64], [1, 12, 173, 64], [], [], [1, 1, 173, 173], []]",70,14.0,24.455176999999875,4.891035399999975,5.738962656038839
technical_128,aten::mul,"[[1, 12, 173, 64], [1, 1, 173, 64]]",440,88.0,14.811748999999681,2.962349799999936,3.475913275198097
technical_128,aten::addmm,"[[768], [173, 3072], [3072, 768], [], []]",10,2.0,14.335134000000092,2.8670268000000183,3.364064741601077
technical_128,aten::gelu,"[[1, 173, 1152], []]",110,22.0,13.397815999999773,2.6795631999999547,3.144101786565632
technical_128,aten::_scaled_dot_product_flash_attention_for_cpu,"[[1, 12, 173, 64], [1, 12, 173, 64], [1, 12, 173, 64], [], [], [], []]",40,8.0,12.076612999999929,2.415322599999986,2.8340514983160046
technical_128,aten::addmm,"[[3072], [173, 768], [768, 3072], [], []]",10,2.0,11.941975000000006,2.3883950000000014,2.80245563400951
technical_128,aten::addmm,"[[768], [173, 768], [768, 768], [], []]",40,8.0,11.059499999999462,2.2118999999998925,2.5953628343993898
technical_128,aten::native_layer_norm,"[[1, 173, 768], [], [768], [], []]",225,45.0,10.837795000000414,2.167559000000083,2.543334721266058
technical_128,aten::cat,"[[], []]",240,48.0,10.670091000000635,2.134018200000127,2.503979169136255
technical_128,aten::add,"[[1, 173, 768], [1, 173, 768], []]",240,48.0,8.224391999999998,1.6448783999999996,1.930040357369926
technical_128,aten::add,"[[1, 12, 173, 64], [1, 12, 173, 64], []]",220,44.0,5.976996000000057,1.1953992000000113,1.4026378479818
technical_128,aten::neg,"[[1, 12, 173, 32]]",220,44.0,5.3649590000003355,1.072991800000067,1.2590094666737253
technical_128,aten::mul,"[[1, 173, 1152], [1, 173, 1152]]",110,22.0,4.600014000000021,0.9200028000000042,1.079497750650347
technical_128,aten::_scaled_dot_product_flash_attention_for_cpu,"[[1, 12, 173, 64], [1, 12, 173, 64], [1, 12, 173, 64], [], [], [1, 1, 1, 173], []]",10,2.0,3.874744999999864,0.7749489999999728,0.9092969090623446
technical_128,aten::where,"[[1, 1, 173, 173], [], []]",140,28.0,1.4597550000001438,0.29195100000002877,0.3425646615424964
technical_128,aten::copy_,"[[173, 768], [173, 768], []]",50,10.0,1.2850530000001599,0.25701060000003195,0.3015668697892325
technical_128,aten::slice,"[[1, 12, 173, 64], [], [], [], []]",880,176.0,1.2161139999992199,0.24322279999984397,0.2853887678458256
technical_128,aten::native_layer_norm,"[[1, 173, 768], [], [768], [768], []]",20,4.0,1.0330990000000164,0.2066198000000033,0.242440141855902
technical_128,aten::empty,"[[], [], [], [], [], []]",1285,257.0,0.7978059999994631,0.15956119999989263,0.1872232959410052
technical_128,aten::clamp_min,"[[1, 173, 3072], []]",10,2.0,0.7339400000000315,0.1467880000000063,0.1722356886549358
technical_128,aten::addmm,"[[768], [3, 768], [768, 768], [], []]",5,1.0,0.6520309999998862,0.13040619999997724,0.15301388166517976
technical_128,aten::scaled_dot_product_attention,"[[1, 12, 173, 64], [1, 12, 173, 64], [1, 12, 173, 64], [1, 1, 173, 173], [], [], [], []]",70,14.0,0.5444520000001595,0.10889040000003189,0.12776802621410543
technical_128,aten::copy_,"[[173, 3072], [173, 3072], []]",10,2.0,0.5070689999999158,0.10141379999998316,0.11899525630235633
technical_128,aten::transpose,"[[1, 173, 12, 64], [], []]",450,90.0,0.4720300000004503,0.09440600000009006,0.11077255922263868
technical_128,aten::as_strided,"[[1, 12, 173, 64], [], [], []]",1480,296.0,0.46668999999996097,0.09333799999999219,0.10951940695201492
technical_128,aten::layer_norm,"[[1, 173, 768], [], [768], [], [], []]",225,45.0,0.4570450000003425,0.09140900000006849,0.10725598866576383
technical_128,aten::matmul,"[[1, 173, 768], [768, 2304]]",220,44.0,0.4382880000006849,0.08765760000013698,0.10285423264750417
technical_128,aten::split,"[[1, 173, 2304], [], []]",110,22.0,0.40732200000022284,0.08146440000004457,0.09558735751470303
technical_128,aten::select,"[[1, 173, 3, 12, 64], [], []]",330,66.0,0.39536899999929886,0.07907379999985978,0.09278231461385077
technical_128,aten::unbind,"[[1, 173, 3, 12, 64], []]",110,22.0,0.38902200000044235,0.07780440000008847,0.09129284692480825
technical_128,aten::narrow,"[[1, 12, 173, 64], [], [], []]",440,88.0,0.3852379999998811,0.07704759999997622,0.09040484539066798
technical_128,aten::transpose,"[[1, 12, 173, 64], [], []]",590,118.0,0.364672999999972,0.0729345999999944,0.08557880111297095
technical_128,aten::unsqueeze,"[[1, 173, 64], []]",220,44.0,0.30457800000042157,0.060915600000084315,0.07147614461565441
technical_128,aten::cos,"[[1, 173, 64]]",10,2.0,0.29936800000003516,0.059873600000007035,0.07025349979733313
technical_128,aten::index_select,"[[256000, 768], [], [173]]",5,1.0,0.2930789999999794,0.058615799999995874,0.06877764312517945
technical_128,aten::to,"[[1, 12, 173, 64], [], [], [], []]",660,132.0,0.2892409999997195,0.057848199999943895,0.0678769692647789
technical_128,aten::chunk,"[[1, 173, 2304], [], []]",110,22.0,0.2673309999996972,0.05346619999993944,0.06273529019232979
technical_128,aten::narrow,"[[1, 173, 2304], [], [], []]",220,44.0,0.2648679999995356,0.05297359999990712,0.062157291307972866
technical_128,aten::matmul,"[[1, 173, 768], [768, 768]]",110,22.0,0.24191299999956434,0.048382599999912866,0.056770379253760064
technical_128,aten::t,"[[2304, 768]]",220,44.0,0.2406120000000986,0.04812240000001972,0.056465070058392526
technical_128,aten::matmul,"[[1, 173, 1152], [1152, 768]]",110,22.0,0.23120099999987545,0.04624019999997509,0.054256565186100565
technical_128,aten::empty_strided,"[[], [], [], [], [], []]",200,40.0,0.22158199999992306,0.044316399999984615,0.051999248390226856
technical_128,aten::sin,"[[1, 173, 64]]",10,2.0,0.22112099999995688,0.04422419999999137,0.05189106427100172
technical_128,aten::slice,"[[1, 173, 2304], [], [], [], []]",220,44.0,0.21456700000032283,0.042913400000064564,0.05035301933084126
technical_128,aten::scaled_dot_product_attention,"[[1, 12, 173, 64], [1, 12, 173, 64], [1, 12, 173, 64], [], [], [], [], []]",40,8.0,0.2086970000000888,0.04173940000001776,0.04897549052406585
technical_128,aten::t,"[[768, 1152]]",110,22.0,0.19912199999989844,0.039824399999979686,0.04672849932736895
technical_128,aten::addmm,"[[256], [1, 772], [772, 256], [], []]",5,1.0,0.19137099999991186,0.03827419999998237,0.0449095511534555
technical_128,aten::linear,"[[1, 173, 768], [2304, 768], []]",220,44.0,0.19059499999976354,0.038118999999952705,0.04472744513059018
technical_128,aten::transpose,"[[2304, 768], [], []]",220,44.0,0.18248600000002765,0.03649720000000553,0.042824484126615284
technical_128,aten::view,"[[173], []]",490,98.0,0.18079599999946833,0.036159199999893664,0.04242788724686605
technical_128,aten::view,"[[1, 173, 768], []]",350,70.0,0.1730260000002656,0.03460520000005312,0.040604480291649724
technical_128,aten::scalar_tensor,"[[], [], [], [], []]",160,32.0,0.17262599999996656,0.03452519999999331,0.040510611207646284
technical_128,aten::linear,"[[1, 173, 768], [768, 768], []]",110,22.0,0.1644450000002407,0.032889000000048144,0.03859075376856578
technical_128,aten::empty_like,"[[1, 12, 173, 64], [], [], [], [], []]",120,24.0,0.16382800000006867,0.03276560000001373,0.038445960706558355
technical_128,aten::transpose,"[[768, 1152], [], []]",110,22.0,0.16037499999995,0.03207499999999,0.0376356358394767
technical_128,aten::bitwise_and,"[[], [1, 1, 173, 173]]",10,2.0,0.15720699999993804,0.03144139999998761,0.03689219269472254
technical_128,aten::t,"[[768, 768]]",155,31.0,0.14870399999987058,0.029740799999974116,0.03489677064299559
technical_128,aten::linear,"[[1, 173, 1152], [768, 1152], []]",110,22.0,0.14444200000052662,0.028888400000105324,0.03389659555384073
technical_128,aten::as_strided,"[[1, 173, 12, 64], [], [], []]",450,90.0,0.14053699999980382,0.028107399999960765,0.03298019862177273
technical_128,aten::add,"[[1, 173, 768], [1, 1, 768], []]",5,1.0,0.13887099999998465,0.02777419999999693,0.03258923388723318
technical_128,aten::view,"[[1, 173, 2304], []]",110,22.0,0.13637900000024092,0.027275800000048183,0.032004429494389156
technical_128,aten::view,"[[1, 173, 12, 64], []]",110,22.0,0.13003199999999698,0.026006399999999395,0.030514961805021022
technical_128,aten::as_strided,"[[1, 173, 3, 12, 64], [], [], []]",330,66.0,0.12328600000014239,0.024657200000028478,0.02893185970452085
technical_128,aten::_unsafe_view,"[[173, 2304], []]",220,44.0,0.12287600000007523,0.024575200000015045,0.028835643893473508
technical_128,aten::native_layer_norm,"[[1, 3, 768], [], [768], [768], []]",5,1.0,0.12070299999997951,0.0241405999999959,0.02832570009498364
technical_128,aten::as_strided,"[[2304, 768], [], [], []]",250,50.0,0.1143370000000564,0.02286740000001128,0.02683177362420396
technical_128,aten::view,"[[1, 173, 1152], []]",110,22.0,0.11317100000011487,0.022634200000022975,0.026558145244552266
technical_128,aten::reshape,"[[1, 173, 768], []]",330,66.0,0.11271799999999507,0.022543599999999015,0.026451838506969746
technical_128,aten::reshape,"[[1, 173, 12, 64], []]",110,22.0,0.10666799999988234,0.021333599999976468,0.025032068612452843
technical_128,aten::_unsafe_view,"[[173, 768], []]",220,44.0,0.09945199999998025,0.01989039999999605,0.02333867033831994
technical_128,aten::as_strided,"[[1, 173, 2304], [], [], []]",220,44.0,0.09904799999987882,0.019809599999975763,0.02324386256352355
technical_128,aten::bitwise_and,"[[1, 1, 173, 173], [1, 1, 173, 1]]",5,1.0,0.0882050000000188,0.017641000000003758,0.020699306370835762
technical_128,aten::scaled_dot_product_attention,"[[1, 12, 173, 64], [1, 12, 173, 64], [1, 12, 173, 64], [1, 1, 1, 173], [], [], [], []]",10,2.0,0.08307899999986693,0.016615799999973386,0.01949637406019549
technical_128,aten::transpose,"[[768, 768], [], []]",155,31.0,0.08104800000002113,0.016209600000004227,0.01901975378656059
technical_128,aten::as_strided,"[[768, 1152], [], [], []]",110,22.0,0.080120999999961,0.0160241999999922,0.018802212184531163
technical_128,aten::le,"[[1, 1, 173, 173], []]",5,1.0,0.07949800000005053,0.015899600000010106,0.01865601108632613
technical_128,aten::expand,"[[1, 1, 173, 173], [], []]",75,15.0,0.07762400000009188,0.015524800000018376,0.01821623442810855
technical_128,aten::linear,"[[173, 1, 768], [768, 768], [768]]",30,6.0,0.07454000000000816,0.014908000000001632,0.017492503790963523
technical_128,aten::transpose,"[[1, 173, 12], [], []]",120,24.0,0.0690770000000998,0.013815400000019958,0.01621048677716664
technical_128,aten::mul,"[[1, 173, 64], []]",20,4.0,0.06749699999987434,0.013499399999974867,0.015839703895577376
technical_128,aten::reshape,"[[1, 173, 1152], []]",110,22.0,0.06694999999982701,0.013389999999965402,0.01571133792328755
technical_128,aten::view,"[[173, 768], []]",55,11.0,0.06683000000012079,0.013366000000024159,0.015683177198176513
technical_128,aten::eq,"[[1, 1, 1, 173], []]",10,2.0,0.0658350000000064,0.01316700000000128,0.015449677851865705
technical_128,aten::linear,"[[1, 173, 3072], [768, 3072], [768]]",10,2.0,0.06469999999998255,0.01293999999999651,0.0151833243261995
technical_128,aten::where,"[[1, 1, 1, 173], [], []]",20,4.0,0.061333000000115136,0.012266600000023027,0.014393181312222465
technical_128,aten::dropout,"[[1, 173, 1152], [], []]",110,22.0,0.06129499999985364,0.012258999999970727,0.014384263749187439
technical_128,aten::sub,"[[1, 1, 173, 1], [1, 1, 1, 173], []]",5,1.0,0.058499999999998865,0.011699999999999773,0.013728353525237916
technical_128,aten::linear,"[[1, 173, 768], [3072, 768], [3072]]",10,2.0,0.052001000000003836,0.010400200000000767,0.012203215584033564
technical_128,aten::resolve_conj,"[[173, 768]]",650,130.0,0.0517920000011031,0.01035840000022062,0.012154168987936415
technical_128,aten::bmm,"[[1, 32, 1], [1, 1, 173]]",10,2.0,0.05041499999982648,0.010082999999965297,0.011831024666196595
technical_128,aten::as_strided,"[[1, 173, 64], [], [], []]",230,46.0,0.04636999999967771,0.009273999999935542,0.010881773554886667
technical_128,aten::view,"[[1, 1, 173, 173], []]",70,14.0,0.04549700000009306,0.009099400000018612,0.010676904279299815
technical_128,aten::as_strided,"[[768, 768], [], [], []]",155,31.0,0.04453699999983429,0.00890739999996686,0.010451618477799279
technical_128,aten::_to_copy,"[[], [], [], [], [], [], []]",35,7.0,0.04429300000049238,0.008858600000098476,0.010394358336754434
technical_128,aten::permute,"[[173, 1, 12, 64], []]",30,6.0,0.04312400000015623,0.008624800000031246,0.010120025938880619
technical_128,aten::sum,"[[1, 3], [], [], []]",10,2.0,0.04212200000011944,0.008424400000023887,0.009884883883619189
technical_128,aten::gather,"[[1, 173, 768], [], [1, 3, 768], []]",5,1.0,0.041541000000070195,0.008308200000014039,0.009748539039194582
technical_128,aten::index,"[[1, 173], []]",5,1.0,0.041329000000060206,0.008265800000012041,0.009698788424707614
technical_128,aten::arange,"[[], [], [], [0]]",25,5.0,0.03995799999987855,0.00799159999997571,0.009377052139483762
technical_128,aten::layer_norm,"[[1, 173, 768], [], [768], [768], [], []]",20,4.0,0.03854199999992852,0.007708399999985705,0.009044755582371774
technical_128,aten::gelu,"[[1, 3, 768], []]",5,1.0,0.03804000000003725,0.007608000000007451,0.008926949882061058
technical_128,aten::copy_,"[[], [], []]",35,7.0,0.037416999999820066,0.0074833999999640135,0.00878074878378405
technical_128,aten::matmul,"[[1, 32, 1], [1, 1, 173]]",10,2.0,0.03703799999995545,0.007407599999991089,0.008691807826789064
technical_128,aten::view,"[[173, 1, 768], []]",60,12.0,0.03678800000005868,0.007357600000011735,0.008633139649355005
technical_128,aten::relu,"[[1, 173, 3072]]",10,2.0,0.03624900000008347,0.007249800000016694,0.008506651058760768
technical_128,aten::transpose,"[[1, 173, 768], [], []]",30,6.0,0.0349980000002688,0.00699960000005376,0.008213075498803011
technical_128,aten::abs,"[[1, 1, 173, 173], [0]]",5,1.0,0.03479099999996697,0.0069581999999933945,0.008164498247796722
technical_128,aten::unflatten,"[[173, 1, 768], [], []]",30,6.0,0.0345850000000064,0.006917000000001281,0.008116155669580351
technical_128,aten::as_strided,"[[1, 173, 12], [], [], []]",120,24.0,0.03262899999987167,0.006525799999974334,0.007657135849115126
technical_128,aten::view,"[[173, 3072], []]",10,2.0,0.032500000000043654,0.0065000000000087306,0.007626863069587013
technical_128,aten::all,"[[1, 173]]",10,2.0,0.03246000000009485,0.0064920000000189704,0.007617476161205702
technical_128,aten::split,"[[2304, 768], [], []]",10,2.0,0.03236999999999534,0.006473999999999068,0.0075963556172973686
technical_128,aten::index_select,"[[3, 768], [], [1]]",5,1.0,0.032083000000027825,0.006416600000005565,0.0075290045495828815
technical_128,aten::masked_fill_,"[[1, 173], [1, 173], []]",10,2.0,0.03120900000000256,0.006241800000000512,0.0073239006011827975
technical_128,aten::_to_copy,"[[1, 173], [], [], [], [], [], []]",15,3.0,0.031001999999859663,0.006200399999971932,0.007275323350213804
technical_128,aten::clamp,"[[1, 3], [], []]",5,1.0,0.030624000000170782,0.006124800000034156,0.007186617065969892
technical_128,aten::unsqueeze,"[[1, 173], []]",30,6.0,0.030085999999896557,0.006017199999979311,0.0070603631480153145
technical_128,aten::expand,"[[768], [], []]",55,11.0,0.0299900000001071,0.00599800000002142,0.007037834567920742
technical_128,aten::copy_,"[[1, 173], [1, 173], []]",15,3.0,0.0274950000000573,0.00549900000001146,0.006452326156875393
technical_128,aten::to,"[[], [], [], [], []]",115,23.0,0.027244999999989205,0.005448999999997841,0.00639365797940113
technical_128,aten::embedding,"[[256000, 768], [1, 173], [], [], []]",5,1.0,0.025954999999903635,0.005190999999980727,0.0060909301836963095
technical_128,aten::narrow,"[[2304, 768], [], [], []]",30,6.0,0.022878000000011525,0.0045756000000023046,0.005368842255565083
technical_128,aten::zeros_like,"[[1, 173], [], [], [], [], []]",10,2.0,0.022538999999931548,0.00450779999998631,0.005289288206912884
technical_128,aten::linear,"[[1, 173, 768], [768, 768], [768]]",10,2.0,0.0222110000000539,0.00444220000001078,0.0052123155581163295
technical_128,aten::arange,"[[], [], [], [], []]",25,5.0,0.022167000000080178,0.0044334000000160355,0.005201989958889839
technical_128,aten::addmm,"[[1], [3, 768], [768, 1], [], []]",5,1.0,0.019497999999977766,0.003899599999995553,0.004575648496321177
technical_128,aten::topk,"[[1, 3], [], [], [], []]",5,1.0,0.019207000000038534,0.0038414000000077065,0.004507358737773997
technical_128,aten::slice,"[[2304, 768], [], [], [], []]",30,6.0,0.018412999999927706,0.0036825999999855414,0.004321028606140482
technical_128,aten::stack,"[[], []]",5,1.0,0.01833400000000256,0.003666800000000512,0.004302489462081231
technical_128,aten::select,"[[1, 2], [], []]",15,3.0,0.018251000000091153,0.0036502000000182304,0.004283011627185872
technical_128,aten::sum,"[[1, 173], []]",5,1.0,0.018206999999965775,0.003641399999993155,0.00427268602792379
technical_128,aten::expand,"[[1, 32, 1], [], []]",20,4.0,0.017666000000001306,0.0035332000000002613,0.004145728091912404
technical_128,aten::bitwise_not,"[[1, 173]]",5,1.0,0.0169149999999936,0.0033829999999987195,0.003969488886825914
technical_128,aten::permute,"[[1, 12, 173, 64], []]",10,2.0,0.016794999999940045,0.003358999999988009,0.003941328161633371
technical_128,aten::bitwise_not,"[[1, 3]]",5,1.0,0.016747999999963212,0.0033495999999926425,0.003930298544276651
technical_128,aten::resolve_conj,"[[173, 2304]]",220,44.0,0.0166530000003811,0.00333060000007622,0.003908004636940569
technical_128,aten::bitwise_and,"[[1, 1, 173, 173], [1, 1, 1, 173]]",5,1.0,0.016457999999969615,0.003291599999993923,0.0038622434584265454
technical_128,aten::t,"[[768, 3072]]",10,2.0,0.016256999999997787,0.0032513999999995574,0.003815074243756697
technical_128,aten::copy_,"[[3, 768], [3, 768], []]",5,1.0,0.01587500000001455,0.0031750000000029103,0.003725429268604375
technical_128,aten::flatten,"[[173, 1, 12, 64], [], []]",10,2.0,0.015290000000037253,0.0030580000000074506,0.0035881457333573207
technical_128,aten::zeros,"[[], [], [], [], []]",15,3.0,0.015124000000250248,0.0030248000000500496,0.003549190063575005
technical_128,aten::unsqueeze,"[[1, 3], []]",5,1.0,0.015081999999834807,0.0030163999999669616,0.0035393338096645207
technical_128,aten::unsqueeze,"[[1], []]",30,6.0,0.015042999999959193,0.0030085999999918387,0.0035301815740102186
technical_128,aten::slice,"[[1, 173], [], [], [], []]",5,1.0,0.014791999999986729,0.002958399999997346,0.0034712787238485644
technical_128,aten::full,"[[], [], [], [], [], []]",5,1.0,0.014787000000013676,0.0029574000000027354,0.0034701053603057226
technical_128,aten::add,"[[173], [], []]",10,2.0,0.014665000000052941,0.002933000000010588,0.0034414752897152954
technical_128,aten::new_ones,"[[1, 1, 173, 1], [], [], [], [], []]",10,2.0,0.01457900000001223,0.002915800000002446,0.003421293436660092
technical_128,aten::linear,"[[1, 3, 768], [768, 768], [768]]",5,1.0,0.014373000000035972,0.0028746000000071945,0.0033729508584400387
technical_128,aten::masked_fill,"[[1, 3], [1, 3], []]",5,1.0,0.014040999999953783,0.002808199999990757,0.003295039518756152
technical_128,aten::squeeze,"[[1, 3, 1], []]",5,1.0,0.013918000000048779,0.002783600000009756,0.0032661747754689687
technical_128,aten::addmm,"[[2], [1, 256], [256, 2], [], []]",5,1.0,0.013915000000037253,0.0027830000000074505,0.0032654707573367653
technical_128,aten::as_strided,"[[173, 1, 12, 64], [], [], []]",30,6.0,0.01387200000010489,0.0027744000000209782,0.003255379830829813
technical_128,aten::unsqueeze,"[[1, 1, 173], []]",20,4.0,0.013711000000257626,0.0027422000000515254,0.003217597524582522
technical_128,aten::layer_norm,"[[1, 3, 768], [], [768], [768], [], []]",5,1.0,0.013625000000058207,0.0027250000000116413,0.0031974156714900744
technical_128,aten::transpose,"[[768, 3072], [], []]",10,2.0,0.013454999999899884,0.0026909999999799768,0.0031575213107812874
technical_128,aten::split,"[[2304], [], []]",10,2.0,0.013248000000123283,0.0026496000000246567,0.0031089440598982554
technical_128,aten::as_strided,"[[768, 3072], [], [], []]",10,2.0,0.0131650000000227,0.00263300000000454,0.0030894662249585014
technical_128,aten::expand,"[[1, 3, 1], [], []]",5,1.0,0.012873000000021421,0.002574600000004284,0.0030209417936869266
technical_128,aten::transpose,"[[173, 1, 768], [], []]",10,2.0,0.0127060000000929,0.00254120000001858,0.0029817514511615677
technical_128,aten::ge,"[[1, 1, 173, 1], []]",5,1.0,0.012416999999986729,0.0024833999999973456,0.0029139310379948775
technical_128,aten::transpose,"[[1, 32, 173], [], []]",10,2.0,0.01241499999989037,0.002482999999978074,0.002913461692552598
technical_128,aten::embedding,"[[3, 768], [1], [], [], []]",5,1.0,0.01237600000006205,0.0024752000000124097,0.0029043094569093948
technical_128,aten::unsqueeze,"[[1, 768], []]",5,1.0,0.012126000000047498,0.0024252000000094995,0.002845641279447697
technical_128,aten::_to_copy,"[[1, 1, 173], [], [], [], [], [], []]",10,2.0,0.012084999999975707,0.0024169999999951414,0.0028360196983276916
technical_128,aten::reshape,"[[1, 1, 1, 173], []]",10,2.0,0.011832999999941422,0.0023665999999882845,0.0027768821754416964
technical_128,aten::to,"[[1, 3], [], [], [], []]",20,4.0,0.011749999999883586,0.002349999999976717,0.002757404340511974
technical_128,aten::slice,"[[2304], [], [], [], []]",30,6.0,0.011747000000148545,0.002349400000029709,0.0027567003224446534
technical_128,aten::unsqueeze,"[[173], []]",15,3.0,0.011669000000069787,0.002333800000013957,0.0027383958510591865
technical_128,aten::log,"[[1, 3]]",5,1.0,0.011665999999968335,0.002333199999993667,0.0027376918329058792
technical_128,aten::_to_copy,"[[1, 3], [], [], [], [], [], []]",5,1.0,0.011539999999891734,0.002307999999978347,0.0027081230714489286
technical_128,aten::mul,"[[1, 3], [1, 3]]",5,1.0,0.011374000000039814,0.002274800000007963,0.002669167401651379
technical_128,aten::_softmax,"[[1, 3], [], []]",5,1.0,0.01129199999998673,0.0022583999999973457,0.002649924239432605
technical_128,aten::as_strided,"[[1, 173, 768], [], [], []]",35,7.0,0.011206999999994877,0.0022413999999989754,0.002629977059098701
technical_128,aten::empty_like,"[[1, 173], [], [], [], [], []]",10,2.0,0.010751000000163912,0.0021502000000327825,0.002522966303454461
technical_128,aten::copy_,"[[1, 3], [1, 3], []]",10,2.0,0.010708000000027824,0.0021416000000055646,0.0025128753768996997
technical_128,aten::as_strided,"[[1, 1, 173, 173], [], [], []]",75,15.0,0.010584000000015293,0.0021168000000030586,0.0024837759608774515
technical_128,aten::unsqueeze,"[[32], []]",10,2.0,0.010500000000030468,0.0021000000000060935,0.002464063453255029
technical_128,aten::item,[[]],15,3.0,0.010045000000175719,0.0020090000000351437,0.002357287370315041
technical_128,aten::resize_,"[[0], [], []]",25,5.0,0.00999900000001071,0.001999800000002142,0.002346492425623994
technical_128,aten::abs,"[[1, 1, 173, 173]]",5,1.0,0.009833000000017137,0.0019666000000034276,0.002307536755793202
technical_128,aten::dropout,"[[1, 173, 768], [], []]",25,5.0,0.009704000000185828,0.0019408000000371655,0.0022772639762643153
technical_128,aten::copy_,"[[1, 1, 173], [1, 1, 173], []]",10,2.0,0.009580999999935556,0.0019161999999871113,0.002248399232896108
technical_128,aten::view,"[[1, 173, 3072], []]",10,2.0,0.009460000000035506,0.0018920000000071011,0.0022200038350297553
technical_128,aten::sub,"[[1], [1], []]",5,1.0,0.009456999999951221,0.0018913999999902442,0.002219299816880476
technical_128,aten::div,"[[1], [1]]",5,1.0,0.00941700000000128,0.001883400000000256,0.0022099129084988986
technical_128,aten::clone,"[[1, 3], []]",5,1.0,0.009249999999985449,0.0018499999999970896,0.00217072256595305
technical_128,aten::narrow,"[[1, 173, 64], [], [], []]",10,2.0,0.008999000000000933,0.0017998000000001868,0.002111819715788568
technical_128,aten::clamp_min,"[[1, 3], []]",5,1.0,0.008833999999958906,0.001766799999991781,0.0020730987186562385
technical_128,aten::select,"[[1, 173], [], []]",10,2.0,0.008751000000134809,0.0017502000000269619,0.0020536208837813683
technical_128,aten::view,"[[173, 1, 12, 64], []]",10,2.0,0.008751000000047499,0.0017502000000094997,0.0020536208837608786
technical_128,aten::to,"[[1, 173], [], [], [], []]",5,1.0,0.008667000000030385,0.001733400000006077,0.00203390837613088
technical_128,aten::copy_,"[[173], [173], []]",5,1.0,0.008624999999984197,0.0017249999999968395,0.0020240521223070496
technical_128,aten::as_strided,"[[1, 173], [], [], []]",50,10.0,0.008621999999920717,0.0017243999999841434,0.002023348104162653
technical_128,aten::gelu,"[[1, 256], []]",5,1.0,0.008417999999976018,0.0016835999999952034,0.001975474871369672
technical_128,aten::select,"[[3, 768], [], []]",5,1.0,0.00833299999999872,0.001666599999999744,0.0019555276910391828
technical_128,aten::__and__,"[[], [1, 1, 173, 173]]",10,2.0,0.008163000000042758,0.0016326000000085514,0.0019156333303778851
technical_128,aten::as_strided,"[[768], [], [], []]",55,11.0,0.008004000000000814,0.001600800000000163,0.0018783203695045742
technical_128,aten::clamp,"[[1], [], []]",5,1.0,0.008000000000043656,0.0016000000000087312,0.0018773816786752957
technical_128,aten::zero_,"[[1, 173]]",15,3.0,0.007916999999941821,0.0015833999999883643,0.001857903843735248
technical_128,aten::narrow,"[[2304], [], [], []]",30,6.0,0.007711999999824911,0.0015423999999649822,0.0018097959381920205
technical_128,aten::fill_,"[[1, 173], []]",5,1.0,0.0075020000000051825,0.0015004000000010365,0.0017605146691693676
technical_128,aten::linear,"[[1, 3, 768], [1, 768], [1]]",5,1.0,0.007500000000087312,0.0015000000000174624,0.0017600453237689748
technical_128,aten::div,"[[1], []]",5,1.0,0.007458999999944354,0.0014917999999888708,0.0017504237426322678
technical_128,aten::neg,[[1]],5,1.0,0.007208000000056927,0.0014416000000113853,0.00169152089249057
technical_128,aten::_local_scalar_dense,[[]],15,3.0,0.00720599999990236,0.001441199999980472,0.001691051547034631
technical_128,aten::is_nonzero,[[]],10,2.0,0.007123999999920443,0.0014247999999840886,0.0016718083848325579
technical_128,aten::as_strided,"[[1], [], [], []]",45,9.0,0.007042000000018107,0.0014084000000036214,0.00165256522264916
technical_128,aten::unsqueeze,"[[1, 32], []]",10,2.0,0.006912999999997964,0.0013825999999995929,0.0016222924430759594
technical_128,aten::as_strided,"[[1, 3], [], [], []]",15,3.0,0.006874000000098021,0.0013748000000196044,0.0016131402074159478
technical_128,aten::view,"[[1, 32, 1], []]",10,2.0,0.006832000000051721,0.0013664000000103442,0.001603283953592091
technical_128,aten::view,"[[1, 3, 768], []]",10,2.0,0.006792999999946914,0.0013585999999893828,0.0015941317178840035
technical_128,aten::t,"[[3072, 768]]",10,2.0,0.006790000000110012,0.0013580000000220024,0.001593427699792779
technical_128,aten::fill_,"[[173], []]",5,1.0,0.0066260000000038415,0.0013252000000007684,0.0015549413753552298
technical_128,aten::softmax,"[[1, 3], [], []]",5,1.0,0.006582000000023982,0.0013164000000047964,0.0015446157761272983
technical_128,aten::masked_fill_,"[[1, 3], [1, 3], []]",5,1.0,0.006500000000043656,0.0013000000000087312,0.0015253726139255984
technical_128,aten::unsqueeze,"[[1, 1], []]",10,2.0,0.006372999999947524,0.0012745999999895048,0.0014955691797542312
technical_128,aten::as_strided,"[[1, 32, 1], [], [], []]",30,6.0,0.006207999999981894,0.0012415999999963788,0.0014568481826398303
technical_128,aten::transpose,"[[3072, 768], [], []]",10,2.0,0.006167999999946915,0.001233599999989383,0.0014474612742382965
technical_128,aten::_to_copy,"[[1], [], [], [], [], [], []]",5,1.0,0.005789999999920838,0.0011579999999841676,0.0013587549899152533
technical_128,aten::select,"[[1, 32, 173], [], []]",10,2.0,0.00578800000002002,0.0011576000000040041,0.0013582856445188622
technical_128,aten::select,"[[1, 3], [], []]",10,2.0,0.005750000000071509,0.0011500000000143017,0.0013493680815572864
technical_128,aten::detach,"[[1, 3]]",10,2.0,0.005709999999977299,0.0011419999999954598,0.0013399811731418527
technical_128,aten::to,"[[1, 173], [], [], [], [], []]",10,2.0,0.005708000000068978,0.0011416000000137956,0.0013395118277437009
technical_128,aten::unsqueeze,"[[1, 1, 1], []]",10,2.0,0.005667000000026519,0.0011334000000053038,0.0013298902466305786
technical_128,aten::fill_,"[[1, 1], []]",25,5.0,0.005625999999945747,0.0011251999999891495,0.0013202686655084655
technical_128,aten::copy_,"[[1], [1], []]",5,1.0,0.0056250000000145515,0.0011250000000029103,0.001320033992814779
technical_128,aten::as_strided,"[[1, 1, 173], [], [], []]",40,8.0,0.005371000000012374,0.0010742000000024748,0.0012604271245166521
technical_128,aten::slice,"[[1, 173, 64], [], [], [], []]",10,2.0,0.005334999999993215,0.001066999999998643,0.0012519789069581635
technical_128,aten::expand,"[[1, 1, 173], [], []]",10,2.0,0.005210000000018453,0.0010420000000036906,0.001222644818234945
technical_128,aten::copy_,"[[3, 1], [3, 1], []]",5,1.0,0.0051680000000051225,0.0010336000000010245,0.0012127885644188248
technical_128,aten::_unsafe_view,"[[1, 32, 173], []]",10,2.0,0.005041999999944437,0.0010083999999888874,0.0011832198029656093
technical_128,aten::expand,"[[3072], [], []]",10,2.0,0.004917999999888708,0.0009835999999777416,0.0011541203869332227
technical_128,aten::new_empty,"[[1, 1, 173, 1], [], [], [], [], []]",10,2.0,0.004793000000022403,0.0009586000000044806,0.0011247862982354559
technical_128,aten::as_strided,"[[1, 32, 173], [], [], []]",20,4.0,0.0047120000000829805,0.0009424000000165961,0.0011057778087531882
technical_128,aten::copy_,"[[1, 256], [1, 256], []]",5,1.0,0.0047079999999841676,0.0009415999999968335,0.001104839117890667
technical_128,aten::to,"[[1, 1, 173], [], [], [], []]",10,2.0,0.00470500000001789,0.0009410000000035781,0.0011041350997690812
technical_128,aten::as_strided,"[[1, 3, 1], [], [], []]",10,2.0,0.004541999999957625,0.000908399999991525,0.0010658834480521383
technical_128,aten::dropout,"[[1, 173, 3072], [], []]",10,2.0,0.004539999999906286,0.0009079999999812571,0.001065414102620424
technical_128,aten::resolve_conj,"[[173, 1152]]",110,22.0,0.004375999999812848,0.0008751999999625697,0.0010269277781858631
technical_128,aten::expand,"[[1, 1, 1, 173], [], []]",10,2.0,0.004289000000135275,0.000857800000027055,0.0010065112525060455
technical_128,aten::_softmax,"[[1, 2], [], []]",5,1.0,0.004206000000049243,0.0008412000000098486,0.0009870334175697065
technical_128,aten::to,"[[1, 3], [], [], [], [], [], [], []]",20,4.0,0.0041239999998772415,0.0008247999999754483,0.0009677902553230257
technical_128,aten::as_strided,"[[3072, 768], [], [], []]",10,2.0,0.0040829999999550635,0.0008165999999910127,0.0009581686742381299
technical_128,aten::linear,"[[1, 772], [256, 772], [256]]",5,1.0,0.003959000000089872,0.0007918000000179745,0.0009290692582504577
technical_128,aten::select,"[[1, 173, 768], [], []]",5,1.0,0.003915999999982887,0.0007831999999965775,0.0009189783317025263
technical_128,aten::to,"[[1, 173, 64], [], [], [], []]",20,4.0,0.0038739999999354495,0.0007747999999870899,0.0009091220778784027
technical_128,aten::view,"[[1, 1, 1, 173], []]",15,3.0,0.003835999999921796,0.0007671999999843592,0.0009002045149015395
technical_128,aten::as_strided,"[[2304], [], [], []]",30,6.0,0.0037919999999139692,0.0007583999999827938,0.0008898789156670449
technical_128,aten::select,"[[1, 32, 1], [], []]",10,2.0,0.0036690000000075998,0.00073380000000152,0.0008610141723795423
technical_128,aten::view,"[[3], []]",10,2.0,0.0036670000000158325,0.0007334000000031665,0.000860544826961808
technical_128,aten::to,"[[1], [], [], [], []]",10,2.0,0.003417999999903259,0.0006835999999806518,0.0008021113221869404
technical_128,aten::reshape,"[[1, 32, 1], []]",10,2.0,0.0033759999999083447,0.0006751999999816689,0.0007922550683751425
technical_128,aten::as_strided,"[[], [], [], []]",15,3.0,0.00337399999996569,0.000674799999993138,0.0007917857229689336
technical_128,aten::empty_like,"[[1, 3], [], [], [], [], []]",5,1.0,0.0032920000000449365,0.0006584000000089873,0.0007725425607812138
technical_128,aten::select,"[[1, 1, 173], [], []]",10,2.0,0.0032510000000181664,0.0006502000000036332,0.0007629209796717731
technical_128,aten::view,"[[1, 1, 173], []]",10,2.0,0.003247999999968215,0.0006495999999936431,0.0007622169615305516
technical_128,aten::linear,"[[1, 256], [2, 256], [2]]",5,1.0,0.0032119999999704303,0.0006423999999940861,0.0007537687439770787
technical_128,aten::copy_,"[[1, 2], [1, 2], []]",5,1.0,0.0031670000000158325,0.0006334000000031665,0.0007432084720452424
technical_128,aten::reshape,"[[1, 173], []]",5,1.0,0.003083000000039874,0.0006166000000079749,0.0007234959644249013
technical_128,aten::as_strided,"[[1, 768], [], [], []]",15,3.0,0.0030799999999144346,0.000615999999982887,0.0007227919462659646
technical_128,aten::t,"[[256, 772]]",5,1.0,0.0030419999999721768,0.0006083999999944354,0.0007138743833058562
technical_128,aten::t,"[[2, 256]]",5,1.0,0.0030389999999897556,0.0006077999999979511,0.000713170365180482
technical_128,aten::copy_,"[[3], [], []]",5,1.0,0.0030000000000848103,0.0006000000000169621,0.0007040181295192967
technical_128,aten::t,"[[1, 768]]",5,1.0,0.002959999999962747,0.0005919999999925494,0.0006946312210973266
technical_128,aten::transpose,"[[1, 768], [], []]",5,1.0,0.0029580000000569272,0.0005916000000113855,0.0006941618756997617
technical_128,aten::transpose,"[[256, 772], [], []]",5,1.0,0.002916999999957625,0.000583399999991525,0.0006845402945732999
technical_128,aten::copy_,"[[173], [], []]",5,1.0,0.0029149999999802958,0.0005829999999960591,0.0006840709491589539
technical_128,aten::_reshape_alias,"[[1, 1, 1, 173], [], []]",5,1.0,0.0028760000000158923,0.0005752000000031784,0.0006749187134838153
technical_128,aten::expand,"[[1, 1, 1, 1], [], []]",5,1.0,0.002834000000042124,0.0005668000000084248,0.0006650624596769797
technical_128,aten::select,"[[256000, 768], [], []]",5,1.0,0.002831999999969753,0.0005663999999939506,0.0006645931142403298
technical_128,aten::as_strided,"[[173, 1, 768], [], [], []]",10,2.0,0.002709999999933643,0.0005419999999867287,0.0006359630436322138
technical_128,aten::as_strided,"[[1, 1, 1, 1], [], [], []]",5,1.0,0.002666999999973541,0.0005333999999947082,0.0006258721171187521
technical_128,aten::as_strided,"[[173], [], [], []]",15,3.0,0.0026659999999986894,0.0005331999999997379,0.0006256374444148207
technical_128,aten::transpose,"[[2, 256], [], []]",5,1.0,0.0025840000000025612,0.0005168000000005123,0.0006063942822094124
technical_128,aten::reshape,"[[1, 1, 173], []]",10,2.0,0.002461000000104377,0.0004922000000208754,0.0005775295389238307
technical_128,aten::select,"[[1, 768], [], []]",5,1.0,0.002459000000017113,0.0004918000000034225,0.0005770601934836859
technical_128,aten::copy_,"[[3], [3], []]",5,1.0,0.002458000000071479,0.0004916000000142958,0.000576825520786611
technical_128,aten::view,"[[1, 173], []]",5,1.0,0.002457999999985418,0.0004915999999970836,0.0005768255207664149
technical_128,aten::log,[[1]],5,1.0,0.0024579999999841677,0.0004915999999968335,0.0005768255207661214
technical_128,aten::as_strided,"[[32], [], [], []]",10,2.0,0.002457999999981439,0.0004915999999962878,0.0005768255207654811
technical_128,aten::as_strided,"[[1, 1, 1], [], [], []]",10,2.0,0.00241699999998923,0.00048339999999784595,0.000567203939664151
technical_128,aten::to,"[[1, 32, 1], [], [], [], [], []]",10,2.0,0.0022509999999988394,0.00045019999999976786,0.0005282482698341063
technical_128,aten::as_strided,"[[1, 2], [], [], []]",15,3.0,0.002249999999956344,0.00044999999999126885,0.0005280135971143007
technical_128,aten::to,"[[1, 1, 173, 173], [], [], [], [], [], [], []]",10,2.0,0.002208000000043512,0.0004416000000087024,0.0005181573433217651
technical_128,aten::detach_,[[173]],5,1.0,0.0021649999999618784,0.0004329999999923757,0.0005080664167797833
technical_128,aten::resolve_conj,"[[173, 3072]]",20,4.0,0.0021260000000183936,0.00042520000000367873,0.0004989141811095537
technical_128,aten::to,"[[1, 173], [], [], [], [], [], [], []]",10,2.0,0.0020430000001215374,0.0004086000000243075,0.0004794363462176089
technical_128,aten::__and__,"[[1, 1, 173, 173], [1, 1, 1, 173]]",5,1.0,0.0020420000000619895,0.0004084000000123979,0.00047920167349380143
technical_128,aten::fill_,"[[3], []]",5,1.0,0.00204199999991647,0.000408399999983294,0.00047920167345965204
technical_128,aten::expand,"[[1], [], []]",5,1.0,0.001998000000108732,0.00039960000002174634,0.00046887607427211283
technical_128,aten::__and__,"[[1, 1, 173, 173], [1, 1, 173, 1]]",5,1.0,0.001959999999948195,0.000391999999989639,0.00045995851126078024
technical_128,aten::to,"[[173], [], [], [], [], []]",5,1.0,0.0019590000000013104,0.0003918000000002621,0.0004597238385634119
technical_128,aten::as_strided,"[[3, 768], [], [], []]",5,1.0,0.0019579999999841677,0.00039159999999683357,0.00045948916584955576
technical_128,aten::detach_,[[1]],10,2.0,0.0019179999999561232,0.00038359999999122463,0.00045010225744964924
technical_128,aten::as_strided,"[[1, 1, 1, 173], [], [], []]",10,2.0,0.001876999999920372,0.0003753999999840744,0.00044048067633810096
technical_128,aten::expand,"[[256], [], []]",5,1.0,0.0018339999999880093,0.0003667999999976019,0.000430389749831149
technical_128,aten::view,"[[3, 768], []]",5,1.0,0.0018330000000569271,0.00036660000001138544,0.000430155077137489
technical_128,aten::expand,"[[2], [], []]",5,1.0,0.0017899999999644934,0.00035799999999289867,0.00042006415059297266
technical_128,aten::select,"[[173, 768], [], []]",5,1.0,0.0017070000000874188,0.00034140000001748374,0.00040058631570567
technical_128,aten::softmax,"[[1, 2], [], []]",5,1.0,0.0015849999999190915,0.0003169999999838183,0.0003719562450665261
technical_128,aten::resolve_conj,"[[3, 768]]",10,2.0,0.0015799999999871943,0.0003159999999974389,0.00037078288153334236
technical_128,aten::as_strided,"[[256, 772], [], [], []]",5,1.0,0.0015410000000410946,0.0003082000000082189,0.00036163064586249916
technical_128,aten::view,"[[3, 1], []]",5,1.0,0.0015409999998955756,0.00030819999997911513,0.00036163064582834983
technical_128,aten::as_strided,"[[3072], [], [], []]",10,2.0,0.0015000000000582078,0.00030000000001164154,0.0003520090647633567
technical_128,aten::as_strided,"[[1, 32], [], [], []]",10,2.0,0.0014599999999918508,0.00029199999999837017,0.0003426221563544594
technical_128,aten::as_strided,"[[2, 256], [], [], []]",5,1.0,0.0014169999999721768,0.0002833999999944354,0.0003325312298270177
technical_128,aten::lift_fresh,[[173]],5,1.0,0.0013739999999987731,0.0002747999999997546,0.00032244030331043456
technical_128,aten::detach,"[[1, 2]]",5,1.0,0.001293999999994412,0.0002587999999988824,0.0003036664865227606
technical_128,aten::as_strided,"[[1, 1], [], [], []]",10,2.0,0.0012920000000158326,0.0002584000000031665,0.0003031971411081211
technical_128,aten::to,"[[1, 2], [], [], [], [], [], [], []]",10,2.0,0.0011660000000847503,0.00023320000001695007,0.00027362837968531974
technical_128,aten::as_strided,"[[173, 768], [], [], []]",5,1.0,0.0010839999999708424,0.0002167999999941685,0.0002543852174522719
technical_128,aten::detach_,[[3]],5,1.0,0.0010429999999481653,0.00020859999998963305,0.0002447636363437918
technical_128,aten::to,"[[1, 2], [], [], [], []]",5,1.0,0.0009999999999272405,0.0001999999999854481,0.00023467270981605666
technical_128,aten::to,"[[1, 768], [], [], [], []]",5,1.0,0.0009589999999298016,0.00019179999998596031,0.00022505112871349932
technical_128,aten::to,"[[1, 1, 1, 173], [], [], [], [], [], [], []]",5,1.0,0.0009580000000146356,0.00019160000000292712,0.00022481645602357442
technical_128,aten::to,"[[1, 1, 173, 1], [], [], [], [], [], [], []]",5,1.0,0.0009170000000435721,0.00018340000000871442,0.00021519487492720663
technical_128,aten::to,"[[1, 772], [], [], [], []]",5,1.0,0.0009169999999576248,0.00018339999999152497,0.00021519487490703713
technical_128,aten::fill_,"[[], []]",10,2.0,0.0008769999999933589,0.00017539999999867178,0.0002058079665220977
technical_128,aten::as_strided,"[[256000, 768], [], [], []]",5,1.0,0.0007919999999999164,0.00015839999999998328,0.0001858607861878204
technical_128,aten::to,"[[1], [], [], [], [], [], [], []]",5,1.0,0.0007899999999816601,0.00015799999999633203,0.00018539144076386987
technical_128,aten::resolve_conj,"[[1, 32, 1]]",10,2.0,0.0007510000000158925,0.0001502000000031785,0.00017623920508841117
technical_128,aten::resolve_neg,"[[1, 3]]",5,1.0,0.0007490000000398141,0.00014980000000796282,0.00017576985967435865
technical_128,aten::as_strided,"[[2], [], [], []]",5,1.0,0.0007090000000607688,0.00014180000001215375,0.0001663829512859509
technical_128,aten::as_strided,"[[256], [], [], []]",5,1.0,0.0006239999999961583,0.00012479999999923168,0.00014643577093497243
technical_128,aten::zero_,"[[1, 3]]",10,2.0,0.0006239999999564816,0.00012479999999129632,0.00014643577092566138
technical_128,aten::to,"[[1], [], [], [], [], []]",10,2.0,0.000542999999915196,0.00010859999998303919,0.00012742728141948914
technical_128,aten::resolve_conj,"[[1, 256]]",10,2.0,0.0005000000000436557,0.00010000000000873115,0.00011733635492681049
technical_128,aten::lift_fresh,[[]],10,2.0,0.00045800000010058286,9.160000002011658e-05,0.0001074801011271782
technical_128,aten::resolve_conj,"[[1, 2]]",10,2.0,0.000419999999954598,8.39999999909196e-05,9.856253811926056e-05
technical_128,aten::to,"[[3], [], [], [], [], []]",5,1.0,0.0004160000000860009,8.320000001720018e-05,9.76238473107647e-05
technical_128,aten::to,"[[1, 3, 768], [], [], [], []]",5,1.0,0.00037499999995634423,7.499999999126885e-05,8.800226617717943e-05
technical_128,aten::resolve_conj,"[[1, 1, 173]]",10,2.0,0.00033400000002916383,6.680000000583276e-05,7.838068509110982e-05
technical_128,aten::resolve_conj,"[[3, 1]]",5,1.0,0.0003339999999880092,6.679999999760184e-05,7.838068508145195e-05
technical_128,aten::resolve_conj,"[[32, 1]]",10,2.0,0.00033200000006900155,6.640000001380031e-05,7.791133968079238e-05
technical_128,aten::resolve_conj,"[[32, 173]]",10,2.0,0.0003320000000214804,6.640000000429608e-05,7.791133966964048e-05
technical_128,aten::lift_fresh,[[1]],10,2.0,0.0003310000000359423,6.620000000718846e-05,7.767666696320116e-05
technical_128,aten::resolve_conj,"[[1, 173]]",10,2.0,0.000291999999956488,5.8399999991297594e-05,6.852443126106326e-05
technical_128,aten::resolve_neg,"[[1, 2]]",5,1.0,0.0002090000000462169,4.180000000924338e-05,4.904659636597029e-05
technical_128,aten::lift_fresh,[[3]],5,1.0,0.00016799999991656023,3.3599999983312045e-05,3.942501523238503e-05
technical_128,aten::resolve_conj,"[[768, 1]]",5,1.0,0.00016700000005948824,3.340000001189765e-05,3.91903425560932e-05
technical_128,aten::resolve_conj,"[[1, 3]]",5,1.0,0.00016700000000128057,3.3400000000256114e-05,3.9190342542433446e-05
technical_128,aten::resolve_conj,"[[1, 772]]",5,1.0,0.00012500000002910384,2.5000000005820768e-05,2.9334088735971293e-05
other_128,aten::mm,"[[173, 768], [768, 2304]]",220,44.0,185.2205789999992,37.04411579999984,40.45544577512552
other_128,aten::mm,"[[173, 1152], [1152, 768]]",110,22.0,50.516109999999614,10.103221999999922,11.03361062744151
other_128,aten::mm,"[[173, 768], [768, 768]]",110,22.0,30.90692800000053,6.181385600000106,6.750618945963537
other_128,aten::_scaled_dot_product_flash_attention_for_cpu,"[[1, 12, 173, 64], [1, 12, 173, 64], [1, 12, 173, 64], [], [], [1, 1, 173, 173], []]",70,14.0,28.474039999999086,5.694807999999817,6.219233237677784
other_128,aten::mul,"[[1, 12, 173, 64], [1, 1, 173, 64]]",440,88.0,16.389880000000215,3.277976000000043,3.579839266136978
other_128,aten::addmm,"[[768], [173, 3072], [3072, 768], [], []]",10,2.0,14.671258999999875,2.934251799999975,3.204462085864227
other_128,aten::gelu,"[[1, 173, 1152], []]",110,22.0,14.365716000000019,2.873143200000004,3.1377260982369366
other_128,aten::_scaled_dot_product_flash_attention_for_cpu,"[[1, 12, 173, 64], [1, 12, 173, 64], [1, 12, 173, 64], [], [], [], []]",40,8.0,13.788332999999952,2.7576665999999905,3.0116154534365998
other_128,aten::addmm,"[[3072], [173, 768], [768, 3072], [], []]",10,2.0,12.454931999999811,2.4909863999999624,2.720377124827314
other_128,aten::addmm,"[[768], [173, 768], [768, 768], [], []]",40,8.0,12.043399999999512,2.4086799999999022,2.630491267647583
other_128,aten::cat,"[[], []]",240,48.0,11.324817999999402,2.2649635999998803,2.473540267424298
other_128,aten::native_layer_norm,"[[1, 173, 768], [], [768], [], []]",225,45.0,11.070041000000058,2.214008200000012,2.41789247081406
other_128,aten::add,"[[1, 173, 768], [1, 173, 768], []]",240,48.0,8.581764999999555,1.716352999999911,1.874409045078914
other_128,aten::add,"[[1, 12, 173, 64], [1, 12, 173, 64], []]",220,44.0,6.647058000000119,1.3294116000000238,1.45183486594716
other_128,aten::neg,"[[1, 12, 173, 32]]",220,44.0,5.8934600000001085,1.1786920000000216,1.287235752879688
other_128,aten::mul,"[[1, 173, 1152], [1, 173, 1152]]",110,22.0,5.350793000000095,1.0701586000000192,1.1687076956250417
other_128,aten::_scaled_dot_product_flash_attention_for_cpu,"[[1, 12, 173, 64], [1, 12, 173, 64], [1, 12, 173, 64], [], [], [1, 1, 1, 173], []]",10,2.0,4.282149000000093,0.8564298000000186,0.9352969718905397
other_128,aten::where,"[[1, 1, 173, 173], [], []]",140,28.0,1.546670000000021,0.3093340000000042,0.3378200449152819
other_128,aten::copy_,"[[173, 768], [173, 768], []]",50,10.0,1.4061699999999837,0.28123399999999676,0.3071323634379085
other_128,aten::slice,"[[1, 12, 173, 64], [], [], [], []]",880,176.0,1.2847269999993132,0.25694539999986266,0.2806070673405687
other_128,aten::native_layer_norm,"[[1, 173, 768], [], [768], [768], []]",20,4.0,1.0532680000002002,0.21065360000004002,0.23005233376731424
other_128,aten::empty,"[[], [], [], [], [], []]",1285,257.0,0.9209399999999032,0.18418799999998064,0.20114956142179197
other_128,aten::as_strided,"[[1, 12, 173, 64], [], [], []]",1480,296.0,0.7697930000003889,0.15395860000007777,0.16813638709976755
other_128,aten::clamp_min,"[[1, 173, 3072], []]",10,2.0,0.7625669999999082,0.15251339999998165,0.1665581010757804
other_128,aten::addmm,"[[768], [3, 768], [768, 768], [], []]",5,1.0,0.6748579999999638,0.13497159999999275,0.1474009063804315
other_128,aten::copy_,"[[173, 3072], [173, 3072], []]",10,2.0,0.6061510000000854,0.12123020000001708,0.13239408409387204
other_128,aten::scaled_dot_product_attention,"[[1, 12, 173, 64], [1, 12, 173, 64], [1, 12, 173, 64], [1, 1, 173, 173], [], [], [], []]",70,14.0,0.5944820000002828,0.11889640000005657,0.12984536839883068
other_128,aten::matmul,"[[1, 173, 768], [768, 2304]]",220,44.0,0.5654380000007903,0.11308760000015805,0.12350164583076648
other_128,aten::transpose,"[[1, 173, 12, 64], [], []]",450,90.0,0.5013589999993805,0.1002717999998761,0.10950566048250067
other_128,aten::layer_norm,"[[1, 173, 768], [], [768], [], [], []]",225,45.0,0.49778000000007183,0.09955600000001437,0.10872394367121044
other_128,aten::select,"[[1, 173, 3, 12, 64], [], []]",330,66.0,0.44917900000008065,0.08983580000001613,0.0981086268919851
other_128,aten::split,"[[1, 173, 2304], [], []]",110,22.0,0.448611000000421,0.0897222000000842,0.09798456566017942
other_128,aten::unbind,"[[1, 173, 3, 12, 64], []]",110,22.0,0.4459530000000622,0.08919060000001244,0.09740401151514137
other_128,aten::transpose,"[[1, 12, 173, 64], [], []]",590,118.0,0.41246700000037567,0.08249340000007513,0.09009007769349416
other_128,aten::narrow,"[[1, 12, 173, 64], [], [], []]",440,88.0,0.40383800000075043,0.08076760000015008,0.08820535169024375
other_128,aten::unsqueeze,"[[1, 173, 64], []]",220,44.0,0.34416199999978064,0.06883239999995613,0.07517105930680594
other_128,aten::index_select,"[[256000, 768], [], [173]]",5,1.0,0.31953799999997645,0.06390759999999529,0.06979274280365556
other_128,aten::cos,"[[1, 173, 64]]",10,2.0,0.3158650000000432,0.06317300000000864,0.06899049473202343
other_128,aten::chunk,"[[1, 173, 2304], [], []]",110,22.0,0.3058729999998832,0.06117459999997664,0.0668080654556765
other_128,aten::narrow,"[[1, 173, 2304], [], [], []]",220,44.0,0.29432599999992637,0.058865199999985275,0.06428599671533619
other_128,aten::matmul,"[[1, 173, 1152], [1152, 768]]",110,22.0,0.29278299999998125,0.05855659999999625,0.06394897826325158
other_128,aten::t,"[[2304, 768]]",220,44.0,0.2926589999998586,0.058531799999971726,0.06392189447316649
other_128,aten::expand,"[[1, 1, 173, 173], [], []]",75,15.0,0.28061599999988934,0.05612319999997787,0.061291490572590215
other_128,aten::to,"[[1, 12, 173, 64], [], [], [], []]",660,132.0,0.2800810000001142,0.056016200000022845,0.0611746371235974
other_128,aten::matmul,"[[1, 173, 768], [768, 768]]",110,22.0,0.2666549999997023,0.05333099999994047,0.05824216159670953
other_128,aten::slice,"[[1, 173, 2304], [], [], [], []]",220,44.0,0.26533299999956667,0.05306659999991333,0.05795341344783239
other_128,aten::empty_strided,"[[], [], [], [], [], []]",200,40.0,0.2455760000000246,0.049115200000004924,0.05363813570452808
other_128,aten::linear,"[[1, 173, 768], [2304, 768], []]",220,44.0,0.24437300000004372,0.04887460000000875,0.05337537925743424
other_128,aten::sin,"[[1, 173, 64]]",10,2.0,0.24078799999997386,0.04815759999999477,0.05259235194000722
other_128,aten::view,"[[173], []]",490,98.0,0.2156680000001261,0.04313360000002522,0.04710570027661403
other_128,aten::scaled_dot_product_attention,"[[1, 12, 173, 64], [1, 12, 173, 64], [1, 12, 173, 64], [], [], [], [], []]",40,8.0,0.21379499999998275,0.04275899999999655,0.04669660399610512
other_128,aten::transpose,"[[2304, 768], [], []]",220,44.0,0.21261099999949945,0.04252219999989989,0.04643799748447499
other_128,aten::t,"[[768, 1152]]",110,22.0,0.21086900000007966,0.04217380000001593,0.04605751391781477
other_128,aten::view,"[[1, 173, 768], []]",350,70.0,0.20495800000050218,0.04099160000010044,0.04476644711924008
other_128,aten::linear,"[[1, 173, 768], [768, 768], []]",110,22.0,0.20004900000010276,0.04000980000002055,0.04369423481757002
other_128,aten::addmm,"[[256], [1, 772], [772, 256], [], []]",5,1.0,0.19320300000013957,0.03864060000002791,0.04219894750516495
other_128,aten::scalar_tensor,"[[], [], [], [], []]",160,32.0,0.1890289999996721,0.03780579999993442,0.04128727218487409
other_128,aten::view,"[[1, 173, 2304], []]",110,22.0,0.18512300000038795,0.03702460000007759,0.04043413279819351
other_128,aten::as_strided,"[[1, 173, 3, 12, 64], [], [], []]",330,66.0,0.18329899999990315,0.03665979999998063,0.04003573898303626
other_128,aten::transpose,"[[768, 1152], [], []]",110,22.0,0.18307400000032337,0.03661480000006467,0.03998659500923191
other_128,aten::empty_like,"[[1, 12, 173, 64], [], [], [], [], []]",120,24.0,0.17154499999977818,0.03430899999995564,0.0374684577866748
other_128,aten::t,"[[768, 768]]",155,31.0,0.16774699999938503,0.03354939999987701,0.036638907507222145
other_128,aten::bitwise_and,"[[], [1, 1, 173, 173]]",10,2.0,0.15949700000004782,0.03189940000000956,0.0348369617978419
other_128,aten::linear,"[[1, 173, 1152], [768, 1152], []]",110,22.0,0.15320499999987622,0.030640999999975244,0.033462677870006695
other_128,aten::view,"[[1, 173, 12, 64], []]",110,22.0,0.1495409999998551,0.02990819999997102,0.03266239555731123
other_128,aten::as_strided,"[[1, 173, 12, 64], [], [], []]",450,90.0,0.14908700000022604,0.029817400000045208,0.03256323393895291
other_128,aten::add,"[[1, 173, 768], [1, 1, 768], []]",5,1.0,0.14770600000000558,0.029541200000001117,0.032261599148013374
other_128,aten::view,"[[1, 173, 1152], []]",110,22.0,0.14753399999985595,0.02950679999997119,0.032224031310157865
other_128,aten::_unsafe_view,"[[173, 2304], []]",220,44.0,0.1377529999997105,0.0275505999999421,0.030087688160445606
other_128,aten::as_strided,"[[2304, 768], [], [], []]",250,50.0,0.134717000000634,0.0269434000001268,0.029424572139542103
other_128,aten::as_strided,"[[1, 173, 2304], [], [], []]",220,44.0,0.13299600000029022,0.026599200000058044,0.02904867534357701
other_128,aten::reshape,"[[1, 173, 768], []]",330,66.0,0.12908299999951217,0.025816599999902434,0.02819400703293783
other_128,aten::_unsafe_view,"[[173, 768], []]",220,44.0,0.12466700000042646,0.024933400000085294,0.02722947463880268
other_128,aten::native_layer_norm,"[[1, 3, 768], [], [768], [768], []]",5,1.0,0.11849900000015623,0.023699800000031246,0.02588227450100424
other_128,aten::reshape,"[[1, 173, 12, 64], []]",110,22.0,0.11373399999998947,0.022746799999997895,0.024841514342678523
other_128,aten::transpose,"[[768, 768], [], []]",155,31.0,0.09529300000030118,0.019058600000060235,0.020813674242219263
other_128,aten::scaled_dot_product_attention,"[[1, 12, 173, 64], [1, 12, 173, 64], [1, 12, 173, 64], [1, 1, 1, 173], [], [], [], []]",10,2.0,0.09100500000019383,0.018201000000038766,0.019877099308566334
other_128,aten::bitwise_and,"[[1, 1, 173, 173], [1, 1, 173, 1]]",5,1.0,0.09037200000003213,0.018074400000006426,0.01973884092863655
other_128,aten::reshape,"[[1, 173, 1152], []]",110,22.0,0.08850599999997576,0.01770119999999515,0.019331273571778947
other_128,aten::linear,"[[173, 1, 768], [768, 768], [768]]",30,6.0,0.08662800000006973,0.017325600000013947,0.018921085203013055
other_128,aten::transpose,"[[1, 173, 12], [], []]",120,24.0,0.0848330000001183,0.01696660000002366,0.01852902550016338
other_128,aten::as_strided,"[[768, 1152], [], [], []]",110,22.0,0.08225699999979681,0.016451399999959364,0.01796638160339783
other_128,aten::le,"[[1, 1, 173, 173], []]",5,1.0,0.08162300000000937,0.016324600000001875,0.017827904805888035
other_128,aten::view,"[[173, 768], []]",55,11.0,0.07515699999996152,0.015031399999992303,0.016415616204933498
other_128,aten::eq,"[[1, 1, 1, 173], []]",10,2.0,0.07416699999994308,0.014833399999988617,0.016199382719786472
other_128,aten::bmm,"[[1, 32, 1], [1, 1, 173]]",10,2.0,0.06915699999979256,0.013831399999958513,0.015105110234332959
other_128,aten::linear,"[[1, 173, 3072], [768, 3072], [768]]",10,2.0,0.0687069999997475,0.0137413999999495,0.015006822286530842
other_128,aten::mul,"[[1, 173, 64], []]",20,4.0,0.06833300000016584,0.013666600000033169,0.01492513408112375
other_128,aten::where,"[[1, 1, 1, 173], [], []]",20,4.0,0.06729399999999441,0.013458799999998883,0.014698198130517037
other_128,aten::as_strided,"[[1, 173, 64], [], [], []]",230,46.0,0.06328599999987955,0.01265719999997591,0.013822780142155438
other_128,aten::sub,"[[1, 1, 173, 1], [1, 1, 1, 173], []]",5,1.0,0.06312399999998024,0.012624799999996047,0.013787396480972214
other_128,aten::dropout,"[[1, 173, 1152], [], []]",110,22.0,0.06303799999980313,0.012607599999960625,0.013768612562022112
other_128,aten::resolve_conj,"[[173, 768]]",650,130.0,0.058488000000447994,0.0116976000000896,0.012774812201152204
other_128,aten::view,"[[1, 1, 173, 173], []]",70,14.0,0.0572410000001646,0.01144820000003292,0.012502445376874831
other_128,aten::as_strided,"[[768, 768], [], [], []]",155,31.0,0.05428399999997419,0.010856799999994839,0.01185658435100713
other_128,aten::linear,"[[1, 173, 768], [3072, 768], [3072]]",10,2.0,0.053580999999860074,0.010716199999972014,0.011703036734764496
other_128,aten::_to_copy,"[[], [], [], [], [], [], []]",35,7.0,0.05041699999999105,0.01008339999999821,0.011011963252982544
other_128,aten::arange,"[[], [], [], [0]]",25,5.0,0.05016799999994202,0.010033599999988405,0.010957577255193448
other_128,aten::permute,"[[173, 1, 12, 64], []]",30,6.0,0.048039000000033416,0.009607800000006684,0.010492566053325075
other_128,aten::view,"[[173, 1, 768], []]",60,12.0,0.04707900000009976,0.009415800000019953,0.010282885098049387
other_128,aten::index,"[[1, 173], []]",5,1.0,0.04249900000004004,0.008499800000008008,0.009282532207172765
other_128,aten::sum,"[[1, 3], [], [], []]",10,2.0,0.04208799999991607,0.008417599999983214,0.009192762548162075
other_128,aten::unflatten,"[[173, 1, 768], [], []]",30,6.0,0.04120499999994354,0.008240999999988707,0.008999899752833461
other_128,aten::matmul,"[[1, 32, 1], [1, 1, 173]]",10,2.0,0.04058699999985356,0.008117399999970711,0.008864917637845754
other_128,aten::transpose,"[[1, 173, 768], [], []]",30,6.0,0.040455999999932823,0.008091199999986564,0.008836304924172428
other_128,aten::layer_norm,"[[1, 173, 768], [], [768], [768], [], []]",20,4.0,0.04028600000008009,0.008057200000016019,0.008799173921705289
other_128,aten::copy_,"[[], [], []]",35,7.0,0.03920300000007342,0.007840600000014684,0.008562627594017094
other_128,aten::gather,"[[1, 173, 768], [], [1, 3, 768], []]",5,1.0,0.03874799999983224,0.007749599999966448,0.008463247557863342
other_128,aten::gelu,"[[1, 3, 768], []]",5,1.0,0.03862400000002526,0.007724800000005053,0.008436163767847185
other_128,aten::abs,"[[1, 1, 173, 173], [0]]",5,1.0,0.037790999999953785,0.007558199999990757,0.008254221855584987
other_128,aten::relu,"[[1, 173, 3072]]",10,2.0,0.03637299999996321,0.007274599999992642,0.007944505611210507
other_128,aten::as_strided,"[[1, 173, 12], [], [], []]",120,24.0,0.03521000000004506,0.0070420000000090115,0.007690485870600798
other_128,aten::split,"[[2304, 768], [], []]",10,2.0,0.03512400000001071,0.007024800000002142,0.007671701951681884
other_128,aten::all,"[[1, 173]]",10,2.0,0.03487700000005248,0.006975400000010496,0.007617752789236136
other_128,aten::index_select,"[[3, 768], [], [1]]",5,1.0,0.03474600000002829,0.006949200000005658,0.007589140075540214
other_128,aten::expand,"[[768], [], []]",55,11.0,0.034334000000235385,0.006866800000047077,0.007499151998940079
other_128,aten::_to_copy,"[[1, 173], [], [], [], [], [], []]",15,3.0,0.03395700000005036,0.006791400000010071,0.007416808540415916
other_128,aten::unsqueeze,"[[1, 173], []]",30,6.0,0.0337529999998501,0.0067505999999700195,0.0073722513373730095
other_128,aten::masked_fill_,"[[1, 173], [1, 173], []]",10,2.0,0.0337100000000064,0.00674200000000128,0.0073628593779514456
other_128,aten::view,"[[173, 3072], []]",10,2.0,0.03354200000000128,0.006708400000000256,0.0073261652107745445
other_128,aten::as_strided,"[[173, 1, 12, 64], [], [], []]",30,6.0,0.03312600000009115,0.006625200000018231,0.0072353034635017615
other_128,aten::to,"[[], [], [], [], []]",115,23.0,0.030584999999455933,0.006116999999891187,0.0066803041848293165
other_128,aten::clamp,"[[1, 3], [], []]",5,1.0,0.030415999999982887,0.006083199999996578,0.006643391600106871
other_128,aten::copy_,"[[1, 173], [1, 173], []]",15,3.0,0.029747999999919558,0.0059495999999839115,0.0064974886020369525
other_128,aten::unsqueeze,"[[1, 1, 173], []]",20,4.0,0.027791000000171834,0.005558200000034367,0.006070045238026548
other_128,aten::transpose,"[[768, 3072], [], []]",10,2.0,0.026375000000072757,0.005275000000014551,0.005760765828951889
other_128,aten::embedding,"[[256000, 768], [1, 173], [], [], []]",5,1.0,0.02566500000000826,0.005133000000001652,0.005605689289087772
other_128,aten::linear,"[[1, 173, 768], [768, 768], [768]]",10,2.0,0.025584000000104426,0.0051168000000208855,0.005587997458506166
other_128,aten::zeros_like,"[[1, 173], [], [], [], [], []]",10,2.0,0.024754000000088126,0.004950800000017625,0.005406710799241303
other_128,aten::narrow,"[[2304, 768], [], [], []]",30,6.0,0.023046000000060303,0.004609200000012061,0.0050336534329481104
other_128,aten::arange,"[[], [], [], [], []]",25,5.0,0.022584999999974344,0.004516999999994869,0.004932962890857695
other_128,aten::addmm,"[[1], [3, 768], [768, 1], [], []]",5,1.0,0.02037299999994866,0.0040745999999897324,0.004449823023037624
other_128,aten::bitwise_not,"[[1, 173]]",5,1.0,0.01995800000001327,0.003991600000002654,0.004359179693421084
other_128,aten::topk,"[[1, 3], [], [], [], []]",5,1.0,0.019498000000050524,0.003899600000010105,0.004258707569019342
other_128,aten::slice,"[[2304, 768], [], [], [], []]",30,6.0,0.019448999999891387,0.0038897999999782775,0.004248005103558313
other_128,aten::permute,"[[1, 12, 173, 64], []]",10,2.0,0.019084000000017115,0.003816800000003423,0.004168282657043153
other_128,aten::expand,"[[1, 32, 1], [], []]",20,4.0,0.01874399999992738,0.003748799999985476,0.004094020652024948
other_128,aten::select,"[[1, 2], [], []]",15,3.0,0.01858099999994738,0.0037161999999894757,0.004058418573162337
other_128,aten::resolve_conj,"[[173, 2304]]",220,44.0,0.01857000000032235,0.00371400000006447,0.00405601597896487
other_128,aten::stack,"[[], []]",5,1.0,0.018334000000133528,0.0036668000000267056,0.004004469410748126
other_128,aten::copy_,"[[3, 768], [3, 768], []]",5,1.0,0.01816799999997602,0.0036335999999952038,0.003968212078861461
other_128,aten::sum,"[[1, 173], []]",5,1.0,0.018039999999979045,0.003607999999995809,0.003940254618156765
other_128,aten::bitwise_and,"[[1, 1, 173, 173], [1, 1, 1, 173]]",5,1.0,0.017289999999981775,0.003457999999996355,0.0037764413718369065
other_128,aten::bitwise_not,"[[1, 3]]",5,1.0,0.017166000000055647,0.0034332000000111295,0.003749357581794726
other_128,aten::t,"[[768, 3072]]",10,2.0,0.017083000000027822,0.0034166000000055647,0.0037312289158625183
other_128,aten::zeros,"[[], [], [], [], []]",15,3.0,0.01704199999979244,0.003408399999958488,0.0037222737916789215
other_128,aten::slice,"[[1, 173], [], [], [], []]",5,1.0,0.01645699999993667,0.0032913999999873342,0.0035944994595804697
other_128,aten::unsqueeze,"[[1], []]",30,6.0,0.015748999999776744,0.0031497999999553486,0.003439859755019029
other_128,aten::new_ones,"[[1, 1, 173, 1], [], [], [], [], []]",10,2.0,0.015623999999997295,0.003124799999999459,0.003412557547347126
other_128,aten::unsqueeze,"[[1, 3], []]",5,1.0,0.01525,0.0030499999999999998,0.00333086934184925
other_128,aten::add,"[[173], [], []]",10,2.0,0.015081999999924846,0.0030163999999849693,0.0032941751746570535
other_128,aten::squeeze,"[[1, 3, 1], []]",5,1.0,0.01499900000001071,0.002999800000002142,0.0032760465087496773
other_128,aten::linear,"[[1, 3, 768], [768, 768], [768]]",5,1.0,0.014751999999920372,0.0029503999999840745,0.0032220973462750756
other_128,aten::flatten,"[[173, 1, 12, 64], [], []]",10,2.0,0.014584000000060769,0.0029168000000121537,0.003185403179129959
other_128,aten::slice,"[[2304], [], [], [], []]",30,6.0,0.014537999999913155,0.002907599999982631,0.003175355966656729
other_128,aten::full,"[[], [], [], [], [], []]",5,1.0,0.014456999999956224,0.0028913999999912446,0.0031576641360635273
other_128,aten::masked_fill,"[[1, 3], [1, 3], []]",5,1.0,0.0142099999999773,0.00284199999999546,0.003103714973613261
other_128,aten::split,"[[2304], [], []]",10,2.0,0.014082000000067638,0.0028164000000135275,0.0030757575129276345
other_128,aten::view,"[[1, 173, 3072], []]",10,2.0,0.013956999999965775,0.002791399999993155,0.00304845530518531
other_128,aten::unsqueeze,"[[1, 768], []]",5,1.0,0.013585000000064611,0.002717000000012922,0.0029672039350319523
other_128,aten::as_strided,"[[768, 3072], [], [], []]",10,2.0,0.01333299999994051,0.0026665999999881023,0.0029121626842411735
other_128,aten::transpose,"[[1, 32, 173], [], []]",10,2.0,0.013123999999946592,0.0026247999999893185,0.0028665133929345345
other_128,aten::_to_copy,"[[1, 1, 173], [], [], [], [], [], []]",10,2.0,0.01308199999996691,0.002616399999993382,0.0028573398511450277
other_128,aten::transpose,"[[173, 1, 768], [], []]",10,2.0,0.013080999999947381,0.0026161999999894762,0.002857121433479001
other_128,aten::expand,"[[1, 3, 1], [], []]",5,1.0,0.012915999999953784,0.002583199999990757,0.0028210825192898996
other_128,aten::layer_norm,"[[1, 3, 768], [], [768], [768], [], []]",5,1.0,0.012915999999953784,0.002583199999990757,0.0028210825192898996
other_128,aten::embedding,"[[3, 768], [1], [], [], []]",5,1.0,0.012541999999986729,0.002508399999997346,0.0027393943137986286
other_128,aten::reshape,"[[1, 1, 1, 173], []]",10,2.0,0.012417999999930998,0.0024835999999861997,0.0027123105237281406
other_128,aten::ge,"[[1, 1, 173, 1], []]",5,1.0,0.012332000000008066,0.002466400000001613,0.0026935266048335616
other_128,aten::as_strided,"[[1, 173, 768], [], [], []]",35,7.0,0.01216600000001199,0.002433200000002398,0.0026572692729821584
other_128,aten::unsqueeze,"[[173], []]",15,3.0,0.012085999999918953,0.0024171999999837907,0.002639795860020989
other_128,aten::log,"[[1, 3]]",5,1.0,0.011874999999970897,0.0023749999999941795,0.002593709733400846
other_128,aten::empty_like,"[[1, 173], [], [], [], [], []]",10,2.0,0.011872999999992317,0.002374599999998463,0.0025932728980820035
other_128,aten::to,"[[1, 3], [], [], [], []]",20,4.0,0.011833000000071479,0.002366600000014296,0.002584536191628869
other_128,aten::dropout,"[[1, 173, 768], [], []]",25,5.0,0.011666999999857127,0.0023333999999714254,0.0025482788597297906
other_128,aten::as_strided,"[[1, 1, 173, 173], [], [], []]",75,15.0,0.011624000000127126,0.002324800000025425,0.002538886900333057
other_128,aten::_to_copy,"[[1, 3], [], [], [], [], [], []]",5,1.0,0.01154000000000815,0.00230800000000163,0.0025205398167191793
other_128,aten::mul,"[[1, 3], [1, 3]]",5,1.0,0.011499000000039814,0.0022998000000079627,0.002511584692593911
other_128,aten::copy_,"[[1, 3], [1, 3], []]",10,2.0,0.011459999999889987,0.0022919999999779974,0.0025030664037525223
other_128,aten::unsqueeze,"[[32], []]",10,2.0,0.011249999999987948,0.00224999999999759,0.002457198694804192
other_128,aten::select,"[[1, 173], [], []]",10,2.0,0.01120700000005445,0.00224140000001089,0.0024478067353630104
other_128,aten::addmm,"[[2], [1, 256], [256, 2], [], []]",5,1.0,0.011167000000030385,0.002233400000006077,0.00243907002888733
other_128,aten::_softmax,"[[1, 3], [], []]",5,1.0,0.011165999999895575,0.002233199999979115,0.0024388516111961247
other_128,aten::copy_,"[[1, 1, 173], [1, 1, 173], []]",10,2.0,0.010792000000060625,0.002158400000012125,0.0023571634057337077
other_128,aten::resize_,"[[0], [], []]",25,5.0,0.010579999999935353,0.0021159999999870705,0.0023108588614130974
other_128,aten::item,[[]],15,3.0,0.010412999999985458,0.0020825999999970917,0.00227438311191002
other_128,aten::copy_,"[[173], [173], []]",5,1.0,0.010124999999984197,0.0020249999999968392,0.0022114788253226898
other_128,aten::narrow,"[[1, 173, 64], [], [], []]",10,2.0,0.010082999999928462,0.0020165999999856923,0.0022023052835165704
other_128,aten::as_strided,"[[1, 173], [], [], []]",50,10.0,0.009957000000096626,0.001991400000019325,0.0021747846581714647
other_128,aten::sub,"[[1], [1], []]",5,1.0,0.009749999999985447,0.0019499999999970895,0.0021295722021627355
other_128,aten::fill_,"[[1, 173], []]",5,1.0,0.00958499999998935,0.00191699999999787,0.0020935332879730875
other_128,aten::gelu,"[[1, 256], []]",5,1.0,0.00958299999999872,0.0019165999999997438,0.002093096452651613
other_128,aten::abs,"[[1, 1, 173, 173]]",5,1.0,0.009501000000105704,0.001900200000021141,0.0020751862044106105
other_128,aten::view,"[[173, 1, 12, 64], []]",10,2.0,0.00937400000001071,0.0018748000000021422,0.0020474471613462653
other_128,aten::div,"[[1], [1]]",5,1.0,0.009291000000041095,0.0018582000000082189,0.0020293184954267712
other_128,aten::select,"[[3, 768], [], []]",5,1.0,0.008959999999977299,0.0017919999999954598,0.0019570222493700763
other_128,aten::to,"[[1, 173], [], [], [], []]",5,1.0,0.008916000000026543,0.0017832000000053087,0.0019474118722633653
other_128,aten::clamp_min,"[[1, 3], []]",5,1.0,0.00875,0.0017500000000000003,0.0019111545404053075
other_128,aten::clone,"[[1, 3], []]",5,1.0,0.008748000000196043,0.0017496000000392087,0.0019107177051246056
other_128,aten::as_strided,"[[768], [], [], []]",55,11.0,0.008666000000055648,0.0017332000000111296,0.0018928074568295707
other_128,aten::as_strided,"[[1], [], [], []]",45,9.0,0.008581000000209315,0.001716200000041863,0.0018742419556134825
other_128,aten::__and__,"[[], [1, 1, 173, 173]]",10,2.0,0.008457999999884806,0.0016915999999769613,0.0018473765831460496
other_128,aten::_local_scalar_dense,[[]],15,3.0,0.008167999999989434,0.0016335999999978867,0.0017840354612583265
other_128,aten::narrow,"[[2304], [], [], []]",30,6.0,0.008044000000081724,0.0016088000000163446,0.001756951671220169
other_128,aten::zero_,"[[1, 173]]",15,3.0,0.008040999999982886,0.0016081999999965773,0.0017562964182132996
other_128,aten::div,"[[1], []]",5,1.0,0.007999000000039815,0.001599800000007963,0.0017471228764317879
other_128,aten::view,"[[1, 32, 1], []]",10,2.0,0.007833000000013272,0.0015666000000026544,0.0017108655445737296
other_128,aten::clamp,"[[1], [], []]",5,1.0,0.007792000000117696,0.0015584000000235393,0.001701910420464353
other_128,aten::transpose,"[[3072, 768], [], []]",10,2.0,0.00779200000007404,0.001558400000014808,0.001701910420454818
other_128,aten::as_strided,"[[1, 768], [], [], []]",15,3.0,0.0077489999998942944,0.001549799999978859,0.0016925184609598524
other_128,aten::linear,"[[1, 3, 768], [1, 768], [1]]",5,1.0,0.007627000000065891,0.0015254000000131782,0.001665871506262538
other_128,aten::t,"[[3072, 768]]",10,2.0,0.007415000000022701,0.0014830000000045401,0.0016195669619598558
other_128,aten::unsqueeze,"[[1, 32], []]",10,2.0,0.007079999999916936,0.0014159999999833871,0.0015463970452469517
other_128,aten::neg,[[1]],5,1.0,0.006917000000001281,0.0013834000000002562,0.0015107949663983953
other_128,aten::as_strided,"[[1, 3], [], [], []]",15,3.0,0.006751000000077852,0.0013502000000155704,0.001474537634562859
other_128,aten::as_strided,"[[1, 32, 1], [], [], []]",30,6.0,0.006629000000169299,0.0013258000000338599,0.0014478906798480386
other_128,aten::unsqueeze,"[[1, 1], []]",10,2.0,0.00662599999998929,0.001325199999997858,0.0014472354268234397
other_128,aten::to,"[[1, 173], [], [], [], [], []]",10,2.0,0.006583000000044876,0.0013166000000089753,0.0014378434673798747
other_128,aten::masked_fill_,"[[1, 3], [1, 3], []]",5,1.0,0.006541999999986729,0.0013083999999973458,0.0014288883432349894
other_128,aten::fill_,"[[173], []]",5,1.0,0.0064170000000026445,0.001283400000000529,0.00140158613551839
other_128,aten::select,"[[1, 32, 173], [], []]",10,2.0,0.006210000000018453,0.0012420000000036907,0.0013563736795373972
other_128,aten::softmax,"[[1, 3], [], []]",5,1.0,0.0060840000000898726,0.0012168000000179744,0.00132885305417116
other_128,aten::view,"[[1, 3, 768], []]",10,2.0,0.006083000000086031,0.0012166000000172063,0.0013286346365085602
other_128,aten::detach,"[[1, 3]]",10,2.0,0.006041000000113854,0.0012082000000227708,0.0013194610947206919
other_128,aten::_to_copy,"[[1], [], [], [], [], [], []]",5,1.0,0.006004000000160886,0.001200800000032177,0.001311379641245822
other_128,aten::slice,"[[1, 173, 64], [], [], [], []]",10,2.0,0.005916000000141821,0.0011832000000283642,0.0012921588870067246
other_128,aten::select,"[[1, 3], [], []]",10,2.0,0.005915999999867836,0.0011831999999735673,0.0012921588869468815
other_128,aten::is_nonzero,[[]],10,2.0,0.00587599999999361,0.001175199999998722,0.0012834221805039284
other_128,aten::copy_,"[[1], [1], []]",5,1.0,0.005872999999905005,0.0011745999999810011,0.0012827669274992938
other_128,aten::fill_,"[[1, 1], []]",25,5.0,0.0057889999999183595,0.001157799999983672,0.0012644198439143196
other_128,aten::as_strided,"[[3072, 768], [], [], []]",10,2.0,0.005666999999957624,0.001133399999991525,0.0012377728891881019
other_128,aten::as_strided,"[[1, 1, 173], [], [], []]",40,8.0,0.005624999999855845,0.001124999999971169,0.0012285993473719259
other_128,aten::unsqueeze,"[[1, 1, 1], []]",10,2.0,0.005540999999823952,0.0011081999999647905,0.0012102522637770692
other_128,aten::copy_,"[[3, 1], [3, 1], []]",5,1.0,0.005459000000017113,0.0010918000000034226,0.0011923420155548889
other_128,aten::expand,"[[1, 1, 173], [], []]",10,2.0,0.005416999999985364,0.0010833999999970729,0.001183168473754009
other_128,aten::expand,"[[3072], [], []]",10,2.0,0.005415999999939232,0.0010831999999878464,0.0011829500560821722
other_128,aten::dropout,"[[1, 173, 3072], [], []]",10,2.0,0.005293000000048778,0.0010586000000097555,0.0011560846837095446
other_128,aten::_unsafe_view,"[[1, 32, 173], []]",10,2.0,0.005209999999991851,0.0010419999999983702,0.0011379560177709803
other_128,aten::new_empty,"[[1, 1, 173, 1], [], [], [], [], []]",10,2.0,0.005208000000001448,0.0010416000000002894,0.001137519182449555
other_128,aten::to,"[[1, 1, 173], [], [], [], []]",10,2.0,0.004960000000023683,0.0009920000000047367,0.0010833516023377814
other_128,aten::copy_,"[[1, 256], [1, 256], []]",5,1.0,0.004874999999956344,0.0009749999999912688,0.0010647861010734216
other_128,aten::as_strided,"[[1, 32, 173], [], [], []]",20,4.0,0.00487400000014054,0.000974800000028108,0.0010645676834518927
other_128,aten::resolve_conj,"[[173, 1152]]",110,22.0,0.004666000000019267,0.0009332000000038534,0.0010191368097791983
other_128,aten::_softmax,"[[1, 2], [], []]",5,1.0,0.004665999999982887,0.0009331999999965774,0.0010191368097712524
other_128,aten::to,"[[1, 3], [], [], [], [], [], [], []]",20,4.0,0.00462800000004313,0.000925600000008626,0.0010108369386375075
other_128,aten::expand,"[[1, 1, 1, 173], [], []]",10,2.0,0.004540999999866471,0.0009081999999732942,0.0009918346020257494
other_128,aten::as_strided,"[[1, 3, 1], [], [], []]",10,2.0,0.004375000000116415,0.000875000000023283,0.0009555772702280808
other_128,aten::transpose,"[[1, 768], [], []]",5,1.0,0.004209000000002561,0.0008418000000005123,0.0009193199383509523
other_128,aten::linear,"[[1, 772], [256, 772], [256]]",5,1.0,0.004166999999899417,0.0008333999999798834,0.0009101463965344785
other_128,aten::view,"[[1, 1, 1, 173], []]",15,3.0,0.004166000000041095,0.000833200000008219,0.0009099279789036626
other_128,aten::select,"[[1, 173, 768], [], []]",5,1.0,0.00408399999991525,0.00081679999998305,0.0008920177306118061
other_128,aten::to,"[[1, 173, 64], [], [], [], []]",20,4.0,0.004040999999964697,0.0008081999999929394,0.0008826257711669002
other_128,aten::as_strided,"[[2304], [], [], []]",30,6.0,0.003959000000002561,0.0007918000000005122,0.0008647155229108008
other_128,aten::detach_,[[173]],5,1.0,0.003834000000051219,0.0007668000000102439,0.0008374133152013527
other_128,aten::as_strided,"[[1, 1, 1, 1], [], [], []]",5,1.0,0.0037900000000081493,0.0007580000000016299,0.0008278029380744787
other_128,aten::reshape,"[[1, 32, 1], []]",10,2.0,0.0036659999999633327,0.0007331999999926665,0.0008007191480063748
other_128,aten::select,"[[1, 32, 1], [], []]",10,2.0,0.0036639999999511018,0.0007327999999902203,0.0008002823126801821
other_128,aten::reshape,"[[1, 173], []]",5,1.0,0.0036219999999777884,0.0007243999999955576,0.0007911087708920655
other_128,aten::empty_like,"[[1, 3], [], [], [], [], []]",5,1.0,0.0035829999999550635,0.0007165999999910127,0.0007825904820784384
other_128,aten::select,"[[1, 1, 173], [], []]",10,2.0,0.0035380000000477595,0.0007076000000095519,0.0007727616873194575
other_128,aten::expand,"[[1, 1, 1, 1], [], []]",5,1.0,0.003458999999960042,0.0006917999999920085,0.0007555066920212106
other_128,aten::view,"[[1, 1, 173], []]",10,2.0,0.0034570000000544495,0.0006914000000108899,0.0007550698567183096
other_128,aten::copy_,"[[3], [], []]",5,1.0,0.0033329999999815525,0.0006665999999963105,0.0007279860666440723
other_128,aten::to,"[[1], [], [], [], []]",10,2.0,0.003330999999845517,0.0006661999999691034,0.0007275492312908386
other_128,aten::as_strided,"[[], [], [], []]",15,3.0,0.0032490000000266264,0.0006498000000053252,0.0007096389830660264
other_128,aten::t,"[[256, 772]]",5,1.0,0.0032100000000209548,0.000642000000004191,0.0007011206942561239
other_128,aten::copy_,"[[173], [], []]",5,1.0,0.0031669999999999164,0.0006333999999999833,0.0006917287347958227
other_128,aten::linear,"[[1, 256], [2, 256], [2]]",5,1.0,0.003166000000142958,0.0006332000000285916,0.0006915103171653049
other_128,aten::copy_,"[[1, 2], [1, 2], []]",5,1.0,0.003124999999956344,0.0006249999999912688,0.0006825551929923603
other_128,aten::t,"[[2, 256]]",5,1.0,0.0031239999999961585,0.0006247999999992317,0.0006823367753392958
other_128,aten::t,"[[1, 768]]",5,1.0,0.003081999999994878,0.0006163999999989756,0.0006731632335450706
other_128,aten::_reshape_alias,"[[1, 1, 1, 173], [], []]",5,1.0,0.0030410000000556463,0.0006082000000111293,0.0006642081094261587
other_128,aten::view,"[[3], []]",10,2.0,0.0029989999999816062,0.0005997999999963212,0.0006550345676160415
other_128,aten::transpose,"[[256, 772], [], []]",5,1.0,0.0029569999998784622,0.0005913999999756925,0.0006458610257995676
other_128,aten::as_strided,"[[173, 1, 768], [], [], []]",10,2.0,0.002918000000034226,0.0005836000000068452,0.0006373427370249255
other_128,aten::as_strided,"[[32], [], [], []]",10,2.0,0.002875000000026603,0.0005750000000053206,0.0006279507775675543
other_128,aten::as_strided,"[[173], [], [], []]",15,3.0,0.002874000000025376,0.0005748000000050751,0.0006277323599055257
other_128,aten::select,"[[256000, 768], [], []]",5,1.0,0.0028330000000872813,0.0005666000000174563,0.0006187772357868622
other_128,aten::view,"[[1, 173], []]",5,1.0,0.0026680000000184234,0.0005336000000036847,0.0005827383215813223
other_128,aten::transpose,"[[2, 256], [], []]",5,1.0,0.002627999999909662,0.0005255999999819324,0.0005740016150871426
other_128,aten::log,[[1]],5,1.0,0.0025419999999721768,0.0005083999999944353,0.0005552176961893848
other_128,aten::copy_,"[[3], [3], []]",5,1.0,0.0025410000000239278,0.0005082000000047856,0.0005549992785389275
other_128,aten::as_strided,"[[1, 1, 1], [], [], []]",10,2.0,0.0025000000000873113,0.0005000000000174623,0.0005460441544205868
other_128,aten::reshape,"[[1, 1, 173], []]",10,2.0,0.0024589999999006977,0.0004917999999801395,0.0005370890302476422
other_128,aten::as_strided,"[[3, 768], [], [], []]",5,1.0,0.002458000000013271,0.0004916000000026543,0.0005368706126104696
other_128,aten::to,"[[1, 32, 1], [], [], [], [], []]",10,2.0,0.0024170000000158327,0.00048340000000316656,0.0005279154884788442
other_128,aten::to,"[[1, 173], [], [], [], [], [], [], []]",10,2.0,0.0024169999999721766,0.0004833999999944353,0.000527915488469309
other_128,aten::as_strided,"[[1, 2], [], [], []]",15,3.0,0.002294000000110827,0.0004588000000221654,0.000501050116103038
other_128,aten::view,"[[3, 768], []]",5,1.0,0.0022489999999816064,0.0004497999999963213,0.0004912213212955867
other_128,aten::resolve_conj,"[[173, 3072]]",20,4.0,0.0022060000000783475,0.00044120000001566953,0.00048182936186101053
other_128,aten::select,"[[1, 768], [], []]",5,1.0,0.0021670000000012807,0.00043340000000025616,0.0004733110730355141
other_128,aten::detach_,[[1]],10,2.0,0.002166999999996051,0.0004333999999992102,0.00047331107303437187
other_128,aten::fill_,"[[3], []]",5,1.0,0.002127000000068506,0.0004254000000137012,0.00046457436657977303
other_128,aten::to,"[[1, 1, 173, 173], [], [], [], [], [], [], []]",10,2.0,0.002082999999957565,0.000416599999991513,0.00045496398943807484
other_128,aten::__and__,"[[1, 1, 173, 173], [1, 1, 1, 173]]",5,1.0,0.0020440000000617148,0.00040880000001234295,0.0004464457006521594
other_128,aten::expand,"[[2], [], []]",5,1.0,0.0020420000000158324,0.0004084000000031665,0.0004460088653186167
other_128,aten::__and__,"[[1, 1, 173, 173], [1, 1, 173, 1]]",5,1.0,0.0020019999999931317,0.00040039999999862634,0.00043727215884323414
other_128,aten::expand,"[[256], [], []]",5,1.0,0.002000999999960186,0.0004001999999920372,0.0004370537411742776
other_128,aten::as_strided,"[[1, 1, 1, 173], [], [], []]",10,2.0,0.0020000000000873113,0.00040000000001746223,0.0004368353235402835
other_128,aten::expand,"[[1], [], []]",5,1.0,0.0019600000000791623,0.0003920000000158325,0.0004280986170680793
other_128,aten::select,"[[173, 768], [], []]",5,1.0,0.001875999999943133,0.0003751999999886266,0.00040975153345047707
other_128,aten::to,"[[173], [], [], [], [], []]",5,1.0,0.001873999999968305,0.000374799999993661,0.0004093146981324539
other_128,aten::as_strided,"[[3072], [], [], []]",10,2.0,0.0017500000000873115,0.0003500000000174623,0.0003822309081001319
other_128,aten::softmax,"[[1, 2], [], []]",5,1.0,0.0017100000000646106,0.00034200000001292214,0.00037349420162474927
other_128,aten::view,"[[3, 1], []]",5,1.0,0.0016659999999246793,0.00033319999998493585,0.0003638838244767191
other_128,aten::as_strided,"[[256, 772], [], [], []]",5,1.0,0.0016250000001018633,0.0003250000000203727,0.0003549287003832344
other_128,aten::lift_fresh,[[173]],5,1.0,0.0016249999999841975,0.0003249999999968395,0.00035492870035753413
other_128,aten::as_strided,"[[1, 32], [], [], []]",10,2.0,0.0015850000000621094,0.0003170000000124219,0.00034619199390412717
other_128,aten::as_strided,"[[1, 1], [], [], []]",10,2.0,0.0014570000000264827,0.0002914000000052965,0.00031823453319098803
other_128,aten::as_strided,"[[2, 256], [], [], []]",5,1.0,0.0014150000000518047,0.00028300000001036096,0.00030906099140257337
other_128,aten::detach,"[[1, 2]]",5,1.0,0.0013740000000834697,0.00027480000001669396,0.00030010586727730466
other_128,aten::resolve_conj,"[[3, 768]]",10,2.0,0.0013320000000821893,0.0002664000000164379,0.0002909323254830795
other_128,aten::detach_,[[3]],5,1.0,0.0012479999999486608,0.00024959999998973217,0.00027258524186602357
other_128,aten::to,"[[1, 2], [], [], [], [], [], [], []]",10,2.0,0.0011249999999272404,0.00022499999998544808,0.0002457198694647904
other_128,aten::as_strided,"[[173, 768], [], [], []]",5,1.0,0.0010410000000277933,0.00020820000000555867,0.00022737278589886196
other_128,aten::to,"[[1, 768], [], [], [], []]",5,1.0,0.000999000000054366,0.00019980000001087317,0.00021819924411072044
other_128,aten::to,"[[1, 1, 1, 173], [], [], [], [], [], [], []]",5,1.0,0.0009580000000541986,0.0001916000000108397,0.000209244119978499
other_128,aten::to,"[[1, 1, 173, 1], [], [], [], [], [], [], []]",5,1.0,0.0009569999999644096,0.00019139999999288193,0.00020902570229712692
other_128,aten::to,"[[1, 2], [], [], [], []]",5,1.0,0.000915999999968335,0.00018319999999366702,0.00020007057816579942
other_128,aten::to,"[[1, 772], [], [], [], []]",5,1.0,0.0008750000000727595,0.00017500000001455192,0.00019111545405642273
other_128,aten::to,"[[1], [], [], [], [], [], [], []]",5,1.0,0.0008339999999722068,0.00016679999999444137,0.00018216032990227532
other_128,aten::zero_,"[[1, 3]]",10,2.0,0.0008330000000157724,0.00016660000000315447,0.00018194191225003023
other_128,aten::resolve_neg,"[[1, 3]]",5,1.0,0.0008329999999987194,0.0001665999999997439,0.00018194191224630557
other_128,aten::as_strided,"[[256000, 768], [], [], []]",5,1.0,0.0007489999999842212,0.00014979999999684422,0.00016359482865524791
other_128,aten::resolve_conj,"[[1, 32, 1]]",10,2.0,0.0007110000000686796,0.0001422000000137359,0.0001552949575267921
other_128,aten::fill_,"[[], []]",10,2.0,0.0006680000000196742,0.00013360000000393484,0.00014590299806038236
other_128,aten::to,"[[1], [], [], [], [], []]",10,2.0,0.0005840000000026748,0.00011680000000053497,0.00012755591446877846
other_128,aten::as_strided,"[[2], [], [], []]",5,1.0,0.0005830000000132714,0.00011660000000265428,0.00012733749680933232
other_128,aten::as_strided,"[[256], [], [], []]",5,1.0,0.0005829999999841675,0.0001165999999968335,0.0001273374968029755
other_128,aten::resolve_conj,"[[1, 1, 173]]",10,2.0,0.0004200000000541877,8.400000001083753e-05,9.17354179512903e-05
other_128,aten::resolve_conj,"[[32, 1]]",10,2.0,0.00041800000004514,8.3600000009028e-05,9.129858262579291e-05
other_128,aten::lift_fresh,[[]],10,2.0,0.00041800000003172497,8.3600000006345e-05,9.129858262286284e-05
other_128,aten::resolve_conj,"[[1, 256]]",10,2.0,0.00041699999998672866,8.339999999734573e-05,9.108016495127424e-05
other_128,aten::to,"[[1, 3, 768], [], [], [], []]",5,1.0,0.0003760000000329455,7.52000000065891e-05,8.212504082918395e-05
other_128,aten::resolve_conj,"[[1, 2]]",10,2.0,0.00037500000001455195,7.500000000291039e-05,8.190662316340586e-05
other_128,aten::to,"[[3], [], [], [], [], []]",5,1.0,0.00037499999997351094,7.499999999470219e-05,8.190662315444178e-05
other_128,aten::resolve_conj,"[[32, 173]]",10,2.0,0.0003340000000002874,6.680000000005749e-05,7.295149902810536e-05
other_128,aten::lift_fresh,[[1]],10,2.0,0.00033299999998553177,6.659999999710635e-05,7.273308136312186e-05
other_128,aten::resolve_neg,"[[1, 2]]",5,1.0,0.0002509999999747379,5.019999999494758e-05,5.482283309639455e-05
other_128,aten::resolve_conj,"[[1, 173]]",10,2.0,0.00025000000006070877,5.000000001214175e-05,5.460441545341151e-05
other_128,aten::resolve_conj,"[[3, 1]]",5,1.0,0.0002489999999961583,4.979999999923166e-05,5.438599777755193e-05
other_128,aten::resolve_conj,"[[1, 772]]",5,1.0,0.00020799999999871944,4.1599999999743886e-05,4.543087364592646e-05
other_128,aten::lift_fresh,[[3]],5,1.0,0.00020699999997896156,4.139999999579231e-05,4.521245597985039e-05
other_128,aten::resolve_conj,"[[768, 1]]",5,1.0,0.00016700000000128057,3.3400000000256114e-05,3.647574951430099e-05
other_128,aten::resolve_conj,"[[1, 3]]",5,1.0,0.0001660000000265427,3.320000000530854e-05,3.625733185805808e-05
billing_256,aten::mm,"[[301, 768], [768, 2304]]",220,44.0,275.5524389999991,55.11048779999982,38.68341239803752
billing_256,aten::mm,"[[301, 1152], [1152, 768]]",110,22.0,73.53076800000005,14.706153600000011,10.32261239570604
billing_256,aten::_scaled_dot_product_flash_attention_for_cpu,"[[1, 12, 301, 64], [1, 12, 301, 64], [1, 12, 301, 64], [], [], [1, 1, 301, 301], []]",70,14.0,70.90230599999867,14.180461199999735,9.953615917621429
billing_256,aten::mm,"[[301, 768], [768, 768]]",110,22.0,47.44024100000026,9.488048200000053,6.659895348867895
billing_256,aten::_scaled_dot_product_flash_attention_for_cpu,"[[1, 12, 301, 64], [1, 12, 301, 64], [1, 12, 301, 64], [], [], [], []]",40,8.0,33.58928899999987,6.717857799999974,4.71543029435448
billing_256,aten::mul,"[[1, 12, 301, 64], [1, 1, 301, 64]]",440,88.0,23.728296000000135,4.745659200000027,3.331095391504454
billing_256,aten::gelu,"[[1, 301, 1152], []]",110,22.0,21.269773999999767,4.253954799999954,2.9859559299892457
billing_256,aten::addmm,"[[768], [301, 3072], [3072, 768], [], []]",10,2.0,18.772618999999978,3.7545237999999954,2.635392977117638
billing_256,aten::addmm,"[[3072], [301, 768], [768, 3072], [], []]",10,2.0,18.320890000000276,3.6641780000000552,2.5719770289135226
billing_256,aten::addmm,"[[768], [301, 768], [768, 768], [], []]",40,8.0,16.71202900000004,3.342405800000008,2.3461171752319934
billing_256,aten::native_layer_norm,"[[1, 301, 768], [], [768], [], []]",225,45.0,16.371952999999856,3.274390599999971,2.2983756266453654
billing_256,aten::cat,"[[], []]",240,48.0,15.90782200000016,3.181564400000032,2.233218624425177
billing_256,aten::add,"[[1, 301, 768], [1, 301, 768], []]",240,48.0,12.166351999999739,2.4332703999999477,1.7079725859210413
billing_256,aten::add,"[[1, 12, 301, 64], [1, 12, 301, 64], []]",220,44.0,9.569606999999435,1.913921399999887,1.3434286969534897
billing_256,aten::_scaled_dot_product_flash_attention_for_cpu,"[[1, 12, 301, 64], [1, 12, 301, 64], [1, 12, 301, 64], [], [], [1, 1, 1, 301], []]",10,2.0,9.520872000000033,1.9041744000000065,1.3365870369411998
billing_256,aten::mul,"[[1, 301, 1152], [1, 301, 1152]]",110,22.0,7.650287000000343,1.5300574000000686,1.0739850754300873
billing_256,aten::neg,"[[1, 12, 301, 32]]",220,44.0,7.1832190000000935,1.4366438000000188,1.008415762643361
billing_256,aten::where,"[[1, 1, 301, 301], [], []]",140,28.0,3.729365000000694,0.7458730000001388,0.5235466788150424
billing_256,aten::copy_,"[[301, 768], [301, 768], []]",50,10.0,1.6657589999997726,0.33315179999995453,0.2338474759526044
billing_256,aten::slice,"[[1, 12, 301, 64], [], [], [], []]",880,176.0,1.5192570000007026,0.30385140000014055,0.2132808015886684
billing_256,aten::native_layer_norm,"[[1, 301, 768], [], [768], [768], []]",20,4.0,1.2709689999995462,0.2541937999999092,0.17842490580206388
billing_256,aten::empty,"[[], [], [], [], [], []]",1285,257.0,1.2293339999992239,0.2458667999998448,0.17257997885803214
billing_256,aten::clamp_min,"[[1, 301, 3072], []]",10,2.0,1.1651800000000514,0.2330360000000103,0.16357372346810362
billing_256,aten::slice,"[[1, 301, 2304], [], [], [], []]",220,44.0,1.1225720000004193,0.22451440000008388,0.157592201978318
billing_256,aten::addmm,"[[768], [3, 768], [768, 768], [], []]",5,1.0,0.8190229999997828,0.16380459999995656,0.11497849406613159
billing_256,aten::matmul,"[[1, 301, 768], [768, 2304]]",220,44.0,0.7524030000003681,0.15048060000007363,0.10562604941607848
billing_256,aten::copy_,"[[301, 3072], [301, 3072], []]",10,2.0,0.7504819999997271,0.15009639999994542,0.10535636994776712
billing_256,aten::scaled_dot_product_attention,"[[1, 12, 301, 64], [1, 12, 301, 64], [1, 12, 301, 64], [1, 1, 301, 301], [], [], [], []]",70,14.0,0.670899000000456,0.1341798000000912,0.09418411533076179
billing_256,aten::transpose,"[[1, 301, 12, 64], [], []]",450,90.0,0.6378690000000108,0.12757380000000215,0.0895472007886103
billing_256,aten::layer_norm,"[[1, 301, 768], [], [768], [], [], []]",225,45.0,0.5748680000001981,0.11497360000003962,0.08070280923350047
billing_256,aten::as_strided,"[[1, 12, 301, 64], [], [], []]",1480,296.0,0.5721530000004714,0.11443060000009428,0.0803216641235851
billing_256,aten::t,"[[2304, 768]]",220,44.0,0.5528639999997619,0.11057279999995237,0.07761377903107392
billing_256,aten::select,"[[1, 301, 3, 12, 64], [], []]",330,66.0,0.5181360000008635,0.1036272000001727,0.07273849086236192
billing_256,aten::narrow,"[[1, 12, 301, 64], [], [], []]",440,88.0,0.5000729999986205,0.1000145999997241,0.07020271770510629
billing_256,aten::unbind,"[[1, 301, 3, 12, 64], []]",110,22.0,0.49722199999934497,0.099444399999869,0.06980248024352174
billing_256,aten::split,"[[1, 301, 2304], [], []]",110,22.0,0.4937520000003323,0.09875040000006646,0.06931534450460353
billing_256,aten::transpose,"[[1, 12, 301, 64], [], []]",590,118.0,0.49156700000074216,0.09831340000014843,0.06900860341248832
billing_256,aten::bitwise_and,"[[], [1, 1, 301, 301]]",10,2.0,0.4355319999999424,0.08710639999998848,0.06114213334377311
billing_256,aten::index_select,"[[256000, 768], [], [301]]",5,1.0,0.3999900000001089,0.07999800000002179,0.05615257183441331
billing_256,aten::cos,"[[1, 301, 64]]",10,2.0,0.39778400000006375,0.07955680000001275,0.05584288265851087
billing_256,aten::chunk,"[[1, 301, 2304], [], []]",110,22.0,0.39519199999938337,0.07903839999987668,0.05547900489598439
billing_256,aten::transpose,"[[768, 1152], [], []]",110,22.0,0.39219399999964116,0.07843879999992823,0.05505813084827059
billing_256,aten::unsqueeze,"[[1, 301, 64], []]",220,44.0,0.3734879999990562,0.07469759999981124,0.052432090175336024
billing_256,aten::matmul,"[[1, 301, 1152], [1152, 768]]",110,22.0,0.37094399999978767,0.07418879999995753,0.05207495089008979
billing_256,aten::matmul,"[[1, 301, 768], [768, 768]]",110,22.0,0.341108999999492,0.0682217999998984,0.04788656622873358
billing_256,aten::narrow,"[[1, 301, 2304], [], [], []]",220,44.0,0.336440000000539,0.06728800000010779,0.04723110894771152
billing_256,aten::linear,"[[1, 301, 768], [2304, 768], []]",220,44.0,0.3094989999996779,0.06189979999993558,0.04344899830034816
billing_256,aten::to,"[[1, 12, 301, 64], [], [], [], []]",660,132.0,0.30816199999977556,0.06163239999995511,0.04326130363663883
billing_256,aten::t,"[[768, 1152]]",110,22.0,0.294287000000343,0.0588574000000686,0.04131346260518702
billing_256,aten::sin,"[[1, 301, 64]]",10,2.0,0.2905769999999611,0.058115399999992226,0.040792634480666244
billing_256,aten::view,"[[301], []]",490,98.0,0.28785400000066974,0.05757080000013395,0.040410366291298315
billing_256,aten::empty_strided,"[[], [], [], [], [], []]",200,40.0,0.28687200000013635,0.05737440000002727,0.040272508280919724
billing_256,aten::transpose,"[[2304, 768], [], []]",220,44.0,0.2516240000000589,0.050324800000011785,0.03532421994365327
billing_256,aten::view,"[[1, 301, 768], []]",350,70.0,0.2469499999996915,0.0493899999999383,0.034668060737736615
billing_256,aten::bitwise_and,"[[1, 1, 301, 301], [1, 1, 301, 1]]",5,1.0,0.23528700000001662,0.04705740000000332,0.03303075119178214
billing_256,aten::scaled_dot_product_attention,"[[1, 12, 301, 64], [1, 12, 301, 64], [1, 12, 301, 64], [], [], [], [], []]",40,8.0,0.23398999999927492,0.04679799999985498,0.032848671925523334
billing_256,aten::linear,"[[1, 301, 768], [768, 768], []]",110,22.0,0.2292580000000844,0.04585160000001688,0.03218437039329774
billing_256,aten::scalar_tensor,"[[], [], [], [], []]",160,32.0,0.2126630000000423,0.042532600000008455,0.029854682327110582
billing_256,aten::sub,"[[1, 1, 301, 1], [1, 1, 1, 301], []]",5,1.0,0.21199399999995286,0.04239879999999057,0.029760764802766883
billing_256,aten::view,"[[1, 301, 2304], []]",110,22.0,0.21011599999986444,0.042023199999972886,0.029497121886919084
billing_256,aten::empty_like,"[[1, 12, 301, 64], [], [], [], [], []]",120,24.0,0.2033189999997685,0.0406637999999537,0.028542925455098806
billing_256,aten::le,"[[1, 1, 301, 301], []]",5,1.0,0.20178599999996868,0.04035719999999374,0.028327715343318783
billing_256,aten::_unsafe_view,"[[301, 2304], []]",220,44.0,0.2007830000002523,0.04015660000005046,0.028186909249331496
billing_256,aten::linear,"[[1, 301, 1152], [768, 1152], []]",110,22.0,0.19282800000043246,0.03856560000008649,0.02707014705794541
billing_256,aten::as_strided,"[[2304, 768], [], [], []]",250,50.0,0.1923600000000747,0.03847200000001494,0.027004446906345157
billing_256,aten::addmm,"[[256], [1, 772], [772, 256], [], []]",5,1.0,0.191537000000244,0.0383074000000488,0.026888910101399526
billing_256,aten::_unsafe_view,"[[301, 768], []]",220,44.0,0.18512400000020268,0.037024800000040534,0.025988621486243348
billing_256,aten::as_strided,"[[1, 301, 3, 12, 64], [], [], []]",330,66.0,0.1819479999996984,0.03638959999993968,0.025542758919243267
billing_256,aten::add,"[[1, 301, 768], [1, 1, 768], []]",5,1.0,0.18099599999992644,0.03619919999998529,0.02540911245714786
billing_256,aten::t,"[[768, 768]]",155,31.0,0.17728200000010563,0.03545640000002113,0.024887722792949034
billing_256,aten::view,"[[1, 301, 12, 64], []]",110,22.0,0.17445600000038755,0.03489120000007751,0.024490994954782633
billing_256,aten::view,"[[1, 301, 1152], []]",110,22.0,0.17170799999996691,0.03434159999999338,0.02410521714177594
billing_256,aten::as_strided,"[[1, 301, 12, 64], [], [], []]",450,90.0,0.1640370000006897,0.03280740000013794,0.023028324273201513
billing_256,aten::reshape,"[[1, 301, 768], []]",330,66.0,0.15059200000013426,0.03011840000002685,0.021140848765452146
billing_256,aten::as_strided,"[[1, 301, 2304], [], [], []]",220,44.0,0.14794699999914065,0.029589399999828132,0.0207695306011036
billing_256,aten::abs,"[[1, 1, 301, 301], [0]]",5,1.0,0.14107800000002954,0.02821560000000591,0.0198052264537985
billing_256,aten::reshape,"[[1, 301, 12, 64], []]",110,22.0,0.13624699999956463,0.027249399999912927,0.019127026812412268
billing_256,aten::native_layer_norm,"[[1, 3, 768], [], [768], [768], []]",5,1.0,0.11633100000000558,0.023266200000001118,0.016331120363178256
billing_256,aten::transpose,"[[1, 301, 12], [], []]",120,24.0,0.1091239999993213,0.02182479999986426,0.015319366106199503
billing_256,aten::expand,"[[1, 1, 301, 301], [], []]",75,15.0,0.10592300000064142,0.021184600000128284,0.014869993915975299
billing_256,aten::reshape,"[[1, 301, 1152], []]",110,22.0,0.10578599999971901,0.021157199999943803,0.01485076117917411
billing_256,aten::as_strided,"[[768, 1152], [], [], []]",110,22.0,0.10362600000032941,0.020725200000065884,0.014547529710567336
billing_256,aten::transpose,"[[768, 768], [], []]",155,31.0,0.10270200000039313,0.020540400000078625,0.014417814026746719
billing_256,aten::scaled_dot_product_attention,"[[1, 12, 301, 64], [1, 12, 301, 64], [1, 12, 301, 64], [1, 1, 1, 301], [], [], [], []]",10,2.0,0.09966199999969103,0.019932399999938205,0.013991043811451352
billing_256,aten::mul,"[[1, 301, 64], []]",20,4.0,0.09779100000040716,0.019558200000081433,0.013728383590290959
billing_256,aten::linear,"[[301, 1, 768], [768, 768], [768]]",30,6.0,0.09258099999991828,0.018516199999983655,0.012996978056940958
billing_256,aten::eq,"[[1, 1, 1, 301], []]",10,2.0,0.0866239999999234,0.01732479999998468,0.012160704974070832
billing_256,aten::bitwise_and,"[[1, 1, 301, 301], [1, 1, 1, 301]]",5,1.0,0.08649600000006102,0.017299200000012206,0.012142735701871342
billing_256,aten::view,"[[301, 768], []]",55,11.0,0.08591199999986567,0.017182399999973133,0.012060750897345584
billing_256,aten::linear,"[[1, 301, 3072], [768, 3072], [768]]",10,2.0,0.0795820000001986,0.015916400000039722,0.011172114232196344
billing_256,aten::resolve_conj,"[[301, 768]]",650,130.0,0.07953100000071432,0.015906200000142864,0.011164954600369065
billing_256,aten::view,"[[1, 1, 301, 301], []]",70,14.0,0.0727030000000541,0.01454060000001082,0.010206406235354076
billing_256,aten::where,"[[1, 1, 1, 301], [], []]",20,4.0,0.06853599999996368,0.013707199999992736,0.009621422193655499
billing_256,aten::_to_copy,"[[], [], [], [], [], [], []]",35,7.0,0.06837299999988272,0.013674599999976545,0.009598539448552991
billing_256,aten::linear,"[[1, 301, 768], [3072, 768], [3072]]",10,2.0,0.06553900000001886,0.013107800000003772,0.009200688530852447
billing_256,aten::dropout,"[[1, 301, 1152], [], []]",110,22.0,0.06474899999942318,0.012949799999884637,0.00908978442879334
billing_256,aten::gather,"[[1, 301, 768], [], [1, 3, 768], []]",5,1.0,0.06433200000002398,0.012866400000004797,0.00903124390922733
billing_256,aten::bmm,"[[1, 32, 1], [1, 1, 301]]",10,2.0,0.06417200000015601,0.012834400000031202,0.009008782318972348
billing_256,aten::arange,"[[], [], [], [0]]",25,5.0,0.05957800000014072,0.011915600000028144,0.008363853908241873
billing_256,aten::as_strided,"[[768, 768], [], [], []]",155,31.0,0.0558789999996752,0.011175799999935041,0.007844570018040675
billing_256,aten::as_strided,"[[1, 301, 64], [], [], []]",230,46.0,0.055207000000114484,0.011041400000022896,0.007750231338953574
billing_256,aten::index,"[[1, 301], []]",5,1.0,0.0542070000000158,0.01084140000000316,0.0076098463997302445
billing_256,aten::permute,"[[301, 1, 12, 64], []]",30,6.0,0.049251000000163914,0.009850200000032783,0.006914098641028878
billing_256,aten::gelu,"[[1, 3, 768], []]",5,1.0,0.0483750000000291,0.009675000000005821,0.006791121434262452
billing_256,aten::unflatten,"[[301, 1, 768], [], []]",30,6.0,0.047082999999984165,0.009416599999996833,0.006609744092797502
billing_256,aten::copy_,"[[], [], []]",35,7.0,0.045791000000141135,0.009158200000028227,0.006428366751360897
billing_256,aten::view,"[[301, 1, 768], []]",60,12.0,0.042919000000096276,0.008583800000019255,0.006025181205944985
billing_256,aten::layer_norm,"[[1, 301, 768], [], [768], [768], [], []]",20,4.0,0.04191600000037579,0.008383200000075159,0.005884375111957121
billing_256,aten::sum,"[[1, 3], [], [], []]",10,2.0,0.041830999999918274,0.008366199999983654,0.005872442392060088
billing_256,aten::matmul,"[[1, 32, 1], [1, 1, 301]]",10,2.0,0.040996999999972104,0.00819939999999442,0.005755361352766942
billing_256,aten::transpose,"[[1, 301, 768], [], []]",30,6.0,0.04058300000007148,0.008116600000014296,0.00569724198794817
billing_256,aten::relu,"[[1, 301, 3072]]",10,2.0,0.03979299999988871,0.007958599999977741,0.005586337885947026
billing_256,aten::view,"[[301, 3072], []]",10,2.0,0.03833199999996577,0.007666399999993153,0.005381235489772802
billing_256,aten::split,"[[2304, 768], [], []]",10,2.0,0.036332000000053086,0.0072664000000106175,0.005100465611366109
billing_256,aten::_to_copy,"[[1, 301], [], [], [], [], [], []]",15,3.0,0.035868999999963305,0.007173799999992661,0.005035467384499517
billing_256,aten::all,"[[1, 301]]",10,2.0,0.035498000000153754,0.007099600000030751,0.004983384572079539
billing_256,aten::unsqueeze,"[[1, 301], []]",30,6.0,0.035085000000033686,0.0070170000000067375,0.00492540559216917
billing_256,aten::index_select,"[[3, 768], [], [1]]",5,1.0,0.034998999999894295,0.006999799999978859,0.0049133324873775865
billing_256,aten::as_strided,"[[1, 301, 12], [], [], []]",120,24.0,0.03487200000071061,0.006974400000142123,0.004895503600212583
billing_256,aten::expand,"[[768], [], []]",55,11.0,0.03482600000069942,0.006965200000139884,0.004889045893007375
billing_256,aten::masked_fill_,"[[1, 301], [1, 301], []]",10,2.0,0.03258200000005308,0.006516400000010617,0.004574022089330576
billing_256,aten::copy_,"[[1, 301], [1, 301], []]",15,3.0,0.03212699999990491,0.006425399999980983,0.004510146941969464
billing_256,aten::to,"[[], [], [], [], []]",115,23.0,0.030712999999587282,0.0061425999999174564,0.004311642637882676
billing_256,aten::unsqueeze,"[[1, 1, 301], []]",20,4.0,0.02962900000008676,0.005925800000017352,0.004159465363849723
billing_256,aten::clamp,"[[1, 3], [], []]",5,1.0,0.028913999999989757,0.0057827999999979516,0.00405909013230133
billing_256,aten::linear,"[[1, 301, 768], [768, 768], [768]]",10,2.0,0.028206000000209314,0.005641200000041863,0.003959697595371845
billing_256,aten::embedding,"[[256000, 768], [1, 301], [], [], []]",5,1.0,0.027543000000074015,0.005508600000014803,0.0038666223806569683
billing_256,aten::copy_,"[[3, 768], [3, 768], []]",5,1.0,0.026833000000100582,0.005366600000020117,0.003766949073821971
billing_256,aten::narrow,"[[2304, 768], [], [], []]",30,6.0,0.025629000000146333,0.005125800000029266,0.003597925607020185
billing_256,aten::resolve_conj,"[[301, 2304]]",220,44.0,0.024457000000561953,0.004891400000112391,0.0034333944583250253
billing_256,aten::zeros_like,"[[1, 301], [], [], [], [], []]",10,2.0,0.023870999999853666,0.004774199999970733,0.003351128883848842
billing_256,aten::arange,"[[], [], [], [], []]",25,5.0,0.02375199999984102,0.0047503999999682035,0.0033344230760811383
billing_256,aten::addmm,"[[1], [3, 768], [768, 1], [], []]",5,1.0,0.021330000000016298,0.004266000000003259,0.0029944107533403956
billing_256,aten::slice,"[[2304, 768], [], [], [], []]",30,6.0,0.020662999999578463,0.004132599999915693,0.00290077399882621
billing_256,aten::ge,"[[1, 1, 301, 1], []]",5,1.0,0.020331999999997605,0.004066399999999521,0.0028543065840067154
billing_256,aten::topk,"[[1, 3], [], [], [], []]",5,1.0,0.02008299999992596,0.004016599999985192,0.0028193507341334983
billing_256,aten::sum,"[[1, 301], []]",5,1.0,0.019663999999989756,0.0039327999999979515,0.002760529444613684
billing_256,aten::bitwise_not,"[[1, 301]]",5,1.0,0.019083000000042375,0.003816600000008475,0.0026789657949403654
billing_256,aten::select,"[[1, 2], [], []]",15,3.0,0.01891700000001583,0.003783400000003166,0.0026556618950278666
billing_256,aten::stack,"[[], []]",5,1.0,0.018915999999648193,0.0037831999999296388,0.002655521510037046
billing_256,aten::slice,"[[1, 301], [], [], [], []]",5,1.0,0.01845800000010058,0.0036916000000201165,0.0025912252079426153
billing_256,aten::expand,"[[1, 32, 1], [], []]",20,4.0,0.018453000000029987,0.0036906000000059974,0.002590523283236657
billing_256,aten::as_strided,"[[301, 1, 12, 64], [], [], []]",30,6.0,0.01783399999982794,0.0035667999999655876,0.0025036250058376275
billing_256,aten::t,"[[768, 3072]]",10,2.0,0.017748000000079627,0.0035496000000159256,0.0024915519011009463
billing_256,aten::transpose,"[[768, 3072], [], []]",10,2.0,0.017624000000127125,0.0035248000000254248,0.0024741441686456393
billing_256,aten::bitwise_not,"[[1, 3]]",5,1.0,0.017624000000098023,0.003524800000019605,0.002474144168641553
billing_256,aten::zeros,"[[], [], [], [], []]",15,3.0,0.01649499999952377,0.003298999999904754,0.0023156495721934393
billing_256,aten::permute,"[[1, 12, 301, 64], []]",10,2.0,0.016245999999984634,0.0032491999999969268,0.0022806937223949783
billing_256,aten::unsqueeze,"[[1, 768], []]",5,1.0,0.01604400000005262,0.003208800000010524,0.0022523359646842087
billing_256,aten::unsqueeze,"[[1], []]",30,6.0,0.015917000000558346,0.003183400000111669,0.0022345070774756016
billing_256,aten::linear,"[[1, 3, 768], [768, 768], [768]]",5,1.0,0.015875000000058207,0.0031750000000116416,0.0022286109099585918
billing_256,aten::as_strided,"[[768, 3072], [], [], []]",10,2.0,0.0155429999998305,0.0031085999999661,0.002182003110109079
billing_256,aten::unsqueeze,"[[1, 3], []]",5,1.0,0.015459000000177183,0.0030918000000354365,0.0021702107752641525
billing_256,aten::add,"[[301], [], []]",10,2.0,0.015334000000105789,0.0030668000000211577,0.0021526626578529454
billing_256,aten::abs,"[[1, 1, 301, 301]]",5,1.0,0.015334000000058495,0.003066800000011699,0.0021526626578463057
billing_256,aten::new_ones,"[[1, 1, 301, 1], [], [], [], [], []]",10,2.0,0.015164000000069336,0.003032800000013867,0.002128797218182217
billing_256,aten::full,"[[], [], [], [], [], []]",5,1.0,0.014873000000222418,0.0029746000000444835,0.0020879452008937503
billing_256,aten::squeeze,"[[1, 3, 1], []]",5,1.0,0.014751000000047497,0.0029502000000094994,0.0020708182382856376
billing_256,aten::as_strided,"[[1, 301, 768], [], [], []]",35,7.0,0.014497999999861351,0.00289959999997227,0.0020353008486395084
billing_256,aten::slice,"[[2304], [], [], [], []]",30,6.0,0.014249999999839929,0.0028499999999679858,0.002000485383712551
billing_256,aten::split,"[[2304], [], []]",10,2.0,0.014166000000011992,0.0028332000000023984,0.0019886930488431103
billing_256,aten::flatten,"[[301, 1, 12, 64], [], []]",10,2.0,0.014084000000206287,0.0028168000000412573,0.00197718148385521
billing_256,aten::div,"[[1], []]",5,1.0,0.014044000000081724,0.0028088000000163448,0.0019715660862693438
billing_256,aten::layer_norm,"[[1, 3, 768], [], [768], [768], [], []]",5,1.0,0.013831999999965774,0.002766399999993155,0.0019418044791406572
billing_256,aten::embedding,"[[3, 768], [1], [], [], []]",5,1.0,0.01366799999990326,0.002733599999980652,0.0019187813491015275
billing_256,aten::_to_copy,"[[1, 1, 301], [], [], [], [], [], []]",10,2.0,0.013496999999923901,0.00269939999998478,0.0018947755244996048
billing_256,aten::addmm,"[[2], [1, 256], [256, 2], [], []]",5,1.0,0.01341900000005262,0.0026838000000105238,0.001883825499259336
billing_256,aten::masked_fill,"[[1, 3], [1, 3], []]",5,1.0,0.013333999999944354,0.002666799999988871,0.0018718927794113315
billing_256,aten::transpose,"[[1, 32, 301], [], []]",10,2.0,0.013126999999965847,0.0026253999999931695,0.0018428330969979874
billing_256,aten::expand,"[[1, 3, 1], [], []]",5,1.0,0.013084000000177185,0.002616800000035437,0.0018367965446416485
billing_256,aten::reshape,"[[1, 1, 1, 301], []]",10,2.0,0.012998999999939314,0.0025997999999878628,0.00182486382477545
billing_256,aten::unsqueeze,"[[32], []]",10,2.0,0.01287599999991562,0.002575199999983124,0.0018075964772493584
billing_256,aten::copy_,"[[1, 1, 301], [1, 1, 301], []]",10,2.0,0.012585000000060518,0.0025170000000121037,0.0017667444599597422
billing_256,aten::transpose,"[[301, 1, 768], [], []]",10,2.0,0.012165999999881024,0.0024331999999762047,0.0017079231704057738
billing_256,aten::unsqueeze,"[[301], []]",15,3.0,0.012081999999910067,0.0024163999999820135,0.0016961308355162553
billing_256,aten::as_strided,"[[1, 1, 301, 301], [], [], []]",75,15.0,0.01207899999967958,0.002415799999935916,0.00169570968066627
billing_256,aten::log,"[[1, 3]]",5,1.0,0.011834000000118977,0.0023668000000237953,0.0016613153706216332
billing_256,aten::_to_copy,"[[1, 3], [], [], [], [], [], []]",5,1.0,0.011789999999920838,0.0023579999999841675,0.0016551384332686005
billing_256,aten::copy_,"[[1, 3], [1, 3], []]",10,2.0,0.011460000000079162,0.0022920000000158326,0.0016088114033517
billing_256,aten::mul,"[[1, 3], [1, 3]]",5,1.0,0.011457000000053086,0.0022914000000106172,0.0016083902485304108
billing_256,aten::__and__,"[[], [1, 1, 301, 301]]",10,2.0,0.011250999999931082,0.0022501999999862163,0.0015794709510361317
billing_256,aten::view,"[[1, 301, 3072], []]",10,2.0,0.011207999999896856,0.0022415999999793714,0.001573434398645319
billing_256,aten::to,"[[1, 3], [], [], [], []]",20,4.0,0.01112899999995716,0.0022257999999914318,0.0015623439884562362
billing_256,aten::_softmax,"[[1, 3], [], []]",5,1.0,0.010959000000060769,0.0021918000000121537,0.0015384785488051708
billing_256,aten::resize_,"[[0], [], []]",25,5.0,0.010876999999817371,0.002175399999963474,0.0015269669837558247
billing_256,aten::empty_like,"[[1, 301], [], [], [], [], []]",10,2.0,0.010667000000117697,0.0021334000000235395,0.0014974861465639957
billing_256,aten::dropout,"[[1, 301, 768], [], []]",25,5.0,0.010623999999793795,0.002124799999958759,0.0014914495941325176
billing_256,aten::item,[[]],15,3.0,0.010580999999772304,0.002116199999954461,0.0014854130417434927
billing_256,aten::sub,"[[1], [1], []]",5,1.0,0.010040999999997439,0.0020081999999994877,0.0014096051746019817
billing_256,aten::as_strided,"[[1, 301], [], [], []]",50,10.0,0.009995999999971673,0.001999199999994335,0.0014032878523339383
billing_256,aten::select,"[[1, 301], [], []]",10,2.0,0.009959000000134666,0.001991800000026933,0.0013980936096060694
billing_256,aten::transpose,"[[1, 768], [], []]",5,1.0,0.009876999999891268,0.0019753999999782535,0.0013865820445567232
billing_256,aten::select,"[[3, 768], [], []]",5,1.0,0.009793000000092434,0.001958600000018487,0.001374789709691368
billing_256,aten::clamp_min,"[[1, 3], []]",5,1.0,0.00966800000006333,0.0019336000000126662,0.0013572415922860977
billing_256,aten::div,"[[1], [1]]",5,1.0,0.009666999999870314,0.001933399999974063,0.0013571012073197916
billing_256,aten::narrow,"[[1, 301, 64], [], [], []]",10,2.0,0.009376000000026124,0.0018752000000052248,0.0013162491900317078
billing_256,aten::clone,"[[1, 3], []]",5,1.0,0.00933299999992596,0.001866599999985192,0.0013102126376316387
billing_256,aten::as_strided,"[[1], [], [], []]",45,9.0,0.00933299999982546,0.001866599999965092,0.00131021263761753
billing_256,aten::to,"[[1, 301], [], [], [], []]",5,1.0,0.00912700000021141,0.0018254000000422822,0.0012812933401945598
billing_256,aten::gelu,"[[1, 256], []]",5,1.0,0.009125,0.0018249999999999998,0.0012810125702864621
billing_256,aten::clamp,"[[1], [], []]",5,1.0,0.00895699999993667,0.001791399999987334,0.0012574279004903795
billing_256,aten::copy_,"[[301], [301], []]",5,1.0,0.008915999999968335,0.001783199999993667,0.0012516721179872364
billing_256,aten::fill_,"[[1, 301], []]",5,1.0,0.008875999999830584,0.0017751999999661167,0.001246056720399519
billing_256,aten::as_strided,"[[768], [], [], []]",55,11.0,0.008547999999602325,0.001709599999920465,0.001200010460306767
billing_256,aten::view,"[[301, 1, 12, 64], []]",10,2.0,0.008291999999812106,0.001658399999962421,0.0011640719158985916
billing_256,aten::transpose,"[[3072, 768], [], []]",10,2.0,0.008249000000039815,0.001649800000007963,0.001158035363544551
billing_256,aten::linear,"[[1, 3, 768], [1, 768], [1]]",5,1.0,0.008164999999600695,0.0016329999999201389,0.0011462430285893094
billing_256,aten::narrow,"[[2304], [], [], []]",30,6.0,0.00808500000007916,0.0016170000000158321,0.0011350122335197208
billing_256,aten::neg,[[1]],5,1.0,0.007998999999894296,0.001599799999978859,0.0011229391287217534
billing_256,aten::unsqueeze,"[[1, 32], []]",10,2.0,0.007958000000055563,0.0015916000000111125,0.0011171833462368045
billing_256,aten::view,"[[1, 32, 1], []]",10,2.0,0.007706999999876189,0.0015413999999752378,0.0010819467264700448
billing_256,aten::_local_scalar_dense,[[]],15,3.0,0.007626000000137538,0.0015252000000275077,0.0010705755464307668
billing_256,aten::t,"[[3072, 768]]",10,2.0,0.007499999999970896,0.0014999999999941792,0.001052887044066979
billing_256,aten::as_strided,"[[1, 32, 1], [], [], []]",30,6.0,0.007376999999949476,0.0014753999999898952,0.0010356196965412062
billing_256,aten::zero_,"[[1, 301]]",15,3.0,0.007335999999878141,0.0014671999999756283,0.0010298639140236036
billing_256,aten::fill_,"[[301], []]",5,1.0,0.006999000000013439,0.0013998000000026878,0.000982554189529004
billing_256,aten::view,"[[1, 3, 768], []]",10,2.0,0.0069590000000316656,0.0013918000000063332,0.000976938791963184
billing_256,aten::as_strided,"[[1, 3], [], [], []]",15,3.0,0.006833999999957542,0.0013667999999915084,0.0009593906745515935
billing_256,aten::unsqueeze,"[[1, 1], []]",10,2.0,0.00662300000006644,0.001324600000013288,0.0009297694523936822
billing_256,aten::as_strided,"[[3072, 768], [], [], []]",10,2.0,0.006500000000029104,0.0013000000000058208,0.0009125021048656751
billing_256,aten::softmax,"[[1, 3], [], []]",5,1.0,0.006498999999894295,0.001299799999978859,0.0009123617199075405
billing_256,aten::masked_fill_,"[[1, 3], [1, 3], []]",5,1.0,0.0064980000000796284,0.0012996000000159258,0.0009122213349943489
billing_256,aten::to,"[[1, 301], [], [], [], [], []]",10,2.0,0.006460000000003219,0.0012920000000006438,0.0009068867072936623
billing_256,aten::select,"[[1, 32, 301], [], []]",10,2.0,0.0063749999999445205,0.0012749999999889041,0.0008949539874526166
billing_256,aten::is_nonzero,[[]],10,2.0,0.006333000000130142,0.0012666000000260283,0.000889057820031877
billing_256,aten::copy_,"[[1], [1], []]",5,1.0,0.006290999999997439,0.001258199999999488,0.0008831616525664496
billing_256,aten::copy_,"[[3, 1], [3, 1], []]",5,1.0,0.00616800000006333,0.0012336000000126661,0.0008658943050529341
billing_256,aten::_to_copy,"[[1], [], [], [], [], [], []]",5,1.0,0.006128000000113388,0.0012256000000226777,0.0008602789074915826
billing_256,aten::select,"[[1, 3], [], []]",10,2.0,0.006037999999844487,0.0012075999999688974,0.0008476442629249801
billing_256,aten::expand,"[[1, 1, 1, 301], [], []]",10,2.0,0.005873999999923399,0.0011747999999846797,0.0008246211329057041
billing_256,aten::detach,"[[1, 3]]",10,2.0,0.005792999999859603,0.0011585999999719205,0.0008132499528207808
billing_256,aten::unsqueeze,"[[1, 1, 1], []]",10,2.0,0.0057499999998995,0.0011499999999799002,0.0008072134004403743
billing_256,aten::fill_,"[[1, 1], []]",25,5.0,0.005624999999957709,0.0011249999999915418,0.0007896652830473613
billing_256,aten::slice,"[[1, 301, 64], [], [], [], []]",10,2.0,0.005621999999902528,0.0011243999999805056,0.0007892441282219864
billing_256,aten::as_strided,"[[1, 1, 301], [], [], []]",40,8.0,0.005497999999979129,0.0010995999999958259,0.0007718363957707651
billing_256,aten::expand,"[[1, 1, 301], [], []]",10,2.0,0.00545900000003212,0.0010918000000064239,0.0007663613831490348
billing_256,aten::copy_,"[[1, 256], [1, 256], []]",5,1.0,0.005416999999899417,0.0010833999999798835,0.0007604652156836074
billing_256,aten::new_empty,"[[1, 1, 301, 1], [], [], [], [], []]",10,2.0,0.005334000000005289,0.0010668000000010579,0.0007488132657440838
billing_256,aten::expand,"[[3072], [], []]",10,2.0,0.005247999999875901,0.0010495999999751804,0.0007367401609539047
billing_256,aten::to,"[[1, 1, 301], [], [], [], []]",10,2.0,0.005210999999975684,0.0010421999999951368,0.000731545918217162
billing_256,aten::dropout,"[[1, 301, 3072], [], []]",10,2.0,0.0052090000000025605,0.001041800000000512,0.0007312651483425163
billing_256,aten::_unsafe_view,"[[1, 32, 301], []]",10,2.0,0.005165999999926043,0.0010331999999852086,0.000725228595945767
billing_256,aten::as_strided,"[[1, 32, 301], [], [], []]",20,4.0,0.004916000000023359,0.0009832000000046719,0.0006901323611570599
billing_256,aten::as_strided,"[[1, 768], [], [], []]",15,3.0,0.004833999999973457,0.0009667999999946914,0.0006786207961348774
billing_256,aten::_softmax,"[[1, 2], [], []]",5,1.0,0.004708999999886145,0.0009417999999772291,0.0006610726787214357
billing_256,aten::to,"[[1, 301, 64], [], [], [], []]",20,4.0,0.004585000000068249,0.0009170000000136497,0.0006436649462850253
billing_256,aten::as_strided,"[[1, 3, 1], [], [], []]",10,2.0,0.004456999999820255,0.000891399999964051,0.0006256956740313979
billing_256,aten::resolve_conj,"[[301, 1152]]",110,22.0,0.004378999999910775,0.0008757999999821549,0.0006147456487857666
billing_256,aten::view,"[[1, 1, 1, 301], []]",15,3.0,0.004334000000015749,0.0008668000000031498,0.0006084283265360768
billing_256,aten::linear,"[[1, 772], [256, 772], [256]]",5,1.0,0.004332000000082189,0.0008664000000164378,0.000608147556666985
billing_256,aten::select,"[[1, 301, 768], [], []]",5,1.0,0.004290999999968335,0.000858199999993667,0.0006023917741434132
billing_256,aten::to,"[[1, 3], [], [], [], [], [], [], []]",20,4.0,0.00416500000001065,0.00083300000000213,0.0005847032718089597
billing_256,aten::view,"[[3], []]",10,2.0,0.004041999999957625,0.0008083999999915249,0.0005674359242787504
billing_256,aten::__and__,"[[1, 1, 301, 301], [1, 1, 301, 1]]",5,1.0,0.003916000000066105,0.000783200000013221,0.0005497474219535855
billing_256,aten::expand,"[[1, 1, 1, 1], [], []]",5,1.0,0.0038760000000024773,0.0007752000000004955,0.000544132024376274
billing_256,aten::as_strided,"[[3, 768], [], [], []]",5,1.0,0.003874000000025262,0.0007748000000050525,0.0005438512545010537
billing_256,aten::select,"[[1, 32, 1], [], []]",10,2.0,0.0038730000000264226,0.0007746000000052845,0.0005437108695620071
billing_256,aten::to,"[[1, 1, 301, 301], [], [], [], [], [], [], []]",10,2.0,0.003873000000024149,0.0007746000000048298,0.0005437108695616879
billing_256,aten::empty_like,"[[1, 3], [], [], [], [], []]",5,1.0,0.003834000000031665,0.000766800000006333,0.0005382358569335736
billing_256,aten::as_strided,"[[2304], [], [], []]",30,6.0,0.003832000000067637,0.0007664000000135275,0.0005379550870602046
billing_256,aten::reshape,"[[1, 32, 1], []]",10,2.0,0.0037110000001580375,0.0007422000000316075,0.0005209685094285488
billing_256,aten::reshape,"[[1, 301], []]",5,1.0,0.003625999999941996,0.0007251999999883992,0.0005090357895654146
billing_256,aten::linear,"[[1, 256], [2, 256], [2]]",5,1.0,0.0035840000000025613,0.0007168000000005123,0.000503139622127119
billing_256,aten::to,"[[1], [], [], [], []]",10,2.0,0.0035809999999182763,0.0007161999999836553,0.0005027184672976582
billing_256,aten::select,"[[1, 1, 301], [], []]",10,2.0,0.003544999999920492,0.0007089999999840984,0.0004976646094864281
billing_256,aten::as_strided,"[[1, 1, 1, 1], [], [], []]",5,1.0,0.003540999999968335,0.000708199999993667,0.0004971030697363067
billing_256,aten::as_strided,"[[32], [], [], []]",10,2.0,0.003416000000068834,0.0006832000000137668,0.00047955495234923087
billing_256,aten::view,"[[1, 1, 301], []]",10,2.0,0.003375999999987016,0.0006751999999974033,0.0004739395547693658
billing_256,aten::copy_,"[[1, 2], [1, 2], []]",5,1.0,0.0033739999999816066,0.0006747999999963213,0.00047365878489018747
billing_256,aten::t,"[[256, 772]]",5,1.0,0.0033739999999233988,0.0006747999999846797,0.00047365878488201595
billing_256,aten::as_strided,"[[], [], [], []]",15,3.0,0.003334000000028936,0.0006668000000057872,0.00046804338732845286
billing_256,aten::copy_,"[[301], [], []]",5,1.0,0.0032090000000157487,0.0006418000000031497,0.0004504952699254171
billing_256,aten::t,"[[2, 256]]",5,1.0,0.003166999999928521,0.0006333999999857041,0.00044459910246637366
billing_256,aten::transpose,"[[256, 772], [], []]",5,1.0,0.003126999999862164,0.0006253999999724328,0.00043898370488867916
billing_256,aten::_reshape_alias,"[[1, 1, 1, 301], [], []]",5,1.0,0.0030830000000132713,0.0006166000000026543,0.0004328067675846754
billing_256,aten::copy_,"[[3], [], []]",5,1.0,0.0030419999999867285,0.0006083999999973457,0.00042705098507336077
billing_256,aten::__and__,"[[1, 1, 301, 301], [1, 1, 1, 301]]",5,1.0,0.003041000000026543,0.0006082000000053086,0.00042691060013974055
billing_256,aten::t,"[[1, 768]]",5,1.0,0.003039000000047963,0.0006078000000095926,0.0004266298302643287
billing_256,aten::select,"[[256000, 768], [], []]",5,1.0,0.002999999999957481,0.0005999999999914962,0.00042115481762245685
billing_256,aten::transpose,"[[2, 256], [], []]",5,1.0,0.002916999999957625,0.000583399999991525,0.0004095028676680906
billing_256,aten::log,[[1]],5,1.0,0.0027490000000107103,0.0005498000000021421,0.0003859181978883511
billing_256,aten::as_strided,"[[301], [], [], []]",15,3.0,0.0027080000000291875,0.0005416000000058375,0.00038016241538335653
billing_256,aten::view,"[[1, 301], []]",5,1.0,0.0027070000000264825,0.0005414000000052965,0.0003800220304437674
billing_256,aten::select,"[[1, 768], [], []]",5,1.0,0.0026240000000834697,0.000524800000016694,0.00036837008049738103
billing_256,aten::to,"[[1, 32, 1], [], [], [], [], []]",10,2.0,0.0025839999999711836,0.0005167999999942367,0.0003627546829132387
billing_256,aten::reshape,"[[1, 1, 301], []]",10,2.0,0.002582000000026255,0.000516400000005251,0.00036247391304255105
billing_256,aten::as_strided,"[[301, 1, 768], [], [], []]",10,2.0,0.0024589999999734572,0.0004917999999946914,0.0003452065655123735
billing_256,aten::copy_,"[[3], [3], []]",5,1.0,0.002456999999968502,0.0004913999999937005,0.00034492579563325903
billing_256,aten::detach_,[[301]],5,1.0,0.002417999999989206,0.00048359999999784124,0.000339450783006996
billing_256,aten::as_strided,"[[1, 1, 1], [], [], []]",10,2.0,0.0023740000000530017,0.00047480000001060035,0.000333273845690735
billing_256,aten::as_strided,"[[1, 2], [], [], []]",15,3.0,0.0023319999999657738,0.00046639999999315473,0.0003273776782316915
billing_256,aten::view,"[[3, 768], []]",5,1.0,0.00225,0.00045,0.0003158661132213194
billing_256,aten::to,"[[1, 301], [], [], [], [], [], [], []]",10,2.0,0.0022489999999393147,0.00044979999998786294,0.0003157257282735907
billing_256,aten::fill_,"[[3], []]",5,1.0,0.0022100000000341426,0.00044200000000682853,0.00031025071565773347
billing_256,aten::expand,"[[1], [], []]",5,1.0,0.002209999999933643,0.0004419999999867286,0.0003102507156436249
billing_256,aten::expand,"[[2], [], []]",5,1.0,0.0020450000000419096,0.00040900000000838193,0.00028708720068926045
billing_256,aten::detach_,[[1]],10,2.0,0.0020430000000158086,0.0004086000000031617,0.0002868064308071774
billing_256,aten::resolve_conj,"[[301, 3072]]",20,4.0,0.0019989999999816066,0.0003997999999963213,0.0002806294934771589
billing_256,aten::as_strided,"[[1, 1, 1, 301], [], [], []]",10,2.0,0.0019600000000791623,0.0003920000000158325,0.0002751544808616848
billing_256,aten::expand,"[[256], [], []]",5,1.0,0.0018759999999019782,0.00037519999998039563,0.0002633621459432149
billing_256,aten::select,"[[301, 768], [], []]",5,1.0,0.0017929999999578285,0.0003585999999915657,0.00025171019599666897
billing_256,aten::softmax,"[[1, 2], [], []]",5,1.0,0.0017910000001720619,0.0003582000000344124,0.00025142942614832513
billing_256,aten::lift_fresh,[[301]],5,1.0,0.0017500000000266027,0.00035000000000532056,0.0002456736436203164
billing_256,aten::view,"[[3, 1], []]",5,1.0,0.0017090000001189765,0.00034180000002379527,0.0002399178611256958
billing_256,aten::as_strided,"[[3072], [], [], []]",10,2.0,0.0017090000000607687,0.00034180000001215376,0.00023991786111752432
billing_256,aten::as_strided,"[[1, 32], [], [], []]",10,2.0,0.0016660000000001673,0.00033320000000003347,0.0002338813087230093
billing_256,aten::to,"[[301], [], [], [], [], []]",5,1.0,0.0016260000000158925,0.0003252000000031785,0.00022826591115683787
billing_256,aten::to,"[[1, 1, 301, 1], [], [], [], [], [], [], []]",5,1.0,0.001542000000013104,0.0003084000000026208,0.0002164735762628505
billing_256,aten::as_strided,"[[256, 772], [], [], []]",5,1.0,0.0015410000001138543,0.00030820000002277086,0.00021633319133778484
billing_256,aten::resolve_conj,"[[3, 768]]",10,2.0,0.0013750000000291038,0.00027500000000582077,0.00019302929141711423
billing_256,aten::as_strided,"[[2, 256], [], [], []]",5,1.0,0.001374000000068918,0.0002748000000137836,0.00019288890648349406
billing_256,aten::as_strided,"[[1, 1], [], [], []]",10,2.0,0.0013340000000316649,0.00026680000000633297,0.00018727350890988532
billing_256,aten::detach,"[[1, 2]]",5,1.0,0.0013330000000423752,0.000266600000008475,0.0001871331239721794
billing_256,aten::to,"[[1, 1, 1, 301], [], [], [], [], [], [], []]",5,1.0,0.0012090000000184772,0.00024180000000369544,0.00016972539150684956
billing_256,aten::to,"[[1, 2], [], [], [], [], [], [], []]",10,2.0,0.0012079999998386485,0.0002415999999677297,0.0001695850065423948
billing_256,aten::detach_,[[3]],5,1.0,0.0011249999999868123,0.00022499999999736246,0.00015793305660880835
billing_256,aten::to,"[[1, 768], [], [], [], []]",5,1.0,0.0010410000000556465,0.0002082000000111293,0.00014614072172487572
billing_256,aten::to,"[[1, 772], [], [], [], []]",5,1.0,0.001,0.0002,0.0001403849392094753
billing_256,aten::as_strided,"[[301, 768], [], [], []]",5,1.0,0.000999000000026399,0.00019980000000527977,0.00014024455427397183
billing_256,aten::to,"[[1], [], [], [], [], [], [], []]",5,1.0,0.0009579999999684787,0.00019159999999369574,0.0001344887717582522
billing_256,aten::as_strided,"[[256000, 768], [], [], []]",5,1.0,0.0008750000000266028,0.00017500000000532056,0.0001228368218120255
billing_256,aten::to,"[[1, 2], [], [], [], []]",5,1.0,0.0008739999999816064,0.00017479999999632127,0.0001226964368664992
billing_256,aten::zero_,"[[1, 3]]",10,2.0,0.0008340000002460783,0.00016680000004921567,0.00011708103933524808
billing_256,aten::as_strided,"[[256], [], [], []]",5,1.0,0.0007920000000158324,0.0001584000000031665,0.00011118487185612707
billing_256,aten::fill_,"[[], []]",10,2.0,0.0007919999999389802,0.00015839999998779603,0.00011118487184533816
billing_256,aten::resolve_conj,"[[1, 32, 1]]",10,2.0,0.000788000000032298,0.0001576000000064596,0.00011062333210160067
billing_256,aten::as_strided,"[[2], [], [], []]",5,1.0,0.0006650000000372529,0.00013300000000745056,9.335598457953081e-05
billing_256,aten::resolve_neg,"[[1, 3]]",5,1.0,0.0006249999999417923,0.00012499999998835846,8.774058699775057e-05
billing_256,aten::to,"[[1], [], [], [], [], []]",10,2.0,0.0005839999999841439,0.00011679999999682877,8.198480449610761e-05
billing_256,aten::resolve_conj,"[[1, 256]]",10,2.0,0.0005790000001143199,0.00011580000002286398,8.128287981833498e-05
billing_256,aten::resolve_conj,"[[1, 2]]",10,2.0,0.0004999999997089617,9.999999994179233e-05,7.019246956388025e-05
billing_256,aten::to,"[[1, 3, 768], [], [], [], []]",5,1.0,0.0004169999998412095,8.33999999682419e-05,5.85405196280594e-05
billing_256,aten::to,"[[3], [], [], [], [], []]",5,1.0,0.0003759999999865613,7.519999999731226e-05,5.278473714087612e-05
billing_256,aten::lift_fresh,[[]],10,2.0,0.0003729999998731728,7.459999997463456e-05,5.236358230732965e-05
billing_256,aten::resolve_conj,"[[32, 301]]",10,2.0,0.0003719999999320862,7.439999998641724e-05,5.2223197376390735e-05
billing_256,aten::resolve_conj,"[[1, 1, 301]]",10,2.0,0.0003340000000921464,6.680000001842928e-05,4.688856970890071e-05
billing_256,aten::lift_fresh,[[1]],10,2.0,0.00029300000006060145,5.860000001212029e-05,4.113278719688379e-05
billing_256,aten::resolve_conj,"[[1, 301]]",10,2.0,0.0002920000000021901,5.8400000000438014e-05,4.099240224947423e-05
billing_256,aten::resolve_conj,"[[32, 1]]",10,2.0,0.00029099999998152273,5.819999999630454e-05,4.0852017307363375e-05
billing_256,aten::resolve_conj,"[[1, 3]]",5,1.0,0.0002520000000076834,5.0400000001536686e-05,3.537700468186641e-05
billing_256,aten::resolve_conj,"[[3, 1]]",5,1.0,0.0002509999999310821,5.019999998621642e-05,3.5236619731903266e-05
billing_256,aten::lift_fresh,[[3]],5,1.0,0.0002090000000634973,4.1800000012699456e-05,2.93404523036944e-05
billing_256,aten::resolve_conj,"[[1, 772]]",5,1.0,0.00020900000003166498,4.1800000006332994e-05,2.9340452299225617e-05
billing_256,aten::resolve_conj,"[[768, 1]]",5,1.0,0.0001670000000158325,3.34000000031665e-05,2.3444284850205016e-05
billing_256,aten::resolve_neg,"[[1, 2]]",5,1.0,0.00016599999999743887,3.3199999999487776e-05,2.3303899908413352e-05
technical_256,aten::mm,"[[301, 768], [768, 2304]]",220,44.0,267.9496719999995,53.589934399999905,39.65568311233432
technical_256,aten::mm,"[[301, 1152], [1152, 768]]",110,22.0,72.63465400000031,14.526930800000063,10.749693405103567
technical_256,aten::_scaled_dot_product_flash_attention_for_cpu,"[[1, 12, 301, 64], [1, 12, 301, 64], [1, 12, 301, 64], [], [], [1, 1, 301, 301], []]",70,14.0,65.11838100000051,13.023676200000102,9.637309359066046
technical_256,aten::mm,"[[301, 768], [768, 768]]",110,22.0,44.06089599999885,8.81217919999977,6.520869819991705
technical_256,aten::_scaled_dot_product_flash_attention_for_cpu,"[[1, 12, 301, 64], [1, 12, 301, 64], [1, 12, 301, 64], [], [], [], []]",40,8.0,29.391093000000346,5.87821860000007,4.349786516376714
technical_256,aten::mul,"[[1, 12, 301, 64], [1, 1, 301, 64]]",440,88.0,21.341818000000014,4.2683636000000025,3.1585199016370313
technical_256,aten::gelu,"[[1, 301, 1152], []]",110,22.0,18.702536000000137,3.7405072000000272,2.767914718749987
technical_256,aten::addmm,"[[768], [301, 3072], [3072, 768], [], []]",10,2.0,18.623961999999914,3.724792399999983,2.7562860213844713
technical_256,aten::addmm,"[[3072], [301, 768], [768, 3072], [], []]",10,2.0,18.484629000000044,3.6969258000000087,2.7356651889205086
technical_256,aten::addmm,"[[768], [301, 768], [768, 768], [], []]",40,8.0,16.757038999999963,3.3514077999999925,2.4799874675160165
technical_256,aten::native_layer_norm,"[[1, 301, 768], [], [768], [], []]",225,45.0,14.588813999998548,2.9177627999997098,2.1590971940757955
technical_256,aten::cat,"[[], []]",240,48.0,12.959378000001438,2.5918756000002876,1.9179459465843827
technical_256,aten::add,"[[1, 301, 768], [1, 301, 768], []]",240,48.0,11.359741000000234,2.271948200000047,1.6812048545228375
technical_256,aten::_scaled_dot_product_flash_attention_for_cpu,"[[1, 12, 301, 64], [1, 12, 301, 64], [1, 12, 301, 64], [], [], [1, 1, 1, 301], []]",10,2.0,9.38174099999998,1.876348199999996,1.3884672646212248
technical_256,aten::mul,"[[1, 301, 1152], [1, 301, 1152]]",110,22.0,8.70826500000034,1.741653000000068,1.288794999152849
technical_256,aten::add,"[[1, 12, 301, 64], [1, 12, 301, 64], []]",220,44.0,8.09673800000028,1.6193476000000562,1.19829098492648
technical_256,aten::neg,"[[1, 12, 301, 32]]",220,44.0,6.412398999999541,1.2824797999999082,0.9490142713585098
technical_256,aten::where,"[[1, 1, 301, 301], [], []]",140,28.0,3.567286000000551,0.7134572000001101,0.5279467675074772
technical_256,aten::copy_,"[[301, 768], [301, 768], []]",50,10.0,1.568960999999792,0.3137921999999584,0.23220114347295423
technical_256,aten::slice,"[[1, 12, 301, 64], [], [], [], []]",880,176.0,1.4495909999995427,0.28991819999990853,0.2145347703149037
technical_256,aten::native_layer_norm,"[[1, 301, 768], [], [768], [768], []]",20,4.0,1.2565479999996896,0.2513095999999379,0.18596503190877295
technical_256,aten::empty,"[[], [], [], [], [], []]",1285,257.0,1.0404080000003209,0.20808160000006418,0.15397701235308983
technical_256,aten::clamp_min,"[[1, 301, 3072], []]",10,2.0,1.0338510000000531,0.20677020000001062,0.1530065976022995
technical_256,aten::addmm,"[[768], [3, 768], [768, 768], [], []]",5,1.0,0.867271999999939,0.1734543999999878,0.1283534454343279
technical_256,aten::copy_,"[[301, 3072], [301, 3072], []]",10,2.0,0.7523159999999625,0.1504631999999925,0.11134032997188172
technical_256,aten::scaled_dot_product_attention,"[[1, 12, 301, 64], [1, 12, 301, 64], [1, 12, 301, 64], [1, 1, 301, 301], [], [], [], []]",70,14.0,0.629442999999741,0.1258885999999482,0.09315552416599646
technical_256,aten::matmul,"[[1, 301, 768], [768, 2304]]",220,44.0,0.6161839999998621,0.12323679999997242,0.09119323513441427
technical_256,aten::layer_norm,"[[1, 301, 768], [], [768], [], [], []]",225,45.0,0.5437320000001055,0.10874640000002109,0.08047057392942054
technical_256,aten::as_strided,"[[1, 12, 301, 64], [], [], []]",1480,296.0,0.542385000001223,0.1084770000002446,0.08027122229480464
technical_256,aten::transpose,"[[1, 301, 12, 64], [], []]",450,90.0,0.5306310000004846,0.10612620000009691,0.07853166838584646
technical_256,aten::unbind,"[[1, 301, 3, 12, 64], []]",110,22.0,0.49144999999941685,0.09828999999988337,0.07273300735943282
technical_256,aten::split,"[[1, 301, 2304], [], []]",110,22.0,0.47423899999972485,0.09484779999994497,0.07018583513511238
technical_256,aten::select,"[[1, 301, 3, 12, 64], [], []]",330,66.0,0.466824000001407,0.0933648000002814,0.06908843916512869
technical_256,aten::narrow,"[[1, 12, 301, 64], [], [], []]",440,88.0,0.4647459999987827,0.09294919999975654,0.06878090189890841
technical_256,aten::t,"[[2304, 768]]",220,44.0,0.4599509999995001,0.09199019999990002,0.06807125743815615
technical_256,aten::transpose,"[[1, 12, 301, 64], [], []]",590,118.0,0.45261199999927837,0.09052239999985567,0.0669851092215977
technical_256,aten::cos,"[[1, 301, 64]]",10,2.0,0.40420099999988973,0.08084019999997795,0.059820438107064756
technical_256,aten::bitwise_and,"[[], [1, 1, 301, 301]]",10,2.0,0.39049199999997447,0.07809839999999489,0.05779155053379081
technical_256,aten::narrow,"[[1, 301, 2304], [], [], []]",220,44.0,0.3717380000006324,0.07434760000012648,0.055016019309917424
technical_256,aten::index_select,"[[256000, 768], [], [301]]",5,1.0,0.360663000000048,0.0721326000000096,0.053376955200548866
technical_256,aten::unsqueeze,"[[1, 301, 64], []]",220,44.0,0.3447340000004897,0.06894680000009794,0.051019514821674807
technical_256,aten::matmul,"[[1, 301, 1152], [1152, 768]]",110,22.0,0.34387699999980764,0.06877539999996153,0.05089268159885108
technical_256,aten::matmul,"[[1, 301, 768], [768, 768]]",110,22.0,0.3101539999998595,0.062030799999971895,0.0459017868848796
technical_256,aten::sin,"[[1, 301, 64]]",10,2.0,0.30624300000008225,0.06124860000001645,0.04532297155927805
technical_256,aten::chunk,"[[1, 301, 2304], [], []]",110,22.0,0.30441499999999266,0.060882999999998536,0.04505243348325868
technical_256,aten::to,"[[1, 12, 301, 64], [], [], [], []]",660,132.0,0.30221200000005916,0.06044240000001183,0.044726396622523736
technical_256,aten::empty_strided,"[[], [], [], [], [], []]",200,40.0,0.2894040000006514,0.05788080000013028,0.04283085412945702
technical_256,aten::t,"[[768, 1152]]",110,22.0,0.2882359999998644,0.05764719999997288,0.0426579939144745
technical_256,aten::slice,"[[1, 301, 2304], [], [], [], []]",220,44.0,0.2826659999998847,0.056533199999976934,0.04183365196515912
technical_256,aten::linear,"[[1, 301, 768], [2304, 768], []]",220,44.0,0.2753280000003106,0.05506560000006212,0.040747651745455846
technical_256,aten::view,"[[301], []]",490,98.0,0.2669640000005833,0.05339280000011666,0.0395098068506849
technical_256,aten::transpose,"[[2304, 768], [], []]",220,44.0,0.24731900000037516,0.04946380000007503,0.03660241051414426
technical_256,aten::scaled_dot_product_attention,"[[1, 12, 301, 64], [1, 12, 301, 64], [1, 12, 301, 64], [], [], [], [], []]",40,8.0,0.23728999999991124,0.04745799999998225,0.03511815101502461
technical_256,aten::transpose,"[[768, 1152], [], []]",110,22.0,0.2353850000002003,0.04707700000004006,0.03483621718859493
technical_256,aten::linear,"[[1, 301, 768], [768, 768], []]",110,22.0,0.22416600000004933,0.044833200000009864,0.03317584154595086
technical_256,aten::view,"[[1, 301, 768], []]",350,70.0,0.21928200000015338,0.043856400000030674,0.03245302537352982
technical_256,aten::addmm,"[[256], [1, 772], [772, 256], [], []]",5,1.0,0.19941199999983655,0.03988239999996731,0.029512329766129903
technical_256,aten::bitwise_and,"[[1, 1, 301, 301], [1, 1, 301, 1]]",5,1.0,0.19862100000014585,0.03972420000002917,0.029395264329566906
technical_256,aten::scalar_tensor,"[[], [], [], [], []]",160,32.0,0.19438000000027572,0.038876000000055144,0.02876761007338158
technical_256,aten::sub,"[[1, 1, 301, 1], [1, 1, 1, 301], []]",5,1.0,0.19070400000001358,0.038140800000002716,0.028223573986144522
technical_256,aten::empty_like,"[[1, 12, 301, 64], [], [], [], [], []]",120,24.0,0.1885359999992957,0.037707199999859144,0.0279027170118691
technical_256,aten::add,"[[1, 301, 768], [1, 1, 768], []]",5,1.0,0.18807899999992514,0.03761579999998503,0.02783508249296074
technical_256,aten::t,"[[768, 768]]",155,31.0,0.18653900000013804,0.037307800000027605,0.027607167483665433
technical_256,aten::linear,"[[1, 301, 1152], [768, 1152], []]",110,22.0,0.1862379999997611,0.03724759999995222,0.027562620459059408
technical_256,aten::view,"[[1, 301, 2304], []]",110,22.0,0.1708400000000761,0.03416800000001522,0.02528376635935656
technical_256,aten::le,"[[1, 1, 301, 301], []]",5,1.0,0.16699699999997641,0.033399399999995284,0.024715014813339917
technical_256,aten::as_strided,"[[2304, 768], [], [], []]",250,50.0,0.16171200000001043,0.03234240000000209,0.023932851940427956
technical_256,aten::view,"[[1, 301, 1152], []]",110,22.0,0.15603300000027595,0.03120660000005519,0.023092378344384813
technical_256,aten::reshape,"[[1, 301, 768], []]",330,66.0,0.15550699999990272,0.031101399999980545,0.023014532048936137
technical_256,aten::_unsafe_view,"[[301, 2304], []]",220,44.0,0.15303600000009918,0.030607200000019836,0.022648832056727207
technical_256,aten::view,"[[1, 301, 12, 64], []]",110,22.0,0.15233199999982208,0.030466399999964415,0.022544642338136796
technical_256,aten::as_strided,"[[1, 301, 3, 12, 64], [], [], []]",330,66.0,0.15120599999921477,0.030241199999842955,0.0223779979870716
technical_256,aten::abs,"[[1, 1, 301, 301], [0]]",5,1.0,0.14620400000001632,0.029240800000003266,0.021637718197156014
technical_256,aten::as_strided,"[[1, 301, 12, 64], [], [], []]",450,90.0,0.1422749999998982,0.028454999999979642,0.02105623892983657
technical_256,aten::native_layer_norm,"[[1, 3, 768], [], [768], [768], []]",5,1.0,0.12962199999997392,0.025924399999994786,0.019183635934385376
technical_256,aten::reshape,"[[1, 301, 12, 64], []]",110,22.0,0.12937800000001973,0.025875600000003947,0.01914752472512219
technical_256,aten::as_strided,"[[1, 301, 2304], [], [], []]",220,44.0,0.12807999999981712,0.025615999999963425,0.01895542493151675
technical_256,aten::_unsafe_view,"[[301, 768], []]",220,44.0,0.12428200000066865,0.02485640000013373,0.018393333239809517
technical_256,aten::reshape,"[[1, 301, 1152], []]",110,22.0,0.10320999999979447,0.020641999999958895,0.015274745527644771
technical_256,aten::mul,"[[1, 301, 64], []]",20,4.0,0.1029940000001518,0.020598800000030358,0.015242778227688176
technical_256,aten::as_strided,"[[768, 1152], [], [], []]",110,22.0,0.10236399999994775,0.02047279999998955,0.01514954026929701
technical_256,aten::bmm,"[[1, 32, 1], [1, 1, 301]]",10,2.0,0.0989040000000948,0.01978080000001896,0.014637471482129976
technical_256,aten::scaled_dot_product_attention,"[[1, 12, 301, 64], [1, 12, 301, 64], [1, 12, 301, 64], [1, 1, 1, 301], [], [], [], []]",10,2.0,0.09774399999997696,0.01954879999999539,0.014465795241320911
technical_256,aten::transpose,"[[768, 768], [], []]",155,31.0,0.09338399999949705,0.01867679999989941,0.013820529370688284
technical_256,aten::expand,"[[1, 1, 301, 301], [], []]",75,15.0,0.09146099999987017,0.018292199999974036,0.013535931602603595
technical_256,aten::bitwise_and,"[[1, 1, 301, 301], [1, 1, 1, 301]]",5,1.0,0.08958199999997078,0.017916399999994156,0.013257845691887917
technical_256,aten::linear,"[[301, 1, 768], [768, 768], [768]]",30,6.0,0.08458299999980955,0.01691659999996191,0.012518009892107752
technical_256,aten::linear,"[[1, 301, 3072], [768, 3072], [768]]",10,2.0,0.08382800000015414,0.016765600000030828,0.012406272338884892
technical_256,aten::view,"[[301, 768], []]",55,11.0,0.0831679999999178,0.01663359999998356,0.012308594477709857
technical_256,aten::eq,"[[1, 1, 1, 301], []]",10,2.0,0.07529100000015751,0.015058200000031502,0.011142824004714643
technical_256,aten::resolve_conj,"[[301, 768]]",650,130.0,0.07302500000059486,0.014605000000118972,0.010807463348198506
technical_256,aten::view,"[[1, 1, 301, 301], []]",70,14.0,0.0695399999997153,0.01390799999994306,0.010291694641896942
technical_256,aten::transpose,"[[1, 301, 12], [], []]",120,24.0,0.06737700000049426,0.013475400000098853,0.009971577651639578
technical_256,aten::where,"[[1, 1, 1, 301], [], []]",20,4.0,0.06462099999994098,0.012924199999988195,0.009563698582918289
technical_256,aten::dropout,"[[1, 301, 1152], [], []]",110,22.0,0.064207000000064,0.012841400000012802,0.009502427924585
technical_256,aten::linear,"[[1, 301, 768], [3072, 768], [3072]]",10,2.0,0.06271000000022468,0.012542000000044937,0.00928087677593201
technical_256,aten::_to_copy,"[[], [], [], [], [], [], []]",35,7.0,0.05829300000015223,0.011658600000030446,0.008627175090079401
technical_256,aten::layer_norm,"[[1, 301, 768], [], [768], [768], [], []]",20,4.0,0.05716700000010314,0.01143340000002063,0.00846053073909682
technical_256,aten::gather,"[[1, 301, 768], [], [1, 3, 768], []]",5,1.0,0.054165000000124565,0.010833000000024913,0.00801624446767202
technical_256,aten::index,"[[1, 301], []]",5,1.0,0.0520410000000395,0.0104082000000079,0.007701899350899599
technical_256,aten::as_strided,"[[768, 768], [], [], []]",155,31.0,0.05186400000012781,0.010372800000025561,0.007675703924516018
technical_256,aten::as_strided,"[[1, 301, 64], [], [], []]",230,46.0,0.04929299999929754,0.009858599999859507,0.007295204256224811
technical_256,aten::arange,"[[], [], [], [0]]",25,5.0,0.048083000000095126,0.009616600000019026,0.007116128177586076
technical_256,aten::permute,"[[301, 1, 12, 64], []]",30,6.0,0.04778499999962514,0.009556999999925028,0.00707202514324419
technical_256,aten::copy_,"[[], [], []]",35,7.0,0.04570699999989369,0.009141399999978737,0.006764487877452049
technical_256,aten::unflatten,"[[301, 1, 768], [], []]",30,6.0,0.04428100000006088,0.008856200000012176,0.00655344449871054
technical_256,aten::gelu,"[[1, 3, 768], []]",5,1.0,0.04208199999990757,0.008416399999981514,0.006227999624980284
technical_256,aten::transpose,"[[1, 301, 768], [], []]",30,6.0,0.04199499999996624,0.008398999999993249,0.006215123906929597
technical_256,aten::sum,"[[1, 3], [], [], []]",10,2.0,0.04117200000004959,0.008234400000009919,0.006093322574035464
technical_256,aten::matmul,"[[1, 32, 1], [1, 1, 301]]",10,2.0,0.04033199999994463,0.008066399999988925,0.005969005296205307
technical_256,aten::view,"[[301, 1, 768], []]",60,12.0,0.0392910000000993,0.00785820000001986,0.005814940669793649
technical_256,aten::relu,"[[1, 301, 3072]]",10,2.0,0.03854300000015064,0.007708600000030127,0.005704239093842512
technical_256,aten::split,"[[2304, 768], [], []]",10,2.0,0.03812499999994179,0.007624999999988358,0.005642376448422899
technical_256,aten::index_select,"[[3, 768], [], [1]]",5,1.0,0.038122999999963214,0.007624599999992643,0.005642080454907462
technical_256,aten::view,"[[301, 3072], []]",10,2.0,0.036624999999970896,0.007324999999994179,0.005420381309472522
technical_256,aten::masked_fill_,"[[1, 301], [1, 301], []]",10,2.0,0.03583300000010058,0.007166600000020116,0.005303167876123644
technical_256,aten::all,"[[1, 301]]",10,2.0,0.035123000000010736,0.007024600000002147,0.00519809017700513
technical_256,aten::_to_copy,"[[1, 301], [], [], [], [], [], []]",15,3.0,0.034750999999853774,0.006950199999970754,0.005143035382521139
technical_256,aten::expand,"[[768], [], []]",55,11.0,0.03316800000045623,0.0066336000000912455,0.004908756512633459
technical_256,aten::as_strided,"[[1, 301, 12], [], [], []]",120,24.0,0.03311899999981506,0.006623799999963012,0.004901504671332714
technical_256,aten::unsqueeze,"[[1, 301], []]",30,6.0,0.03299800000017786,0.006599600000035571,0.0048835970635107305
technical_256,aten::to,"[[], [], [], [], []]",115,23.0,0.031132999999279036,0.006226599999855807,0.004607583107277386
technical_256,aten::copy_,"[[1, 301], [1, 301], []]",15,3.0,0.031039000000017494,0.006207800000003498,0.004593671412012182
technical_256,aten::clamp,"[[1, 3], [], []]",5,1.0,0.030666000000142957,0.006133200000028592,0.004538468620810685
technical_256,aten::narrow,"[[2304, 768], [], [], []]",30,6.0,0.02637900000001537,0.005275800000003074,0.0039040065136593197
technical_256,aten::zeros_like,"[[1, 301], [], [], [], [], []]",10,2.0,0.02587600000042585,0.00517520000008517,0.0038295641437906
technical_256,aten::embedding,"[[256000, 768], [1, 301], [], [], []]",5,1.0,0.02483199999991007,0.004966399999982014,0.0036750555270018068
technical_256,aten::linear,"[[1, 301, 768], [768, 768], [768]]",10,2.0,0.024704999999987196,0.004940999999997439,0.0036562599385817247
technical_256,aten::unsqueeze,"[[1, 1, 301], []]",20,4.0,0.0238699999999385,0.0047739999999876995,0.0035326826445564114
technical_256,aten::arange,"[[], [], [], [], []]",25,5.0,0.023621000000026697,0.004724200000005339,0.003495831451502987
technical_256,aten::ge,"[[1, 1, 301, 1], []]",5,1.0,0.023123999999981607,0.004624799999996322,0.0034222770621226625
technical_256,aten::slice,"[[2304, 768], [], [], [], []]",30,6.0,0.022080999999743653,0.004416199999948731,0.0032679164421342906
technical_256,aten::addmm,"[[1], [3, 768], [768, 1], [], []]",5,1.0,0.02183100000018021,0.004366200000036042,0.003230917252373119
technical_256,aten::resolve_conj,"[[301, 2304]]",220,44.0,0.021740000000328108,0.004348000000065621,0.003217449547298423
technical_256,aten::slice,"[[1, 301], [], [], [], []]",5,1.0,0.021292000000015833,0.004258400000003167,0.003151146999084409
technical_256,aten::bitwise_not,"[[1, 301]]",5,1.0,0.020500999999989288,0.004100199999997858,0.0030340815624717117
technical_256,aten::topk,"[[1, 3], [], [], [], []]",5,1.0,0.01974900000001071,0.003949800000002142,0.0029227879994789346
technical_256,aten::copy_,"[[3, 768], [3, 768], []]",5,1.0,0.019584000000118975,0.003916800000023795,0.0028983685342099425
technical_256,aten::sum,"[[1, 301], []]",5,1.0,0.018997999999963214,0.003799599999992643,0.00281164243323526
technical_256,aten::select,"[[1, 2], [], []]",15,3.0,0.018624999999970897,0.0037249999999941796,0.002756439642016333
technical_256,aten::expand,"[[1, 32, 1], [], []]",20,4.0,0.018620999999934384,0.003724199999986877,0.0027558476549737173
technical_256,aten::t,"[[768, 3072]]",10,2.0,0.018252999999938763,0.0036505999999877524,0.0027013848475508167
technical_256,aten::stack,"[[], []]",5,1.0,0.018211999999592082,0.0036423999999184165,0.0026953169803680807
technical_256,aten::bitwise_not,"[[1, 3]]",5,1.0,0.017666999999899416,0.003533399999979883,0.002614658746593364
technical_256,aten::linear,"[[1, 3, 768], [768, 768], [768]]",5,1.0,0.01712300000002142,0.0034246000000042838,0.002534148509550522
technical_256,aten::unsqueeze,"[[1, 3], []]",5,1.0,0.016750000000087313,0.0033500000000174627,0.0024789457183402096
technical_256,aten::transpose,"[[768, 3072], [], []]",10,2.0,0.016414000000018858,0.0032828000000037715,0.00242921880720423
technical_256,aten::as_strided,"[[301, 1, 12, 64], [], [], []]",30,6.0,0.016378000000229806,0.003275600000045961,0.0024238909239005365
technical_256,aten::permute,"[[1, 12, 301, 64], []]",10,2.0,0.01587600000022212,0.0031752000000444237,0.0023495965507292324
technical_256,aten::zeros,"[[], [], [], [], []]",15,3.0,0.01579100000009305,0.00315820000001861,0.002337016826169365
technical_256,aten::add,"[[301], [], []]",10,2.0,0.0157070000000424,0.0031414000000084797,0.002324585098380407
technical_256,aten::as_strided,"[[768, 3072], [], [], []]",10,2.0,0.015583000000071479,0.0031166000000142956,0.002306233500231123
technical_256,aten::unsqueeze,"[[1, 768], []]",5,1.0,0.015498999999996158,0.0030997999999992317,0.0022938017724385136
technical_256,aten::unsqueeze,"[[1], []]",30,6.0,0.015497000000294064,0.0030994000000588127,0.002293505778963997
technical_256,aten::squeeze,"[[1, 3, 1], []]",5,1.0,0.01545900000006077,0.003091800000012154,0.002287881902075951
technical_256,aten::full,"[[], [], [], [], [], []]",5,1.0,0.0153760000000608,0.0030752000000121597,0.0022755981710537963
technical_256,aten::split,"[[2304], [], []]",10,2.0,0.0151689999999071,0.00303379999998142,0.0022449628418553034
technical_256,aten::abs,"[[1, 1, 301, 301]]",5,1.0,0.015167000000013331,0.003033400000002666,0.002244666848352419
technical_256,aten::new_ones,"[[1, 1, 301, 1], [], [], [], [], []]",10,2.0,0.014622999999936838,0.0029245999999873676,0.0021641566112802
technical_256,aten::flatten,"[[301, 1, 12, 64], [], []]",10,2.0,0.01433199999984936,0.002866399999969872,0.002121089554310045
technical_256,aten::expand,"[[1, 3, 1], [], []]",5,1.0,0.01404099999999744,0.0028081999999994877,0.0020780224973747517
technical_256,aten::masked_fill,"[[1, 3], [1, 3], []]",5,1.0,0.013998999999923399,0.0027997999999846796,0.002071806633473063
technical_256,aten::_to_copy,"[[1, 1, 301], [], [], [], [], [], []]",10,2.0,0.013918999999949165,0.002783799999989833,0.002059966892732627
technical_256,aten::embedding,"[[3, 768], [1], [], [], []]",5,1.0,0.013624999999956344,0.0027249999999912687,0.0020164558454985717
technical_256,aten::layer_norm,"[[1, 3, 768], [], [768], [768], [], []]",5,1.0,0.013458999999915249,0.00269179999998305,0.0019918883834481715
technical_256,aten::transpose,"[[1, 32, 301], [], []]",10,2.0,0.013332999999997356,0.002666599999999471,0.0019732407917881292
technical_256,aten::slice,"[[2304], [], [], [], []]",30,6.0,0.013083999999929801,0.0026167999999859603,0.0019363895987116544
technical_256,aten::dropout,"[[1, 301, 768], [], []]",25,5.0,0.012751999999917645,0.002550399999983529,0.0018872546746212186
technical_256,aten::as_strided,"[[1, 301, 768], [], [], []]",35,7.0,0.012544999999925492,0.0025089999999850987,0.0018566193454466343
technical_256,aten::unsqueeze,"[[32], []]",10,2.0,0.012540999999893984,0.002508199999978797,0.0018560273584047587
technical_256,aten::addmm,"[[2], [1, 256], [256, 2], [], []]",5,1.0,0.012415999999968334,0.002483199999993667,0.0018375277635028719
technical_256,aten::reshape,"[[1, 1, 1, 301], []]",10,2.0,0.012375999999899478,0.0024751999999798957,0.0018316078931205565
technical_256,aten::transpose,"[[301, 1, 768], [], []]",10,2.0,0.01233399999991525,0.00246679999998305,0.0018253920292321596
technical_256,aten::view,"[[1, 301, 3072], []]",10,2.0,0.012165999999939232,0.0024331999999878465,0.0018005285736727842
technical_256,aten::__and__,"[[], [1, 1, 301, 301]]",10,2.0,0.012083999999930938,0.0024167999999861875,0.0017883928394087012
technical_256,aten::as_strided,"[[1, 1, 301, 301], [], [], []]",75,15.0,0.012038000000133251,0.0024076000000266503,0.001781584988510699
technical_256,aten::empty_like,"[[1, 301], [], [], [], [], []]",10,2.0,0.01199800000016694,0.002399600000033388,0.0017756651181435599
technical_256,aten::unsqueeze,"[[301], []]",15,3.0,0.011833999999999833,0.0023667999999999667,0.0017513936495931167
technical_256,aten::to,"[[1, 3], [], [], [], []]",20,4.0,0.011831999999994878,0.0023663999999989755,0.0017510976560737772
technical_256,aten::select,"[[3, 768], [], []]",5,1.0,0.011749000000039814,0.002349800000007963,0.0017388139250582683
technical_256,aten::log,"[[1, 3]]",5,1.0,0.011581999999907566,0.002316399999981513,0.001714098466235075
technical_256,aten::copy_,"[[1, 1, 301], [1, 1, 301], []]",10,2.0,0.011457999999926187,0.0022915999999852375,0.0016957468680842437
technical_256,aten::mul,"[[1, 3], [1, 3]]",5,1.0,0.011208999999944354,0.002241799999988871,0.0016588956750204548
technical_256,aten::_to_copy,"[[1, 3], [], [], [], [], [], []]",5,1.0,0.0111260000000766,0.0022252000000153203,0.0016466119440178683
technical_256,aten::copy_,"[[1, 3], [1, 3], []]",10,2.0,0.010791999999957625,0.002158399999991525,0.0015971810263930174
technical_256,aten::_softmax,"[[1, 3], [], []]",5,1.0,0.010664999999979045,0.0021329999999958093,0.001578385437964691
technical_256,aten::item,[[]],15,3.0,0.010624999999952478,0.0021249999999904956,0.0015724655675886344
technical_256,aten::select,"[[1, 301], [], []]",10,2.0,0.010417999999978519,0.0020835999999957036,0.0015418302384167422
technical_256,aten::div,"[[1], [1]]",5,1.0,0.01029099999999744,0.002058199999999488,0.0015230346499880457
technical_256,aten::resize_,"[[0], [], []]",25,5.0,0.009999999999997499,0.0019999999999994996,0.0014799675930308462
technical_256,aten::as_strided,"[[1, 301], [], [], []]",50,10.0,0.009791999999931024,0.001958399999986205,0.0014491842670859587
technical_256,aten::to,"[[1, 301], [], [], [], []]",5,1.0,0.00970500000003085,0.00194100000000617,0.0014363085490413613
technical_256,aten::gelu,"[[1, 256], []]",5,1.0,0.009375,0.001875,0.0013874696184667653
technical_256,aten::sub,"[[1], [1], []]",5,1.0,0.009333000000013272,0.0018666000000026543,0.0013812537545779984
technical_256,aten::clone,"[[1, 3], []]",5,1.0,0.009038999999931548,0.0018077999999863096,0.0013377427073307858
technical_256,aten::t,"[[3072, 768]]",10,2.0,0.00899799999978859,0.001799599999957718,0.0013316748401782006
technical_256,aten::narrow,"[[1, 301, 64], [], [], []]",10,2.0,0.008917000000131793,0.0017834000000263588,0.0013196871027254405
technical_256,aten::clamp_min,"[[1, 3], []]",5,1.0,0.008874000000039814,0.0017748000000079628,0.0013133232420617937
technical_256,aten::narrow,"[[2304], [], [], []]",30,6.0,0.00878900000009162,0.0017578000000183238,0.0013007435175286955
technical_256,aten::view,"[[301, 1, 12, 64], []]",10,2.0,0.00874900000001071,0.001749800000002142,0.0012948236471445962
technical_256,aten::fill_,"[[1, 301], []]",5,1.0,0.008665999999968334,0.0017331999999936668,0.0012825399161161659
technical_256,aten::div,"[[1], []]",5,1.0,0.008625000000058208,0.0017250000000116415,0.0012764720489980388
technical_256,aten::zero_,"[[1, 301]]",15,3.0,0.008540999999924678,0.0017081999999849357,0.0012640403211968147
technical_256,aten::view,"[[1, 32, 1], []]",10,2.0,0.008374999999981356,0.001674999999996271,0.0012394728591608845
technical_256,aten::copy_,"[[301], [301], []]",5,1.0,0.00837399999999741,0.001674799999999482,0.0012393248624039573
technical_256,aten::as_strided,"[[768], [], [], []]",55,11.0,0.008331999999674737,0.0016663999999349474,0.0012331089984654714
technical_256,aten::_local_scalar_dense,[[]],15,3.0,0.00795900000004508,0.0015918000000090158,0.0011779062073002168
technical_256,aten::linear,"[[1, 3, 768], [1, 768], [1]]",5,1.0,0.007873000000050524,0.0015746000000101048,0.0011651784860009541
technical_256,aten::unsqueeze,"[[1, 32], []]",10,2.0,0.007835999999959995,0.001567199999991999,0.0011597026058933406
technical_256,aten::as_strided,"[[1, 3], [], [], []]",15,3.0,0.007790999999997439,0.0015581999999994879,0.0011530427517302416
technical_256,aten::clamp,"[[1], [], []]",5,1.0,0.007543000000034226,0.0015086000000068454,0.0011163395554285118
technical_256,aten::masked_fill_,"[[1, 3], [1, 3], []]",5,1.0,0.007333000000042375,0.001466600000008475,0.0010852602359760625
technical_256,aten::view,"[[1, 3, 768], []]",10,2.0,0.007290999999997439,0.0014581999999994878,0.0010790443720786807
technical_256,aten::neg,[[1]],5,1.0,0.007289999999979045,0.001457999999995809,0.0010788963753166556
technical_256,aten::as_strided,"[[1], [], [], []]",45,9.0,0.007289999999762131,0.0014579999999524262,0.001078896375284553
technical_256,aten::transpose,"[[3072, 768], [], []]",10,2.0,0.00695799999992596,0.001391599999985192,0.0010297614512201627
technical_256,aten::fill_,"[[301], []]",5,1.0,0.006580999999952383,0.0013161999999904766,0.0009739666729667964
technical_256,aten::as_strided,"[[1, 32, 1], [], [], []]",30,6.0,0.006543000000060829,0.0013086000000121659,0.0009683427961293274
technical_256,aten::unsqueeze,"[[1, 1], []]",10,2.0,0.006461000000010472,0.0012922000000020945,0.0009562070618590187
technical_256,aten::softmax,"[[1, 3], [], []]",5,1.0,0.006419000000023516,0.0012838000000047031,0.0009499911979702182
technical_256,aten::dropout,"[[1, 301, 3072], [], []]",10,2.0,0.006414999999979045,0.001282999999995809,0.0009493992109264242
technical_256,aten::to,"[[1, 301], [], [], [], [], []]",10,2.0,0.006335000000103264,0.0012670000000206529,0.0009375594702005583
technical_256,aten::select,"[[1, 32, 301], [], []]",10,2.0,0.006335000000076434,0.0012670000000152867,0.0009375594701965875
technical_256,aten::as_strided,"[[1, 1, 301], [], [], []]",40,8.0,0.00604299999999057,0.001208599999998114,0.0008943444164673686
technical_256,aten::select,"[[1, 3], [], []]",10,2.0,0.006042999999962717,0.0012085999999925435,0.0008943444164632463
technical_256,aten::fill_,"[[1, 1], []]",25,5.0,0.0059159999999099004,0.00118319999998198,0.0008755488280239331
technical_256,aten::as_strided,"[[3072, 768], [], [], []]",10,2.0,0.005875000000087312,0.0011750000000174624,0.0008694809609187615
technical_256,aten::copy_,"[[1], [1], []]",5,1.0,0.005875,0.001175,0.0008694809609058397
technical_256,aten::_to_copy,"[[1], [], [], [], [], [], []]",5,1.0,0.005874000000098021,0.0011748000000196043,0.0008693329641610433
technical_256,aten::unsqueeze,"[[1, 1, 1], []]",10,2.0,0.0057100000001082665,0.0011420000000216533,0.0008450614956368477
technical_256,aten::is_nonzero,[[]],10,2.0,0.0057029999999444955,0.0011405999999888991,0.0008440255182974882
technical_256,aten::detach,"[[1, 3]]",10,2.0,0.005670000000071014,0.0011340000000142029,0.0008391416252592095
technical_256,aten::slice,"[[1, 301, 64], [], [], [], []]",10,2.0,0.005584999999902265,0.001116999999980453,0.0008265619006934701
technical_256,aten::copy_,"[[3, 1], [3, 1], []]",5,1.0,0.005583999999857042,0.0011167999999714083,0.0008264139039274739
technical_256,aten::expand,"[[1, 1, 301], [], []]",10,2.0,0.005375999999973373,0.0010751999999946747,0.0007956305780096413
technical_256,aten::new_empty,"[[1, 1, 301, 1], [], [], [], [], []]",10,2.0,0.00516699999997627,0.0010333999999952539,0.0007646992553157174
technical_256,aten::expand,"[[3072], [], []]",10,2.0,0.005124000000272645,0.001024800000054529,0.0007583353947095458
technical_256,aten::copy_,"[[1, 256], [1, 256], []]",5,1.0,0.00491700000007404,0.000983400000014808,0.0007277000655044068
technical_256,aten::as_strided,"[[1, 32, 301], [], [], []]",20,4.0,0.004829999999921256,0.0009659999999842512,0.0007148243474224236
technical_256,aten::select,"[[1, 1, 301], [], []]",10,2.0,0.00479399999996258,0.000958799999992516,0.000709496464093627
technical_256,aten::_unsafe_view,"[[1, 32, 301], []]",10,2.0,0.0047510000000027044,0.0009502000000005409,0.0007031326034495312
technical_256,aten::expand,"[[1, 1, 1, 301], [], []]",10,2.0,0.004750000000160071,0.0009500000000320141,0.0007029846067135178
technical_256,aten::to,"[[1, 1, 301], [], [], [], []]",10,2.0,0.004750000000127102,0.0009500000000254204,0.0007029846067086385
technical_256,aten::as_strided,"[[1, 3, 1], [], [], []]",10,2.0,0.004666999999870313,0.0009333999999740627,0.0006907008756484754
technical_256,aten::to,"[[1, 301, 64], [], [], [], []]",20,4.0,0.0045820000001958764,0.0009164000000391753,0.0006781211511558923
technical_256,aten::_softmax,"[[1, 2], [], []]",5,1.0,0.004540999999939231,0.0009081999999878462,0.0006720532839864818
technical_256,aten::resolve_conj,"[[301, 1152]]",110,22.0,0.0044209999998602156,0.0008841999999720431,0.0006542936728584129
technical_256,aten::view,"[[1, 1, 1, 301], []]",15,3.0,0.004375000000175987,0.0008750000000351974,0.0006474858219772027
technical_256,aten::linear,"[[1, 772], [256, 772], [256]]",5,1.0,0.0042099999998463315,0.0008419999999692663,0.0006230663566433997
technical_256,aten::as_strided,"[[2304], [], [], []]",30,6.0,0.004208000000071479,0.0008416000000142958,0.0006227703631581146
technical_256,aten::to,"[[1, 3], [], [], [], [], [], [], []]",20,4.0,0.0041630000000347995,0.0008326000000069599,0.0006161105089840456
technical_256,aten::__and__,"[[1, 1, 301, 301], [1, 1, 301, 1]]",5,1.0,0.004125999999788291,0.0008251999999576582,0.0006106346288533477
technical_256,aten::select,"[[1, 301, 768], [], []]",5,1.0,0.004123999999865191,0.0008247999999730383,0.0006103386353461224
technical_256,aten::reshape,"[[1, 32, 1], []]",10,2.0,0.003958000000074208,0.0007916000000148416,0.0005857711733327379
technical_256,aten::select,"[[1, 32, 1], [], []]",10,2.0,0.003957000000066273,0.0007914000000132546,0.0005856231765722606
technical_256,aten::as_strided,"[[1, 768], [], [], []]",15,3.0,0.0039139999999897555,0.0007827999999979511,0.0005792593159109019
technical_256,aten::to,"[[1, 1, 301, 301], [], [], [], [], [], [], []]",10,2.0,0.003874999999986812,0.0007749999999973624,0.0005734874422976446
technical_256,aten::copy_,"[[3], [], []]",5,1.0,0.003706000000066297,0.0007412000000132594,0.0005484759899871805
technical_256,aten::empty_like,"[[1, 3], [], [], [], [], []]",5,1.0,0.0036690000000817236,0.0007338000000163447,0.0005430001098952481
technical_256,aten::reshape,"[[1, 301], []]",5,1.0,0.0036670000000422077,0.0007334000000084415,0.0005427041163707937
technical_256,aten::transpose,"[[1, 768], [], []]",5,1.0,0.0035860000000393485,0.0007172000000078697,0.0005307163788668176
technical_256,aten::expand,"[[1, 1, 1, 1], [], []]",5,1.0,0.0035010000000183935,0.0007002000000036787,0.0005181366543229511
technical_256,aten::view,"[[3], []]",10,2.0,0.0035,0.0007,0.0005179886575609258
technical_256,aten::view,"[[1, 1, 301], []]",10,2.0,0.003458000000013271,0.0006916000000026542,0.0005117727936721588
technical_256,aten::to,"[[1], [], [], [], []]",10,2.0,0.003457999999955064,0.0006915999999910127,0.0005117727936635442
technical_256,aten::linear,"[[1, 256], [2, 256], [2]]",5,1.0,0.0034160000002302696,0.0006832000000460539,0.0005055569298135427
technical_256,aten::as_strided,"[[32], [], [], []]",10,2.0,0.003376000000076601,0.0006752000000153203,0.0004996370594186754
technical_256,aten::t,"[[1, 768]]",5,1.0,0.0033739999999525027,0.0006747999999905006,0.0004993410658817029
technical_256,aten::__and__,"[[1, 1, 301, 301], [1, 1, 1, 301]]",5,1.0,0.0032500000000131877,0.0006500000000026375,0.000480989467737097
technical_256,aten::copy_,"[[1, 2], [1, 2], []]",5,1.0,0.0032089999999734575,0.0006417999999946915,0.0004749216005997891
technical_256,aten::t,"[[2, 256]]",5,1.0,0.0032079999999841675,0.0006415999999968335,0.00047477360384207113
technical_256,aten::t,"[[256, 772]]",5,1.0,0.0032049999999871942,0.0006409999999974389,0.00047432961356460966
technical_256,aten::copy_,"[[301], [], []]",5,1.0,0.00316799999998932,0.000633599999997864,0.00046885373347070873
technical_256,aten::transpose,"[[256, 772], [], []]",5,1.0,0.0031259999999892897,0.000625199999997858,0.0004626378695799732
technical_256,aten::as_strided,"[[3, 768], [], [], []]",5,1.0,0.003124999999985448,0.0006249999999970896,0.0004624898728201015
technical_256,aten::as_strided,"[[1, 1, 1, 1], [], [], []]",5,1.0,0.0031239999999684185,0.0006247999999936837,0.00046234187605827807
technical_256,aten::as_strided,"[[], [], [], []]",15,3.0,0.003040000000050668,0.0006080000000101336,0.0004499101482889885
technical_256,aten::select,"[[256000, 768], [], []]",5,1.0,0.0028330000000687506,0.0005666000000137501,0.0004192748191159184
technical_256,aten::reshape,"[[1, 1, 301], []]",10,2.0,0.0027519999999335598,0.000550399999986712,0.00040728708159235775
technical_256,aten::_reshape_alias,"[[1, 1, 1, 301], [], []]",5,1.0,0.002751000000002705,0.000550200000000541,0.00040713908484328793
technical_256,aten::transpose,"[[2, 256], [], []]",5,1.0,0.0027499999999417925,0.0005499999999883585,0.00040699108807497
technical_256,aten::as_strided,"[[301], [], [], []]",15,3.0,0.0027490000000107103,0.0005498000000021421,0.0004068430913258665
technical_256,aten::log,[[1]],5,1.0,0.0027079999999841675,0.0005415999999968335,0.00040077522419051026
technical_256,aten::to,"[[1, 32, 1], [], [], [], [], []]",10,2.0,0.0026680000000314976,0.0005336000000062995,0.0003948553538253901
technical_256,aten::detach_,[[301]],5,1.0,0.0025010000000185075,0.0005002000000037015,0.00037013989501984623
technical_256,aten::copy_,"[[3], [3], []]",5,1.0,0.0024989999999525028,0.0004997999999905006,0.0003698439014914715
technical_256,aten::as_strided,"[[301, 1, 768], [], [], []]",10,2.0,0.0024160000000265427,0.00048320000000530856,0.00035756017048027013
technical_256,aten::as_strided,"[[1, 1, 1], [], [], []]",10,2.0,0.002374999999984084,0.0004749999999968168,0.0003514923033425584
technical_256,aten::view,"[[1, 301], []]",5,1.0,0.0023319999999685025,0.0004663999999937005,0.00034512844269021813
technical_256,aten::to,"[[1, 301], [], [], [], [], [], [], []]",10,2.0,0.0022899999999658575,0.0004579999999931715,0.0003389125787990956
technical_256,aten::select,"[[1, 768], [], []]",5,1.0,0.002249999999956344,0.00044999999999126885,0.0003329927084255628
technical_256,aten::expand,"[[256], [], []]",5,1.0,0.0022080000001296865,0.0004416000000259373,0.00032677684456048576
technical_256,aten::as_strided,"[[1, 2], [], [], []]",15,3.0,0.002123999999894295,0.000424799999978859,0.00031434511674418637
technical_256,aten::expand,"[[2], [], []]",5,1.0,0.0020839999999152496,0.0004167999999830499,0.0003084252463751627
technical_256,aten::view,"[[3, 768], []]",5,1.0,0.0020830000000132713,0.0004166000000026543,0.0003082772496303665
technical_256,aten::resolve_conj,"[[301, 3072]]",20,4.0,0.002080000000045402,0.0004160000000090804,0.00030783325935721233
technical_256,aten::detach_,[[1]],10,2.0,0.0020420000001030304,0.0004084000000206061,0.00030220938251222253
technical_256,aten::expand,"[[1], [], []]",5,1.0,0.0020420000000158324,0.0004084000000031665,0.00030220938249931754
technical_256,aten::to,"[[301], [], [], [], [], []]",5,1.0,0.0020419999999418226,0.0004083999999883645,0.0003022093824883643
technical_256,aten::fill_,"[[3], []]",5,1.0,0.0019600000000184535,0.0003920000000036907,0.00029007364823684947
technical_256,aten::as_strided,"[[1, 1, 1, 301], [], [], []]",10,2.0,0.001915999999939231,0.0003831999999878462,0.00028356179081578747
technical_256,aten::to,"[[1, 1, 301, 1], [], [], [], [], [], [], []]",5,1.0,0.0018749999999733973,0.00037499999999467945,0.000277493923689416
technical_256,aten::select,"[[301, 768], [], []]",5,1.0,0.001791000000042459,0.0003582000000084918,0.00026506219591817463
technical_256,aten::softmax,"[[1, 2], [], []]",5,1.0,0.0017500000000582076,0.0003500000000116415,0.0002589943287890774
technical_256,aten::as_strided,"[[1, 32], [], [], []]",10,2.0,0.001664000000024089,0.00033280000000481777,0.0002462666074839595
technical_256,aten::as_strided,"[[3072], [], [], []]",10,2.0,0.0016269999997748528,0.0003253999999549706,0.00024079072735285785
technical_256,aten::view,"[[3, 1], []]",5,1.0,0.0015850000000209548,0.000317000000004191,0.00023457486349854904
technical_256,aten::as_strided,"[[256, 772], [], [], []]",5,1.0,0.001584000000031665,0.000316800000006333,0.00023442686674083097
technical_256,aten::as_strided,"[[2, 256], [], [], []]",5,1.0,0.0015830000000423752,0.00031660000000847504,0.00023427886998311296
technical_256,aten::lift_fresh,[[301]],5,1.0,0.0015819999999815764,0.0003163999999963153,0.0002341308732148118
technical_256,aten::resolve_conj,"[[3, 768]]",10,2.0,0.0014580000000423753,0.00029160000000847503,0.0002157792750702227
technical_256,aten::as_strided,"[[1, 1], [], [], []]",10,2.0,0.0014139999999922565,0.0002827999999984513,0.000209267417653468
technical_256,aten::to,"[[1, 2], [], [], [], [], [], [], []]",10,2.0,0.0012520000000076834,0.00025040000000153665,0.00018529194264864542
technical_256,aten::detach_,[[3]],5,1.0,0.001209000000105675,0.000241800000021135,0.00017892808201311363
technical_256,aten::to,"[[1, 1, 1, 301], [], [], [], [], [], [], []]",5,1.0,0.0012089999999734572,0.00024179999999469144,0.00017892808199354582
technical_256,aten::detach,"[[1, 2]]",5,1.0,0.0012089999999152497,0.00024179999998304993,0.0001789280819849313
technical_256,aten::as_strided,"[[301, 768], [], [], []]",5,1.0,0.001166999999957625,0.000233399999991525,0.00017271221810047157
technical_256,aten::to,"[[1, 768], [], [], [], []]",5,1.0,0.0010839999998861459,0.00021679999997722916,0.0001604284870677338
technical_256,aten::to,"[[1, 772], [], [], [], []]",5,1.0,0.000958000000071479,0.0001916000000142958,0.00014178089542296918
technical_256,aten::to,"[[1], [], [], [], [], [], [], []]",5,1.0,0.0009159999999709498,0.00018319999999418996,0.0001355650315173601
technical_256,aten::to,"[[1, 2], [], [], [], []]",5,1.0,0.0008729999999923166,0.00017459999999846332,0.00012920117087048807
technical_256,aten::zero_,"[[1, 3]]",10,2.0,0.0008319999999973789,0.00016639999999947577,0.00012313330373980928
technical_256,aten::resolve_conj,"[[1, 32, 1]]",10,2.0,0.0007539999999121392,0.00015079999998242783,0.0001115895565015506
technical_256,aten::as_strided,"[[256000, 768], [], [], []]",5,1.0,0.0007500000000027285,0.0001500000000005457,0.00011099756947774504
technical_256,aten::resolve_neg,"[[1, 3]]",5,1.0,0.00066800000006333,0.000133600000012666,9.886183522385788e-05
technical_256,aten::to,"[[1], [], [], [], [], []]",10,2.0,0.0006659999999392312,0.00013319999998784624,9.856584168688543e-05
technical_256,aten::fill_,"[[], []]",10,2.0,0.000626000000058184,0.0001252000000116368,9.26459713323652e-05
technical_256,aten::as_strided,"[[2], [], [], []]",5,1.0,0.0005829999999841675,0.0001165999999968335,8.628211067137676e-05
technical_256,aten::as_strided,"[[256], [], [], []]",5,1.0,0.0005829999999259598,0.00011659999998519195,8.628211066276221e-05
technical_256,aten::resolve_conj,"[[1, 256]]",10,2.0,0.0005410000000847504,0.00010820000001695008,8.006624679553158e-05
technical_256,aten::resolve_conj,"[[1, 301]]",10,2.0,0.00041700000007131166,8.340000001426234e-05,6.171464863995562e-05
technical_256,aten::resolve_conj,"[[1, 2]]",10,2.0,0.0003769999999785796,7.539999999571591e-05,5.579477825410671e-05
technical_256,aten::resolve_conj,"[[32, 1]]",10,2.0,0.0003769999999335596,7.539999998671193e-05,5.5794778247443894e-05
technical_256,aten::resolve_conj,"[[32, 301]]",10,2.0,0.0003760000000049786,7.520000000099572e-05,5.5646781498710555e-05
technical_256,aten::to,"[[1, 3, 768], [], [], [], []]",5,1.0,0.0003759999998437706,7.519999996875412e-05,5.564678147485229e-05
technical_256,aten::lift_fresh,[[]],10,2.0,0.0003729999999790152,7.459999999580305e-05,5.520279121695869e-05
technical_256,aten::to,"[[3], [], [], [], [], []]",5,1.0,0.0003350000000076534,6.700000000153068e-05,4.957891436767843e-05
technical_256,aten::resolve_conj,"[[1, 1, 301]]",10,2.0,0.0003340000000289365,6.680000000578729e-05,4.9430917611525134e-05
technical_256,aten::lift_fresh,[[1]],10,2.0,0.0003339999999707288,6.679999999414577e-05,4.9430917602910586e-05
technical_256,aten::resolve_conj,"[[1, 3]]",5,1.0,0.00025099999996018596,5.019999999203719e-05,3.714718657919118e-05
technical_256,aten::resolve_conj,"[[768, 1]]",5,1.0,0.0002090000001480803,4.180000002961606e-05,3.0931322716267825e-05
technical_256,aten::resolve_conj,"[[3, 1]]",5,1.0,0.000208999999857042,4.1799999971408396e-05,3.09313226731951e-05
technical_256,aten::resolve_neg,"[[1, 2]]",5,1.0,0.00020699999999487773,4.139999999897555e-05,3.06353291749881e-05
technical_256,aten::resolve_conj,"[[1, 772]]",5,1.0,0.00016700000007404013,3.3400000014808025e-05,2.4715458814579015e-05
technical_256,aten::lift_fresh,[[3]],5,1.0,0.0001659999999816364,3.319999999632728e-05,2.456746204160044e-05
other_256,aten::mm,"[[301, 768], [768, 2304]]",220,44.0,281.8395829999987,56.36791659999974,39.88677638329641
other_256,aten::mm,"[[301, 1152], [1152, 768]]",110,22.0,76.2865780000001,15.257315600000021,10.7963035047952
other_256,aten::_scaled_dot_product_flash_attention_for_cpu,"[[1, 12, 301, 64], [1, 12, 301, 64], [1, 12, 301, 64], [], [], [1, 1, 301, 301], []]",70,14.0,67.8727579999997,13.57455159999994,9.605554663567586
other_256,aten::mm,"[[301, 768], [768, 768]]",110,22.0,46.38375400000119,9.276750800000238,6.564366878217694
other_256,aten::_scaled_dot_product_flash_attention_for_cpu,"[[1, 12, 301, 64], [1, 12, 301, 64], [1, 12, 301, 64], [], [], [], []]",40,8.0,30.463657000000232,6.092731400000046,4.311307381463368
other_256,aten::mul,"[[1, 12, 301, 64], [1, 1, 301, 64]]",440,88.0,22.562918999998523,4.512583799999705,3.193171431520941
other_256,aten::gelu,"[[1, 301, 1152], []]",110,22.0,19.960346999999874,3.992069399999975,2.824847698280905
other_256,aten::addmm,"[[768], [301, 3072], [3072, 768], [], []]",10,2.0,19.775634000000046,3.9551268000000093,2.79870656491824
other_256,aten::addmm,"[[3072], [301, 768], [768, 3072], [], []]",10,2.0,19.572851000000025,3.914570200000005,2.7700081113893225
other_256,aten::addmm,"[[768], [301, 768], [768, 768], [], []]",40,8.0,17.792057999999905,3.558411599999981,2.5179849873842572
other_256,aten::native_layer_norm,"[[1, 301, 768], [], [768], [], []]",225,45.0,15.389575999999199,3.0779151999998398,2.1779785862999814
other_256,aten::cat,"[[], []]",240,48.0,12.994679000000168,2.5989358000000338,1.8390456369846635
other_256,aten::add,"[[1, 301, 768], [1, 301, 768], []]",240,48.0,11.813611000000483,2.3627222000000967,1.6718973794261967
other_256,aten::_scaled_dot_product_flash_attention_for_cpu,"[[1, 12, 301, 64], [1, 12, 301, 64], [1, 12, 301, 64], [], [], [1, 1, 1, 301], []]",10,2.0,9.308167999999947,1.8616335999999893,1.3173196312675322
other_256,aten::add,"[[1, 12, 301, 64], [1, 12, 301, 64], []]",220,44.0,8.487648000000611,1.6975296000001223,1.2011971994585264
other_256,aten::mul,"[[1, 301, 1152], [1, 301, 1152]]",110,22.0,7.5343769999994405,1.506875399999888,1.0662874511364526
other_256,aten::neg,"[[1, 12, 301, 32]]",220,44.0,6.706298000000412,1.3412596000000825,0.9490952471561303
other_256,aten::where,"[[1, 1, 301, 301], [], []]",140,28.0,3.665471999999822,0.7330943999999644,0.5187485038367654
other_256,aten::copy_,"[[301, 768], [301, 768], []]",50,10.0,1.512429000000091,0.30248580000001823,0.2140434522237301
other_256,aten::slice,"[[1, 12, 301, 64], [], [], [], []]",880,176.0,1.4287169999999039,0.2857433999999808,0.2021962809035611
other_256,aten::native_layer_norm,"[[1, 301, 768], [], [768], [768], []]",20,4.0,1.2852250000001222,0.25704500000002445,0.18188886611156835
other_256,aten::addmm,"[[768], [3, 768], [768, 768], [], []]",5,1.0,1.1485590000000374,0.2297118000000075,0.16254748714989498
other_256,aten::clamp_min,"[[1, 301, 3072], []]",10,2.0,1.0538110000000742,0.21076220000001483,0.14913846827278743
other_256,aten::empty,"[[], [], [], [], [], []]",1285,257.0,0.9933470000008963,0.19866940000017924,0.1405814230858207
other_256,aten::copy_,"[[301, 3072], [301, 3072], []]",10,2.0,0.7768989999998885,0.1553797999999777,0.10994905809735851
other_256,aten::matmul,"[[1, 301, 768], [768, 2304]]",220,44.0,0.666123000001159,0.13322460000023179,0.09427170897005234
other_256,aten::scaled_dot_product_attention,"[[1, 12, 301, 64], [1, 12, 301, 64], [1, 12, 301, 64], [1, 1, 301, 301], [], [], [], []]",70,14.0,0.6341979999994964,0.1268395999998993,0.0897535879788534
other_256,aten::layer_norm,"[[1, 301, 768], [], [768], [], [], []]",225,45.0,0.5456040000007538,0.10912080000015076,0.07721550149278435
other_256,aten::as_strided,"[[1, 12, 301, 64], [], [], []]",1480,296.0,0.5367609999998262,0.10735219999996523,0.07596401382082563
other_256,aten::transpose,"[[1, 301, 12, 64], [], []]",450,90.0,0.5293680000013821,0.10587360000027642,0.07491773446360825
other_256,aten::reshape,"[[1, 301, 12, 64], []]",110,22.0,0.4918690000000069,0.09837380000000137,0.06961076440734015
other_256,aten::split,"[[1, 301, 2304], [], []]",110,22.0,0.4768220000001747,0.09536440000003495,0.0674812681958986
other_256,aten::transpose,"[[1, 12, 301, 64], [], []]",590,118.0,0.4547930000000561,0.09095860000001123,0.0643636585698853
other_256,aten::unbind,"[[1, 301, 3, 12, 64], []]",110,22.0,0.44048999999954447,0.08809799999990889,0.062339455452075934
other_256,aten::select,"[[1, 301, 3, 12, 64], [], []]",330,66.0,0.43390400000126234,0.08678080000025247,0.06140738513606259
other_256,aten::narrow,"[[1, 12, 301, 64], [], [], []]",440,88.0,0.4304780000001947,0.08609560000003894,0.06092252742204958
other_256,aten::cos,"[[1, 301, 64]]",10,2.0,0.40732499999991617,0.08146499999998323,0.057645845971617635
other_256,aten::index_select,"[[256000, 768], [], [301]]",5,1.0,0.4044460000001893,0.08088920000003787,0.057238401325360774
other_256,aten::bitwise_and,"[[], [1, 1, 301, 301]]",10,2.0,0.36507399999995593,0.07301479999999119,0.051666358736252686
other_256,aten::t,"[[2304, 768]]",220,44.0,0.36464900000010564,0.07292980000002112,0.05160621147171131
other_256,aten::matmul,"[[1, 301, 1152], [1152, 768]]",110,22.0,0.3635819999995083,0.07271639999990166,0.05145520645683091
other_256,aten::unsqueeze,"[[1, 301, 64], []]",220,44.0,0.3314939999999542,0.06629879999999085,0.04691401722093342
other_256,aten::matmul,"[[1, 301, 768], [768, 768]]",110,22.0,0.32653200000008925,0.06530640000001785,0.04621178021681279
other_256,aten::narrow,"[[1, 301, 2304], [], [], []]",220,44.0,0.3140049999996517,0.06280099999993034,0.04443892190339765
other_256,aten::chunk,"[[1, 301, 2304], [], []]",110,22.0,0.31124099999993804,0.06224819999998761,0.04404775239931841
other_256,aten::to,"[[1, 12, 301, 64], [], [], [], []]",660,132.0,0.3044120000018115,0.060882400000362304,0.04308129200029486
other_256,aten::sin,"[[1, 301, 64]]",10,2.0,0.3002849999999214,0.06005699999998428,0.042497226680381105
other_256,aten::expand,"[[1, 1, 301, 301], [], []]",75,15.0,0.2903639999998574,0.05807279999997148,0.04109317724101887
other_256,aten::empty_strided,"[[], [], [], [], [], []]",200,40.0,0.2804930000002239,0.05609860000004478,0.03969620395048961
other_256,aten::linear,"[[1, 301, 768], [2304, 768], []]",220,44.0,0.2765220000000878,0.05530440000001756,0.039134216214992905
other_256,aten::slice,"[[1, 301, 2304], [], [], [], []]",220,44.0,0.26836100000046376,0.05367220000009275,0.03797924721246964
other_256,aten::t,"[[768, 1152]]",110,22.0,0.26524299999986756,0.05304859999997351,0.03753797857495928
other_256,aten::view,"[[301], []]",490,98.0,0.26140999999957604,0.05228199999991521,0.036995521010051505
other_256,aten::addmm,"[[256], [1, 772], [772, 256], [], []]",5,1.0,0.2477459999997227,0.04954919999994454,0.03506175107364227
other_256,aten::transpose,"[[2304, 768], [], []]",220,44.0,0.24462399999950818,0.04892479999990164,0.034619916344284164
other_256,aten::transpose,"[[768, 1152], [], []]",110,22.0,0.23711899999974412,0.04742379999994882,0.033557786413630546
other_256,aten::scaled_dot_product_attention,"[[1, 12, 301, 64], [1, 12, 301, 64], [1, 12, 301, 64], [], [], [], [], []]",40,8.0,0.22828499999968657,0.04565699999993732,0.032307572448573914
other_256,aten::sub,"[[1, 1, 301, 1], [1, 1, 1, 301], []]",5,1.0,0.22520299999997132,0.04504059999999426,0.03187139863830411
other_256,aten::linear,"[[1, 301, 768], [768, 768], []]",110,22.0,0.2241200000003446,0.04482400000006892,0.031718129255954006
other_256,aten::view,"[[1, 301, 768], []]",350,70.0,0.21736799999981535,0.04347359999996307,0.030762566125699418
other_256,aten::t,"[[768, 768]]",155,31.0,0.19708100000063944,0.03941620000012789,0.027891489523038306
other_256,aten::linear,"[[1, 301, 1152], [768, 1152], []]",110,22.0,0.19482700000031944,0.03896540000006389,0.027572496736348318
other_256,aten::scalar_tensor,"[[], [], [], [], []]",160,32.0,0.19302700000016013,0.03860540000003203,0.02731775538053141
other_256,aten::empty_like,"[[1, 12, 301, 64], [], [], [], [], []]",120,24.0,0.19150200000010137,0.038300400000020274,0.027101932842975105
other_256,aten::bitwise_and,"[[1, 1, 301, 301], [1, 1, 301, 1]]",5,1.0,0.18378699999995546,0.03675739999999109,0.02601008308742479
other_256,aten::view,"[[1, 301, 2304], []]",110,22.0,0.17674200000022525,0.03534840000004505,0.02501305372547898
other_256,aten::add,"[[1, 301, 768], [1, 1, 768], []]",5,1.0,0.17462000000011177,0.034924000000022354,0.02471274197157647
other_256,aten::le,"[[1, 1, 301, 301], []]",5,1.0,0.17362099999997144,0.034724199999994286,0.024571360519090747
other_256,aten::view,"[[1, 301, 1152], []]",110,22.0,0.1716140000001342,0.03432280000002684,0.02428732390740308
other_256,aten::_unsafe_view,"[[301, 2304], []]",220,44.0,0.1713589999995625,0.0342717999999125,0.024251235548584632
other_256,aten::as_strided,"[[1, 301, 3, 12, 64], [], [], []]",330,66.0,0.16891699999955748,0.03378339999991149,0.02390563644255626
other_256,aten::as_strided,"[[2304, 768], [], [], []]",250,50.0,0.1665000000005639,0.03330000000011278,0.023563575411057067
other_256,aten::view,"[[1, 301, 12, 64], []]",110,22.0,0.16490800000011405,0.03298160000002281,0.02333827083409084
other_256,aten::abs,"[[1, 1, 301, 301], [0]]",5,1.0,0.1508299999999449,0.03016599999998898,0.02134591038580421
other_256,aten::as_strided,"[[1, 301, 12, 64], [], [], []]",450,90.0,0.14428399999911926,0.02885679999982385,0.020419500988448584
other_256,aten::reshape,"[[1, 301, 768], []]",330,66.0,0.13921499999949266,0.027842999999898532,0.019702121025989446
other_256,aten::_unsafe_view,"[[301, 768], []]",220,44.0,0.13137499999952162,0.026274999999904326,0.018592580898533717
other_256,aten::as_strided,"[[1, 301, 2304], [], [], []]",220,44.0,0.1295769999998438,0.02591539999996876,0.01833812258873585
other_256,aten::as_strided,"[[768, 1152], [], [], []]",110,22.0,0.11320400000039992,0.022640800000079984,0.01602096691191407
other_256,aten::reshape,"[[1, 301, 1152], []]",110,22.0,0.10675699999998413,0.021351399999996825,0.01510856828918514
other_256,aten::native_layer_norm,"[[1, 3, 768], [], [768], [768], []]",5,1.0,0.1035010000000766,0.02070020000001532,0.014647769481161333
other_256,aten::linear,"[[301, 1, 768], [768, 768], [768]]",30,6.0,0.09724299999960931,0.01944859999992186,0.013762118700783515
other_256,aten::mul,"[[1, 301, 64], []]",20,4.0,0.09520800000015266,0.01904160000003053,0.013474119445837355
other_256,aten::transpose,"[[768, 768], [], []]",155,31.0,0.09449499999956698,0.018898999999913395,0.013373213564264817
other_256,aten::bitwise_and,"[[1, 1, 301, 301], [1, 1, 1, 301]]",5,1.0,0.09124799999993662,0.018249599999987324,0.012913688463059214
other_256,aten::scaled_dot_product_attention,"[[1, 12, 301, 64], [1, 12, 301, 64], [1, 12, 301, 64], [1, 1, 1, 301], [], [], [], []]",10,2.0,0.08837200000006123,0.017674400000012247,0.012506668385707659
other_256,aten::linear,"[[1, 301, 3072], [768, 3072], [768]]",10,2.0,0.08358200000028591,0.016716400000057183,0.011828773333375606
other_256,aten::view,"[[301, 768], []]",55,11.0,0.08245699999980445,0.01649139999996089,0.011669559985935999
other_256,aten::eq,"[[1, 1, 1, 301], []]",10,2.0,0.07745700000005308,0.015491400000010615,0.010961945108764661
other_256,aten::resolve_conj,"[[301, 768]]",650,130.0,0.07421699999943554,0.014843399999887107,0.010503410668247433
other_256,aten::view,"[[1, 1, 301, 301], []]",70,14.0,0.07087500000018918,0.014175000000037834,0.010030440884429252
other_256,aten::transpose,"[[1, 301, 12], [], []]",120,24.0,0.07017199999974583,0.014034399999949165,0.009930950232631273
other_256,aten::where,"[[1, 1, 1, 301], [], []]",20,4.0,0.06632900000043446,0.013265800000086892,0.009387077438107795
other_256,aten::dropout,"[[1, 301, 1152], [], []]",110,22.0,0.06488100000020587,0.012976200000041174,0.009182152169636434
other_256,aten::linear,"[[1, 301, 768], [3072, 768], [3072]]",10,2.0,0.06466900000002351,0.012933800000004703,0.00915214929881707
other_256,aten::bmm,"[[1, 32, 1], [1, 1, 301]]",10,2.0,0.06245699999986823,0.012491399999973646,0.008839100477118928
other_256,aten::_to_copy,"[[], [], [], [], [], [], []]",35,7.0,0.05574799999992592,0.011149599999985185,0.007889622834891379
other_256,aten::as_strided,"[[768, 768], [], [], []]",155,31.0,0.0534600000000246,0.01069200000000492,0.0075658182670956375
other_256,aten::index,"[[1, 301], []]",5,1.0,0.05329299999991781,0.010658599999983562,0.007542183930181828
other_256,aten::as_strided,"[[1, 301, 64], [], [], []]",230,46.0,0.04749700000004191,0.009499400000008382,0.006721916764541588
other_256,aten::permute,"[[301, 1, 12, 64], []]",30,6.0,0.04641699999978301,0.009283399999956601,0.006569071951028337
other_256,aten::arange,"[[], [], [], [0]]",25,5.0,0.046123000000060754,0.009224600000012151,0.006527464196287901
other_256,aten::copy_,"[[], [], []]",35,7.0,0.04512300000002392,0.009024600000004785,0.006385941220841384
other_256,aten::gather,"[[1, 301, 768], [], [1, 3, 768], []]",5,1.0,0.04345599999994738,0.008691199999989475,0.006150022420769896
other_256,aten::sum,"[[1, 3], [], [], []]",10,2.0,0.04270699999984936,0.008541399999969872,0.006044021712150487
other_256,aten::matmul,"[[1, 32, 1], [1, 1, 301]]",10,2.0,0.04216800000011631,0.008433600000023262,0.005967740828425403
other_256,aten::layer_norm,"[[1, 301, 768], [], [768], [768], [], []]",20,4.0,0.04204000000009546,0.008408000000019091,0.005949625887565965
other_256,aten::gelu,"[[1, 3, 768], []]",5,1.0,0.04199800000002142,0.008399600000004285,0.005943681922586952
other_256,aten::view,"[[301, 1, 768], []]",60,12.0,0.03962100000027567,0.007924200000055134,0.005607281809998953
other_256,aten::relu,"[[1, 301, 3072]]",10,2.0,0.03891599999993923,0.007783199999987845,0.005507508112265219
other_256,aten::transpose,"[[1, 301, 768], [], []]",30,6.0,0.03866399999972782,0.007732799999945564,0.005471844322424091
other_256,aten::split,"[[2304, 768], [], []]",10,2.0,0.038542999999801396,0.0077085999999602795,0.005454720042406106
other_256,aten::view,"[[301, 3072], []]",10,2.0,0.03837199999997393,0.007674399999994785,0.005430519613630059
other_256,aten::all,"[[1, 301]]",10,2.0,0.035542000000058124,0.007108400000011625,0.005030009593143083
other_256,aten::index_select,"[[3, 768], [], [1]]",5,1.0,0.0351239999999234,0.007024799999984679,0.004970852989389551
other_256,aten::unflatten,"[[301, 1, 768], [], []]",30,6.0,0.03507900000025984,0.007015800000051968,0.004964484455542306
other_256,aten::masked_fill_,"[[1, 301], [1, 301], []]",10,2.0,0.03504200000004493,0.0070084000000089864,0.004959248105420564
other_256,aten::as_strided,"[[1, 301, 12], [], [], []]",120,24.0,0.03457700000029672,0.0069154000000593435,0.004893439921875991
other_256,aten::_to_copy,"[[1, 301], [], [], [], [], [], []]",15,3.0,0.03370899999975131,0.006741799999950263,0.00477059797911575
other_256,aten::expand,"[[768], [], []]",55,11.0,0.03328300000005402,0.006656600000010804,0.004710309191620595
other_256,aten::to,"[[], [], [], [], []]",115,23.0,0.03215400000005002,0.006430800000010004,0.0045505297523467944
other_256,aten::unsqueeze,"[[1, 301], []]",30,6.0,0.03174500000037051,0.006349000000074103,0.004492646855436658
other_256,aten::clamp,"[[1, 3], [], []]",5,1.0,0.030833000000042375,0.006166600000008475,0.004363577901787749
other_256,aten::copy_,"[[1, 301], [1, 301], []]",15,3.0,0.03054000000005317,0.0061080000000106344,0.004322111669984975
other_256,aten::linear,"[[1, 301, 768], [768, 768], [768]]",10,2.0,0.026292999999917813,0.005258599999983562,0.0037210635932665966
other_256,aten::embedding,"[[256000, 768], [1, 301], [], [], []]",5,1.0,0.025499000000042314,0.005099800000008463,0.003608694350783821
other_256,aten::narrow,"[[2304, 768], [], [], []]",30,6.0,0.024955000000016297,0.004991000000003259,0.003531705852140069
other_256,aten::arange,"[[], [], [], [], []]",25,5.0,0.023754999999971348,0.004750999999994269,0.0033618782816041415
other_256,aten::zeros_like,"[[1, 301], [], [], [], [], []]",10,2.0,0.023747999999963215,0.004749599999992643,0.0033608876207749014
other_256,aten::addmm,"[[1], [3, 768], [768, 1], [], []]",5,1.0,0.022165999999997438,0.004433199999999487,0.0031369982736316007
other_256,aten::resolve_conj,"[[301, 2304]]",220,44.0,0.022081000000333462,0.004416200000066693,0.0031249688207666444
other_256,aten::ge,"[[1, 1, 301, 1], []]",5,1.0,0.021709000000031665,0.004341800000006333,0.0030723222738597684
other_256,aten::topk,"[[1, 3], [], [], [], []]",5,1.0,0.02125000000005821,0.004250000000011642,0.0030073632281359657
other_256,aten::slice,"[[2304, 768], [], [], [], []]",30,6.0,0.019294000000372763,0.0038588000000745527,0.00273054428821729
other_256,aten::sum,"[[1, 301], []]",5,1.0,0.018999999999883586,0.003799999999976717,0.002688936533368317
other_256,aten::t,"[[768, 3072]]",10,2.0,0.01883099999977276,0.003766199999954552,0.0026650191505030512
other_256,aten::expand,"[[1, 32, 1], [], []]",20,4.0,0.018787999999812427,0.0037575999999624856,0.0026589336625646894
other_256,aten::select,"[[1, 2], [], []]",15,3.0,0.01845600000018021,0.003691200000036042,0.0026119480347702264
other_256,aten::bitwise_not,"[[1, 301]]",5,1.0,0.018288999999960653,0.0036577999999921305,0.0025883136978404556
other_256,aten::stack,"[[], []]",5,1.0,0.01791300000011688,0.0035826000000233763,0.0025351010590966352
other_256,aten::permute,"[[1, 12, 301, 64], []]",10,2.0,0.017505000000062866,0.003501000000012573,0.002477359685108938
other_256,aten::bitwise_not,"[[1, 3]]",5,1.0,0.017207999999955065,0.003441599999991013,0.0024353273613876144
other_256,aten::unsqueeze,"[[1], []]",30,6.0,0.016703999999711866,0.003340799999942373,0.002363999781730779
other_256,aten::transpose,"[[1, 768], [], []]",5,1.0,0.016625000000029103,0.0033250000000058207,0.0023528194667158117
other_256,aten::linear,"[[1, 3, 768], [768, 768], [768]]",5,1.0,0.016416999999957625,0.003283399999991525,0.0023233826878139045
other_256,aten::slice,"[[1, 301], [], [], [], []]",5,1.0,0.016415999999968334,0.003283199999993667,0.002323241164839979
other_256,aten::new_ones,"[[1, 1, 301, 1], [], [], [], [], []]",10,2.0,0.016293999999870037,0.0032587999999740074,0.002305975361822229
other_256,aten::transpose,"[[768, 3072], [], []]",10,2.0,0.01608200000008219,0.003216400000016438,0.002275972491058696
other_256,aten::add,"[[301], [], []]",10,2.0,0.016040000000007923,0.0032080000000015846,0.0022700285260796507
other_256,aten::abs,"[[1, 1, 301, 301]]",5,1.0,0.015833999999978234,0.0031667999999956467,0.00224087479313454
other_256,aten::zeros,"[[], [], [], [], []]",15,3.0,0.01566599999991024,0.0031331999999820483,0.0022170989332507786
other_256,aten::as_strided,"[[768, 3072], [], [], []]",10,2.0,0.015335000000079164,0.0030670000000158327,0.002170254828403613
other_256,aten::unsqueeze,"[[1, 3], []]",5,1.0,0.015248999999981607,0.0030497999999963216,0.0021580838525018546
other_256,aten::squeeze,"[[1, 3, 1], []]",5,1.0,0.015042000000044936,0.0030084000000089872,0.002128788596594467
other_256,aten::as_strided,"[[301, 1, 12, 64], [], [], []]",30,6.0,0.014999000000039814,0.0029998000000079628,0.0021227031086497664
other_256,aten::copy_,"[[3, 768], [3, 768], []]",5,1.0,0.014998999999952502,0.0029997999999905,0.0021227031086374095
other_256,aten::unsqueeze,"[[1, 1, 301], []]",20,4.0,0.014623999999942043,0.0029247999999884085,0.00206963199284544
other_256,aten::masked_fill,"[[1, 3], [1, 3], []]",5,1.0,0.014372999999905005,0.002874599999981001,0.0020341097260044303
other_256,aten::split,"[[2304], [], []]",10,2.0,0.014332999999867752,0.00286659999997355,0.0020284488069815063
other_256,aten::full,"[[], [], [], [], [], []]",5,1.0,0.014166000000214467,0.0028332000000428933,0.0020048144701318763
other_256,aten::flatten,"[[301, 1, 12, 64], [], []]",10,2.0,0.014165999999997438,0.0028331999999994875,0.0020048144701011617
other_256,aten::reshape,"[[1, 1, 1, 301], []]",10,2.0,0.014123000000151023,0.0028246000000302046,0.0019987289821789215
other_256,aten::_to_copy,"[[1, 1, 301], [], [], [], [], [], []]",10,2.0,0.01412299999998163,0.002824599999996326,0.0019987289821549485
other_256,aten::transpose,"[[301, 1, 768], [], []]",10,2.0,0.01404200000007404,0.002808400000014808,0.001987265621157281
other_256,aten::layer_norm,"[[1, 3, 768], [], [768], [768], [], []]",5,1.0,0.013375999999960185,0.002675199999992037,0.0018930113194972592
other_256,aten::unsqueeze,"[[1, 768], []]",5,1.0,0.013375,0.002675,0.0018928697965274524
other_256,aten::embedding,"[[3, 768], [1], [], [], []]",5,1.0,0.013336000000068453,0.0026672000000136907,0.001887350400494929
other_256,aten::transpose,"[[1, 32, 301], [], []]",10,2.0,0.013042999999886434,0.002608599999977287,0.0018458841686648667
other_256,aten::expand,"[[1, 3, 1], [], []]",5,1.0,0.012999000000039814,0.0025998000000079626,0.0018396571577671563
other_256,aten::to,"[[1, 3], [], [], [], []]",20,4.0,0.012876000000018394,0.0025752000000036786,0.0018222498317848443
other_256,aten::as_strided,"[[1, 1, 301, 301], [], [], []]",75,15.0,0.012670999999972536,0.0025341999999945073,0.001793237621812887
other_256,aten::as_strided,"[[1, 301, 768], [], [], []]",35,7.0,0.012625000000029103,0.0025250000000058203,0.0017867275649505925
other_256,aten::_to_copy,"[[1, 3], [], [], [], [], [], []]",5,1.0,0.012456999999878463,0.0024913999999756926,0.001762951705055134
other_256,aten::log,"[[1, 3]]",5,1.0,0.012124999999854481,0.002424999999970896,0.0017159660772052272
other_256,aten::mul,"[[1, 3], [1, 3]]",5,1.0,0.012124000000068918,0.0024248000000137836,0.0017158245542601334
other_256,aten::unsqueeze,"[[301], []]",15,3.0,0.012038999999960652,0.0024077999999921303,0.0017037951013323003
other_256,aten::slice,"[[2304], [], [], [], []]",30,6.0,0.011839000000356464,0.0023678000000712926,0.0016754905063000559
other_256,aten::__and__,"[[], [1, 1, 301, 301]]",10,2.0,0.01183299999988344,0.002366599999976688,0.0016746413683804645
other_256,aten::empty_like,"[[1, 301], [], [], [], [], []]",10,2.0,0.011751000000076601,0.0023502000000153204,0.001663036484421614
other_256,aten::copy_,"[[1, 3], [1, 3], []]",10,2.0,0.011664999999979045,0.002332999999995809,0.0016508655085198556
other_256,aten::copy_,"[[1, 1, 301], [1, 1, 301], []]",10,2.0,0.011663999999934276,0.002332799999986855,0.0016507239855380782
other_256,aten::unsqueeze,"[[32], []]",10,2.0,0.011626000000169142,0.0023252000000338283,0.0016453461125045476
other_256,aten::_softmax,"[[1, 3], [], []]",5,1.0,0.011583000000013272,0.0023166000000026544,0.0016392606245385123
other_256,aten::dropout,"[[1, 301, 768], [], []]",25,5.0,0.011582000000182687,0.0023164000000365373,0.0016391191015870474
other_256,aten::view,"[[1, 301, 3072], []]",10,2.0,0.011500000000029103,0.002300000000005821,0.0016275142175791245
other_256,aten::addmm,"[[2], [1, 256], [256, 2], [], []]",5,1.0,0.011293000000150641,0.002258600000030128,0.0015982189616799748
other_256,aten::item,[[]],15,3.0,0.011171999999888386,0.0022343999999776772,0.0015810946816144616
other_256,aten::div,"[[1], [1]]",5,1.0,0.011166000000113854,0.0022332000000227707,0.001580245543793723
other_256,aten::resize_,"[[0], [], []]",25,5.0,0.010954999999931374,0.0021909999999862747,0.0015503841959497826
other_256,aten::select,"[[3, 768], [], []]",5,1.0,0.010916999999957626,0.0021833999999915253,0.001545006322886728
other_256,aten::narrow,"[[1, 301, 64], [], [], []]",10,2.0,0.010831999999965774,0.0021663999999931545,0.0015329768699753703
other_256,aten::select,"[[1, 301], [], []]",10,2.0,0.010542999999973518,0.0021085999999947034,0.0014920767300739292
other_256,aten::as_strided,"[[1, 301], [], [], []]",50,10.0,0.010042999999788435,0.0020085999999576868,0.0014213152423270833
other_256,aten::t,"[[3072, 768]]",10,2.0,0.009789999999775319,0.001957999999955064,0.0013855099295385768
other_256,aten::sub,"[[1], [1], []]",5,1.0,0.0095,0.0019,0.001344468266692396
other_256,aten::clamp_min,"[[1, 3], []]",5,1.0,0.009334000000089873,0.0018668000000179746,0.0013209754527818585
other_256,aten::gelu,"[[1, 256], []]",5,1.0,0.008875,0.0017749999999999999,0.0012560164070415803
other_256,aten::clone,"[[1, 3], []]",5,1.0,0.008874999999941792,0.0017749999999883584,0.0012560164070333428
other_256,aten::copy_,"[[301], [301], []]",5,1.0,0.008833000000015773,0.0017666000000031545,0.001250072442075278
other_256,aten::to,"[[1, 301], [], [], [], []]",5,1.0,0.008832000000111292,0.0017664000000222585,0.0012499309191133549
other_256,aten::_local_scalar_dense,[[]],15,3.0,0.008666000000068834,0.0017332000000137668,0.0012264381051840894
other_256,aten::view,"[[1, 32, 1], []]",10,2.0,0.00850000000004502,0.001700000000009004,0.0012029452912574626
other_256,aten::view,"[[301, 1, 12, 64], []]",10,2.0,0.008459000000002562,0.0016918000000005124,0.0011971428492583602
other_256,aten::div,"[[1], []]",5,1.0,0.00829400000005262,0.0016588000000105241,0.0011737915583176293
other_256,aten::linear,"[[1, 3, 768], [1, 768], [1]]",5,1.0,0.008209999999933644,0.0016419999999867287,0.0011619036283637217
other_256,aten::transpose,"[[3072, 768], [], []]",10,2.0,0.008166000000055646,0.0016332000000111291,0.0011556766174615706
other_256,aten::as_strided,"[[768], [], [], []]",55,11.0,0.008129000000015365,0.001625800000003073,0.001150440267364542
other_256,aten::fill_,"[[1, 301], []]",5,1.0,0.008040999999912628,0.0016081999999825256,0.0011379862455111673
other_256,aten::narrow,"[[2304], [], [], []]",30,6.0,0.008040000000037253,0.0016080000000074507,0.0011378447225533631
other_256,aten::zero_,"[[1, 301]]",15,3.0,0.00792000000004191,0.0015840000000083819,0.0011208619655010655
other_256,aten::clamp,"[[1], [], []]",5,1.0,0.007875000000058207,0.0015750000000116413,0.0011144934316085133
other_256,aten::softmax,"[[1, 3], [], []]",5,1.0,0.007874999999941793,0.0015749999999883587,0.001114493431592038
other_256,aten::neg,[[1]],5,1.0,0.0077509999998146666,0.0015501999999629334,0.001096944582619325
other_256,aten::unsqueeze,"[[1, 32], []]",10,2.0,0.007585000000000036,0.0015170000000000073,0.0010734517687223024
other_256,aten::copy_,"[[3, 1], [3, 1], []]",5,1.0,0.007457999999984167,0.0014915999999968335,0.001055478350839011
other_256,aten::as_strided,"[[1], [], [], []]",45,9.0,0.007423000000240109,0.001484600000048022,0.0010505250467347867
other_256,aten::as_strided,"[[1, 3], [], [], []]",15,3.0,0.007294000000034088,0.0014588000000068176,0.0010322685828737018
other_256,aten::as_strided,"[[3072, 768], [], [], []]",10,2.0,0.007084000000060769,0.0014168000000121539,0.0010025487580348036
other_256,aten::as_strided,"[[1, 32, 1], [], [], []]",30,6.0,0.006920000000084428,0.0013840000000168856,0.0009793389900657782
other_256,aten::fill_,"[[301], []]",5,1.0,0.00683299999999997,0.001366599999999994,0.0009670264911904317
other_256,aten::empty_like,"[[1, 3], [], [], [], [], []]",5,1.0,0.006792000000103144,0.001358400000020629,0.0009612240492119396
other_256,aten::select,"[[1, 32, 301], [], []]",10,2.0,0.006790000000079544,0.0013580000000159088,0.0009609410032577172
other_256,aten::copy_,"[[1], [1], []]",5,1.0,0.006500000000116415,0.001300000000023283,0.000919899340384957
other_256,aten::view,"[[1, 3, 768], []]",10,2.0,0.006499999999941792,0.0012999999999883584,0.0009198993403602437
other_256,aten::masked_fill_,"[[1, 3], [1, 3], []]",5,1.0,0.006418000000034226,0.0012836000000068452,0.0009082944563871383
other_256,aten::unsqueeze,"[[1, 1], []]",10,2.0,0.006414999999981547,0.0012829999999963092,0.0009078698874533589
other_256,aten::to,"[[1, 301], [], [], [], [], []]",10,2.0,0.006290000000042028,0.0012580000000084056,0.0008901795155317553
other_256,aten::dropout,"[[1, 301, 3072], [], []]",10,2.0,0.006041000000055646,0.001208200000011129,0.0008549402946487978
other_256,aten::select,"[[1, 3], [], []]",10,2.0,0.006037999999918384,0.0012075999999836768,0.000854515725703048
other_256,aten::is_nonzero,[[]],10,2.0,0.00595499999982826,0.001190999999965652,0.0008427693187286651
other_256,aten::_to_copy,"[[1], [], [], [], [], [], []]",5,1.0,0.005916999999928521,0.0011833999999857042,0.0008373914456760847
other_256,aten::expand,"[[3072], [], []]",10,2.0,0.005875000000116416,0.001175000000023283,0.0008314474807341414
other_256,aten::detach,"[[1, 3]]",10,2.0,0.0057920000001031435,0.0011584000000206286,0.0008197010737706349
other_256,aten::as_strided,"[[1, 1, 301], [], [], []]",40,8.0,0.005707999999995082,0.0011415999999990164,0.000807813143818272
other_256,aten::fill_,"[[1, 1], []]",25,5.0,0.005665000000037253,0.0011330000000074505,0.0008017276558802641
other_256,aten::slice,"[[1, 301, 64], [], [], [], []]",10,2.0,0.005626999999861937,0.0011253999999723875,0.0007963497827886833
other_256,aten::new_empty,"[[1, 1, 301, 1], [], [], [], [], []]",10,2.0,0.00550100000003431,0.001100200000006862,0.0007785178879074736
other_256,aten::unsqueeze,"[[1, 1, 1], []]",10,2.0,0.005498999999984108,0.0010997999999968215,0.0007782348419494863
other_256,aten::expand,"[[1, 1, 301], [], []]",10,2.0,0.005374000000089382,0.0010748000000178764,0.0007605444700342218
other_256,aten::_unsafe_view,"[[1, 32, 301], []]",10,2.0,0.005124000000071419,0.0010248000000142837,0.0007251637261713534
other_256,aten::copy_,"[[1, 256], [1, 256], []]",5,1.0,0.004999000000156229,0.0009998000000312457,0.000707473354253193
other_256,aten::to,"[[1, 1, 301], [], [], [], []]",10,2.0,0.004962000000211219,0.0009924000000422438,0.000702237004169647
other_256,aten::as_strided,"[[1, 32, 301], [], [], []]",20,4.0,0.004833000000060565,0.000966600000012113,0.0006839805403163977
other_256,aten::expand,"[[1, 1, 1, 301], [], []]",10,2.0,0.0047049999997834675,0.0009409999999566935,0.000665865599420695
other_256,aten::as_strided,"[[1, 3, 1], [], [], []]",10,2.0,0.0046659999999101275,0.0009331999999820255,0.0006603462033964094
other_256,aten::to,"[[1, 301, 64], [], [], [], []]",20,4.0,0.0046240000001114365,0.0009248000000222873,0.0006544022384563645
other_256,aten::resolve_conj,"[[301, 1152]]",110,22.0,0.004619000000290726,0.0009238000000581451,0.0006536946236045312
other_256,aten::view,"[[1, 1, 1, 301], []]",15,3.0,0.004543000000021039,0.0009086000000042078,0.0006429388774328253
other_256,aten::_softmax,"[[1, 2], [], []]",5,1.0,0.004459000000089873,0.0008918000000179745,0.0006310509475054974
other_256,aten::to,"[[1, 3], [], [], [], [], [], [], []]",20,4.0,0.004419000000050119,0.0008838000000100238,0.000625390028482219
other_256,aten::as_strided,"[[1, 768], [], [], []]",15,3.0,0.004207000000053085,0.000841400000010617,0.0005953871576890823
other_256,aten::select,"[[1, 301, 768], [], []]",5,1.0,0.004126000000018394,0.0008252000000036787,0.0005839237966734269
other_256,aten::linear,"[[1, 772], [256, 772], [256]]",5,1.0,0.004124000000127126,0.0008248000000254252,0.0005836407507379323
other_256,aten::to,"[[1, 1, 301, 301], [], [], [], [], [], [], []]",10,2.0,0.003957000000010567,0.0007914000000021134,0.0005600064138227387
other_256,aten::as_strided,"[[2304], [], [], []]",30,6.0,0.00395499999972526,0.000790999999945052,0.0005597233678314786
other_256,aten::expand,"[[1, 1, 1, 1], [], []]",5,1.0,0.00391499999996563,0.000782999999993126,0.0005540624488478444
other_256,aten::__and__,"[[1, 1, 301, 301], [1, 1, 301, 1]]",5,1.0,0.003876000000031809,0.0007752000000063618,0.0005485430528149992
other_256,aten::reshape,"[[1, 32, 1], []]",10,2.0,0.003873999999836087,0.0007747999999672174,0.0005482600068364176
other_256,aten::to,"[[1], [], [], [], []]",10,2.0,0.003788000000087777,0.0007576000000175554,0.0005360890309840852
other_256,aten::copy_,"[[3], [], []]",5,1.0,0.0036690000000791085,0.0007338000000158217,0.0005192477969053432
other_256,aten::select,"[[1, 32, 1], [], []]",10,2.0,0.003665000000039754,0.0007330000000079508,0.0005186817049980083
other_256,aten::view,"[[3], []]",10,2.0,0.0035820000000530853,0.000716400000010617,0.0005069352980382667
other_256,aten::as_strided,"[[], [], [], []]",15,3.0,0.0035399999999949612,0.0007079999999989922,0.000500991333061506
other_256,aten::as_strided,"[[3, 768], [], [], []]",5,1.0,0.003498000000050524,0.0006996000000101049,0.0004950473681008346
other_256,aten::as_strided,"[[1, 1, 1, 1], [], [], []]",5,1.0,0.003458000000098082,0.0006916000000196164,0.000489386449089913
other_256,aten::reshape,"[[1, 301], []]",5,1.0,0.0034570000000239817,0.0006914000000047963,0.0004892449261039847
other_256,aten::copy_,"[[1, 2], [1, 2], []]",5,1.0,0.003334000000031665,0.000666800000006333,0.00047183760012579163
other_256,aten::_reshape_alias,"[[1, 1, 1, 301], [], []]",5,1.0,0.0033329999999841676,0.0006665999999968335,0.00047169607714362836
other_256,aten::t,"[[2, 256]]",5,1.0,0.003332999999896856,0.0006665999999793712,0.00047169607713127177
other_256,aten::t,"[[256, 772]]",5,1.0,0.0033319999996747358,0.0006663999999349472,0.0004715545541243954
other_256,aten::linear,"[[1, 256], [2, 256], [2]]",5,1.0,0.0032919999999867287,0.0006583999999973457,0.00046589363515089736
other_256,aten::view,"[[1, 1, 301], []]",10,2.0,0.003250000000013415,0.0006500000000026829,0.0004599496701861393
other_256,aten::select,"[[1, 1, 301], [], []]",10,2.0,0.003209999999930915,0.0006419999999861829,0.00045428875115681135
other_256,aten::transpose,"[[256, 772], [], []]",5,1.0,0.003084000000206288,0.0006168000000412576,0.0004364568562901787
other_256,aten::t,"[[1, 768]]",5,1.0,0.0030839999999152496,0.0006167999999830499,0.00043645685624899
other_256,aten::select,"[[256000, 768], [], []]",5,1.0,0.003042999999875406,0.0006085999999750812,0.0004306544142502576
other_256,aten::__and__,"[[1, 1, 301, 301], [1, 1, 1, 301]]",5,1.0,0.0030419999999842275,0.0006083999999968454,0.00043051289129021717
other_256,aten::copy_,"[[301], [], []]",5,1.0,0.002999999999997499,0.0005999999999994998,0.0004245689263235606
other_256,aten::as_strided,"[[32], [], [], []]",10,2.0,0.002915999999949918,0.0005831999999899836,0.00041268099637975714
other_256,aten::log,[[1]],5,1.0,0.0027510000000474976,0.0005502000000094995,0.00038932970544575156
other_256,aten::view,"[[1, 301], []]",5,1.0,0.002750999999960186,0.0005501999999920372,0.0003893297054333951
other_256,aten::as_strided,"[[301], [], [], []]",15,3.0,0.00270799999999997,0.000541599999999994,0.0003832442174950493
other_256,aten::transpose,"[[2, 256], [], []]",5,1.0,0.002706999999965774,0.0005413999999931548,0.00038310269451476847
other_256,aten::to,"[[1, 32, 1], [], [], [], [], []]",10,2.0,0.0026249999999840836,0.0005249999999968167,0.0003714978105311727
other_256,aten::reshape,"[[1, 1, 301], []]",10,2.0,0.0026249999999574812,0.0005249999999914962,0.0003714978105274078
other_256,aten::copy_,"[[3], [3], []]",5,1.0,0.00258500000006336,0.000517000000012672,0.0003658368915247399
other_256,aten::detach_,[[301]],5,1.0,0.002501999999888767,0.0005003999999777534,0.00035409048453840267
other_256,aten::as_strided,"[[1, 1, 1], [], [], []]",10,2.0,0.002459000000029164,0.0004918000000058328,0.000348004996614296
other_256,aten::as_strided,"[[301, 1, 768], [], [], []]",10,2.0,0.002375,0.000475,0.000336117066673099
other_256,aten::resolve_conj,"[[301, 3072]]",20,4.0,0.002333999999973457,0.00046679999999469144,0.0003303146246762491
other_256,aten::as_strided,"[[1, 2], [], [], []]",15,3.0,0.002250999999960186,0.0004501999999920372,0.0003185682177127426
other_256,aten::select,"[[1, 768], [], []]",5,1.0,0.0021669999999867286,0.00043339999999734573,0.0003066802877794294
other_256,aten::view,"[[3, 768], []]",5,1.0,0.002125,0.00042500000000000003,0.00030073632281277284
other_256,aten::expand,"[[2], [], []]",5,1.0,0.002125,0.00042500000000000003,0.00030073632281277284
other_256,aten::to,"[[1, 301], [], [], [], [], [], [], []]",10,2.0,0.002084000000174683,0.0004168000000349366,0.00029493388084440094
other_256,aten::expand,"[[256], [], []]",5,1.0,0.0020840000000898725,0.0004168000000179745,0.00029493388083239833
other_256,aten::to,"[[301], [], [], [], [], []]",5,1.0,0.0020839999999734573,0.00041679999999469147,0.0002949338808159229
other_256,aten::detach_,[[1]],10,2.0,0.0020430000000500287,0.00040860000001000573,0.000289131438833666
other_256,aten::select,"[[301, 768], [], []]",5,1.0,0.0020420000000608523,0.00040840000001217045,0.0002889899158597565
other_256,aten::expand,"[[1], [], []]",5,1.0,0.002041999999957625,0.000408399999991525,0.0002889899158451474
other_256,aten::as_strided,"[[3072], [], [], []]",10,2.0,0.002040000000008149,0.0004080000000016298,0.0002887068699014151
other_256,aten::fill_,"[[3], []]",5,1.0,0.0020379999998575613,0.00040759999997151225,0.0002884238239292209
other_256,aten::softmax,"[[1, 2], [], []]",5,1.0,0.0019559999999473805,0.0003911999999894761,0.00027681893995574536
other_256,aten::as_strided,"[[1, 1, 1, 301], [], [], []]",10,2.0,0.0019180000000924337,0.00038360000001848673,0.0002714410669095042
other_256,aten::view,"[[3, 1], []]",5,1.0,0.0017490000000689179,0.00034980000001378356,0.00024752368405659564
other_256,aten::lift_fresh,[[301]],5,1.0,0.0017080000000581777,0.00034160000001163556,0.00024172124206198214
other_256,aten::as_strided,"[[1, 32], [], [], []]",10,2.0,0.00170600000001059,0.00034120000000211804,0.00024143819610436483
other_256,aten::as_strided,"[[2, 256], [], [], []]",5,1.0,0.0016670000001322478,0.00033340000002644957,0.0002359188000793713
other_256,aten::to,"[[1, 1, 301, 1], [], [], [], [], [], [], []]",5,1.0,0.0016670000000315213,0.0003334000000063043,0.00023591880006511615
other_256,aten::as_strided,"[[256, 772], [], [], []]",5,1.0,0.0016249999999417924,0.00032499999998835847,0.00022997483508388266
other_256,aten::as_strided,"[[1, 1], [], [], []]",10,2.0,0.00145900000004508,0.000291800000009016,0.00020648202117524363
other_256,aten::to,"[[1, 1, 1, 301], [], [], [], [], [], [], []]",5,1.0,0.0014580000000423753,0.00029160000000847503,0.00020634049819941955
other_256,aten::resolve_conj,"[[3, 768]]",10,2.0,0.0013739999999233987,0.00027479999998467975,0.00019445256824551202
other_256,aten::detach,"[[1, 2]]",5,1.0,0.0013320000000530854,0.0002664000000106171,0.00018850860329533087
other_256,aten::to,"[[1, 2], [], [], [], [], [], [], []]",10,2.0,0.0011260000001057052,0.00022520000002114105,0.00015935487036186895
other_256,aten::as_strided,"[[301, 768], [], [], []]",5,1.0,0.0011249999998835846,0.00022499999997671691,0.00015921334735499252
other_256,aten::to,"[[1, 772], [], [], [], []]",5,1.0,0.0010419999999867287,0.00020839999999734573,0.00014746694040796145
other_256,aten::detach_,[[3]],5,1.0,0.0010400000000133787,0.00020800000000267574,0.00014718389446085044
other_256,aten::to,"[[1, 2], [], [], [], []]",5,1.0,0.0010009999999601859,0.00020019999999203717,0.00014166449841111154
other_256,aten::to,"[[1, 768], [], [], [], []]",5,1.0,0.0009159999999974388,0.00018319999999948778,0.00012963504550387277
other_256,aten::as_strided,"[[256000, 768], [], [], []]",5,1.0,0.0008750000000582077,0.00017500000001164154,0.00012383260351937945
other_256,aten::to,"[[1], [], [], [], [], [], [], []]",5,1.0,0.0008340000000449663,0.00016680000000899326,0.00011803016152441202
other_256,aten::resolve_conj,"[[1, 32, 1]]",10,2.0,0.0007499999998860858,0.00014999999997721716,0.00010614223156485715
other_256,aten::zero_,"[[1, 3]]",10,2.0,0.0006669999999709262,0.00013339999999418525,9.439582461523572e-05
other_256,aten::as_strided,"[[2], [], [], []]",5,1.0,0.0006240000000689178,0.00012480000001378357,8.83103366851277e-05
other_256,aten::fill_,"[[], []]",10,2.0,0.0005830000000687505,0.00011660000001375011,8.25078946920105e-05
other_256,aten::as_strided,"[[256], [], [], []]",5,1.0,0.0005829999999841675,0.0001165999999968335,8.250789468004006e-05
other_256,aten::to,"[[1], [], [], [], [], []]",10,2.0,0.0005410000000158562,0.00010820000000317124,7.656392971598992e-05
other_256,aten::resolve_neg,"[[1, 3]]",5,1.0,0.0005000000000291038,0.00010000000000582076,7.076148772477129e-05
other_256,aten::to,"[[3], [], [], [], [], []]",5,1.0,0.0004589999999708425,9.179999999416849e-05,6.495904572343247e-05
other_256,aten::resolve_conj,"[[1, 256]]",10,2.0,0.00045799999980954457,9.159999996190892e-05,6.48175227251638e-05
other_256,aten::resolve_conj,"[[1, 2]]",10,2.0,0.00045600000000558795,9.120000000111759e-05,6.453447680202583e-05
other_256,aten::resolve_conj,"[[1, 1, 301]]",10,2.0,0.0004190000000235159,8.380000000470318e-05,5.9298126713234774e-05
other_256,aten::resolve_conj,"[[1, 301]]",10,2.0,0.0003760000001325352,7.520000002650703e-05,5.3212638784687396e-05
other_256,aten::lift_fresh,[[1]],10,2.0,0.00037500000001318765,7.500000000263753e-05,5.307111579235567e-05
other_256,aten::to,"[[1, 3, 768], [], [], [], []]",5,1.0,0.00033500000002095477,6.700000000419096e-05,4.7410196775802706e-05
other_256,aten::lift_fresh,[[]],10,2.0,0.00033400000002905015,6.680000000581003e-05,4.7268673801507084e-05
other_256,aten::resolve_conj,"[[32, 301]]",10,2.0,0.0003300000000479031,6.600000000958061e-05,4.6702581902409986e-05
other_256,aten::resolve_conj,"[[32, 1]]",10,2.0,0.00029200000002902013,5.840000000580403e-05,4.1324708832968036e-05
other_256,aten::resolve_conj,"[[3, 1]]",5,1.0,0.0002910000001720618,5.8200000034412365e-05,4.118318587777042e-05
other_256,aten::lift_fresh,[[3]],5,1.0,0.00025100000007921607,5.0200000015843216e-05,3.5522266846978416e-05
other_256,aten::resolve_conj,"[[1, 3]]",5,1.0,0.00025100000004749746,5.0200000009499495e-05,3.55222668424895e-05
other_256,aten::resolve_neg,"[[1, 2]]",5,1.0,0.00020699999984935858,4.139999996987172e-05,2.9295255895030883e-05
other_256,aten::resolve_conj,"[[1, 772]]",5,1.0,0.00016700000004493632,3.340000000898726e-05,2.3634336905057432e-05
other_256,aten::resolve_conj,"[[768, 1]]",5,1.0,0.00016599999996833503,3.3199999993667006e-05,2.3492813918775285e-05
billing_512,aten::mm,"[[557, 768], [768, 2304]]",220,44.0,475.0842359999991,95.01684719999983,35.20327856292291
billing_512,aten::_scaled_dot_product_flash_attention_for_cpu,"[[1, 12, 557, 64], [1, 12, 557, 64], [1, 12, 557, 64], [], [], [1, 1, 557, 557], []]",70,14.0,212.9263910000003,42.58527820000006,15.777637917185853
billing_512,aten::mm,"[[557, 1152], [1152, 768]]",110,22.0,130.0758159999999,26.01516319999998,9.638491109495606
billing_512,aten::_scaled_dot_product_flash_attention_for_cpu,"[[1, 12, 557, 64], [1, 12, 557, 64], [1, 12, 557, 64], [], [], [], []]",40,8.0,102.20027299999941,20.440054599999883,7.572940558747052
billing_512,aten::mm,"[[557, 768], [768, 768]]",110,22.0,78.20809999999963,15.641619999999927,5.795143937751968
billing_512,aten::mul,"[[1, 12, 557, 64], [1, 1, 557, 64]]",440,88.0,38.488555000000744,7.697711000000149,2.851964389635965
billing_512,aten::addmm,"[[768], [557, 3072], [3072, 768], [], []]",10,2.0,35.64883300000025,7.129766600000051,2.6415437588674915
billing_512,aten::addmm,"[[3072], [557, 768], [768, 3072], [], []]",10,2.0,34.28835899999973,6.857671799999946,2.5407339622662164
billing_512,aten::gelu,"[[1, 557, 1152], []]",110,22.0,33.306968000000396,6.661393600000079,2.4680138462653094
billing_512,aten::addmm,"[[768], [557, 768], [768, 768], [], []]",40,8.0,30.5807309999984,6.1161461999996805,2.266002343320771
billing_512,aten::_scaled_dot_product_flash_attention_for_cpu,"[[1, 12, 557, 64], [1, 12, 557, 64], [1, 12, 557, 64], [], [], [1, 1, 1, 557], []]",10,2.0,26.890441999998554,5.378088399999711,1.992555527365621
billing_512,aten::native_layer_norm,"[[1, 557, 768], [], [768], [], []]",225,45.0,21.981188999999844,4.396237799999969,1.6287846678020554
billing_512,aten::add,"[[1, 557, 768], [1, 557, 768], []]",240,48.0,21.05323399999915,4.2106467999998305,1.5600241072877266
billing_512,aten::cat,"[[], []]",240,48.0,19.57372899999979,3.914745799999958,1.4503942296712133
billing_512,aten::add,"[[1, 12, 557, 64], [1, 12, 557, 64], []]",220,44.0,14.082687999999896,2.8165375999999793,1.0435134466948073
billing_512,aten::mul,"[[1, 557, 1152], [1, 557, 1152]]",110,22.0,12.924496000000302,2.58489920000006,0.957692549018601
billing_512,aten::neg,"[[1, 12, 557, 32]]",220,44.0,10.245777000000517,2.0491554000001035,0.7592020835324194
billing_512,aten::where,"[[1, 1, 557, 557], [], []]",140,28.0,5.943245000001305,1.188649000000261,0.4403886583657245
billing_512,aten::clamp_min,"[[1, 557, 3072], []]",10,2.0,2.7067749999998485,0.5413549999999697,0.2005693877246446
billing_512,aten::slice,"[[1, 12, 557, 64], [], [], [], []]",880,176.0,2.181802000000492,0.43636040000009835,0.16166940040325778
billing_512,aten::copy_,"[[557, 768], [557, 768], []]",50,10.0,2.1125380000004954,0.42250760000009907,0.15653700555279557
billing_512,aten::as_strided,"[[1, 557, 2304], [], [], []]",220,44.0,1.766672999999799,0.3533345999999598,0.1309087463566941
billing_512,aten::native_layer_norm,"[[1, 557, 768], [], [768], [768], []]",20,4.0,1.6671730000003881,0.33343460000007763,0.12353589339385632
billing_512,aten::empty,"[[], [], [], [], [], []]",1285,257.0,1.5119590000011296,0.3023918000002259,0.11203468736596484
billing_512,aten::copy_,"[[557, 3072], [557, 3072], []]",10,2.0,1.452219000000012,0.29044380000000236,0.10760801162716307
billing_512,aten::narrow,"[[1, 12, 557, 64], [], [], []]",440,88.0,1.3642240000011852,0.27284480000023703,0.101087667944147
billing_512,aten::view,"[[1, 557, 768], []]",350,70.0,1.3174070000011104,0.2634814000002221,0.0976185739023001
billing_512,aten::as_strided,"[[1, 557, 3, 12, 64], [], [], []]",330,66.0,1.2139269999990356,0.24278539999980714,0.08995080682074973
billing_512,aten::matmul,"[[1, 557, 768], [768, 2304]]",220,44.0,1.1876909999997407,0.23753819999994813,0.08800674480739337
billing_512,aten::transpose,"[[1, 12, 557, 64], [], []]",590,118.0,1.1145939999994734,0.22291879999989467,0.08259032839503447
billing_512,aten::addmm,"[[768], [3, 768], [768, 768], [], []]",5,1.0,0.9680999999997438,0.19361999999994878,0.07173526586295054
billing_512,aten::transpose,"[[1, 557, 12, 64], [], []]",450,90.0,0.8966230000004515,0.1793246000000903,0.06643888987076305
billing_512,aten::as_strided,"[[1, 12, 557, 64], [], [], []]",1480,296.0,0.827416999999743,0.1654833999999486,0.061310792763683716
billing_512,aten::scaled_dot_product_attention,"[[1, 12, 557, 64], [1, 12, 557, 64], [1, 12, 557, 64], [1, 1, 557, 557], [], [], [], []]",70,14.0,0.7530589999995408,0.15061179999990817,0.05580093748111664
billing_512,aten::split,"[[1, 557, 2304], [], []]",110,22.0,0.7206429999999566,0.14412859999999134,0.05339894349476789
billing_512,aten::layer_norm,"[[1, 557, 768], [], [768], [], [], []]",225,45.0,0.7029999999989597,0.14059999999979195,0.05209161440098437
billing_512,aten::bitwise_and,"[[], [1, 1, 557, 557]]",10,2.0,0.6662359999996997,0.13324719999993995,0.04936743785503544
billing_512,aten::t,"[[2304, 768]]",220,44.0,0.665977999999528,0.1331955999999056,0.04934832030663656
billing_512,aten::select,"[[1, 557, 3, 12, 64], [], []]",330,66.0,0.6315760000024823,0.12631520000049645,0.04679916565731729
billing_512,aten::index_select,"[[256000, 768], [], [557]]",5,1.0,0.6094890000002127,0.12189780000004254,0.04516254049743898
billing_512,aten::matmul,"[[1, 557, 1152], [1152, 768]]",110,22.0,0.5670460000025086,0.11340920000050173,0.0420175555900355
billing_512,aten::unbind,"[[1, 557, 3, 12, 64], []]",110,22.0,0.5598149999985716,0.11196299999971433,0.04148174554175788
billing_512,aten::cos,"[[1, 557, 64]]",10,2.0,0.5332369999999164,0.10664739999998327,0.03951234166198355
billing_512,aten::linear,"[[1, 557, 768], [2304, 768], []]",220,44.0,0.4745580000013674,0.09491160000027347,0.03516428498863463
billing_512,aten::sin,"[[1, 557, 64]]",10,2.0,0.45444799999991076,0.09088959999998215,0.03367415360075236
billing_512,aten::view,"[[557], []]",490,98.0,0.4515620000009974,0.09031240000019948,0.03346030381539694
billing_512,aten::matmul,"[[1, 557, 768], [768, 768]]",110,22.0,0.45139900000000677,0.09027980000000135,0.03344822567428887
billing_512,aten::t,"[[768, 1152]]",110,22.0,0.44923199999925056,0.08984639999985011,0.033287653087594
billing_512,aten::unsqueeze,"[[1, 557, 64], []]",220,44.0,0.4390209999990784,0.08780419999981567,0.03253102794583269
billing_512,aten::transpose,"[[2304, 768], [], []]",220,44.0,0.4357800000013734,0.08715600000027468,0.032290873006779644
billing_512,aten::_unsafe_view,"[[557, 768], []]",220,44.0,0.3949070000008669,0.07898140000017338,0.029262223568030047
billing_512,aten::slice,"[[1, 557, 2304], [], [], [], []]",220,44.0,0.37874100000042565,0.07574820000008513,0.028064338733847193
billing_512,aten::narrow,"[[1, 557, 2304], [], [], []]",220,44.0,0.36953600000006376,0.07390720000001275,0.027382257210972906
billing_512,aten::to,"[[1, 12, 557, 64], [], [], [], []]",660,132.0,0.36737000000026004,0.07347400000005201,0.02722175872337337
billing_512,aten::chunk,"[[1, 557, 2304], [], []]",110,22.0,0.36132400000032794,0.07226480000006559,0.02677375601972433
billing_512,aten::abs,"[[1, 1, 557, 557], [0]]",5,1.0,0.35640900000013837,0.07128180000002768,0.02640955931305136
billing_512,aten::mul,"[[1, 557, 64], []]",20,4.0,0.35640699999993786,0.07128139999998757,0.026409411114987
billing_512,aten::empty_strided,"[[], [], [], [], [], []]",200,40.0,0.35607400000046796,0.07121480000009359,0.026384736139783677
billing_512,aten::le,"[[1, 1, 557, 557], []]",5,1.0,0.3432009999998895,0.0686401999999779,0.02543085939410089
billing_512,aten::reshape,"[[1, 557, 768], []]",330,66.0,0.3401379999985846,0.06802759999971691,0.02520389408118706
billing_512,aten::bitwise_and,"[[1, 1, 557, 557], [1, 1, 557, 1]]",5,1.0,0.3269500000000912,0.06539000000001824,0.024226676142861715
billing_512,aten::sub,"[[1, 1, 557, 1], [1, 1, 1, 557], []]",5,1.0,0.32236700000000634,0.06447340000000126,0.023887080312414363
billing_512,aten::as_strided,"[[2304, 768], [], [], []]",250,50.0,0.3215399999988831,0.06430799999977663,0.02382580041886075
billing_512,aten::transpose,"[[768, 1152], [], []]",110,22.0,0.31841000000136227,0.06368200000027245,0.023593870471568894
billing_512,aten::scalar_tensor,"[[], [], [], [], []]",160,32.0,0.30807699999914984,0.06161539999982997,0.022828205248636577
billing_512,aten::linear,"[[1, 557, 768], [768, 768], []]",110,22.0,0.29874899999941595,0.05974979999988319,0.02213700954576426
billing_512,aten::_unsafe_view,"[[557, 2304], []]",220,44.0,0.2985400000005756,0.05970800000011513,0.0221215228496769
billing_512,aten::as_strided,"[[1, 557, 12, 64], [], [], []]",450,90.0,0.2858569999994961,0.05717139999989922,0.021181724918659984
billing_512,aten::view,"[[1, 557, 2304], []]",110,22.0,0.27466100000131605,0.05493220000026321,0.02035211223766499
billing_512,aten::linear,"[[1, 557, 1152], [768, 1152], []]",110,22.0,0.27000399999811087,0.05400079999962217,0.020007033079154732
billing_512,aten::scaled_dot_product_attention,"[[1, 12, 557, 64], [1, 12, 557, 64], [1, 12, 557, 64], [], [], [], [], []]",40,8.0,0.2618660000001419,0.052373200000028375,0.019404015215868764
billing_512,aten::view,"[[1, 557, 12, 64], []]",110,22.0,0.25516499999978803,0.051032999999957605,0.01890747765097553
billing_512,aten::empty_like,"[[1, 12, 557, 64], [], [], [], [], []]",120,24.0,0.25299399999853994,0.05059879999970799,0.018746608668145197
billing_512,aten::view,"[[1, 557, 1152], []]",110,22.0,0.25294600000095663,0.05058920000019133,0.018743051915136158
billing_512,aten::t,"[[768, 768]]",155,31.0,0.2460739999999314,0.04921479999998628,0.01823384341696048
billing_512,aten::addmm,"[[256], [1, 772], [772, 256], [], []]",5,1.0,0.21045300000027056,0.042090600000054115,0.015594362056274073
billing_512,aten::reshape,"[[1, 557, 12, 64], []]",110,22.0,0.1987400000001016,0.03974800000002032,0.014726440179334629
billing_512,aten::add,"[[1, 557, 768], [1, 1, 768], []]",5,1.0,0.19532900000005612,0.039065800000011225,0.014473688405900213
billing_512,aten::transpose,"[[768, 768], [], []]",155,31.0,0.17012199999981564,0.03402439999996313,0.012605874288944196
billing_512,aten::reshape,"[[1, 557, 1152], []]",110,22.0,0.15728899999885473,0.03145779999977095,0.011654961504223172
billing_512,aten::as_strided,"[[768, 1152], [], [], []]",110,22.0,0.14882799999930652,0.0297655999998613,0.011028009655825097
billing_512,aten::expand,"[[1, 1, 557, 557], [], []]",75,15.0,0.12737300000004323,0.025474600000008646,0.009438215079813156
billing_512,aten::linear,"[[1, 557, 3072], [768, 3072], [768]]",10,2.0,0.11990700000035576,0.02398140000007115,0.008884991761033575
billing_512,aten::transpose,"[[1, 557, 12], [], []]",120,24.0,0.11521899999973358,0.023043799999946716,0.008537615532947391
billing_512,aten::native_layer_norm,"[[1, 3, 768], [], [768], [768], []]",5,1.0,0.11429200000030687,0.022858400000061375,0.008468925737044235
billing_512,aten::linear,"[[557, 1, 768], [768, 768], [768]]",30,6.0,0.11324599999992643,0.022649199999985287,0.008391418157124849
billing_512,aten::view,"[[557, 768], []]",55,11.0,0.11250499999949648,0.022500999999899296,0.00833651077975133
billing_512,aten::scaled_dot_product_attention,"[[1, 12, 557, 64], [1, 12, 557, 64], [1, 12, 557, 64], [1, 1, 1, 557], [], [], [], []]",10,2.0,0.11211900000044261,0.022423800000088524,0.008307908556266945
billing_512,aten::resolve_conj,"[[557, 768]]",650,130.0,0.10753700000118531,0.021507400000237063,0.00796838682490567
billing_512,aten::linear,"[[1, 557, 768], [3072, 768], [3072]]",10,2.0,0.10683399999988615,0.02136679999997723,0.007916295210408344
billing_512,aten::bitwise_and,"[[1, 1, 557, 557], [1, 1, 1, 557]]",5,1.0,0.10674599999984184,0.021349199999968368,0.007909774496226834
billing_512,aten::eq,"[[1, 1, 1, 557], []]",10,2.0,0.10029300000070362,0.020058600000140724,0.007431613489562313
billing_512,aten::view,"[[1, 1, 557, 557], []]",70,14.0,0.09816400000004798,0.019632800000009595,0.0072738566658154934
billing_512,aten::where,"[[1, 1, 1, 557], [], []]",20,4.0,0.0871639999995532,0.01743279999991064,0.006458767393500488
billing_512,aten::bmm,"[[1, 32, 1], [1, 1, 557]]",10,2.0,0.08654400000012219,0.017308800000024438,0.006412825998196052
billing_512,aten::gather,"[[1, 557, 768], [], [1, 3, 768], []]",5,1.0,0.08420400000078371,0.016840800000156742,0.006239434280324041
billing_512,aten::layer_norm,"[[1, 557, 768], [], [768], [768], [], []]",20,4.0,0.0808749999993015,0.0161749999998603,0.005992758626812884
billing_512,aten::as_strided,"[[1, 557, 64], [], [], []]",230,46.0,0.08009100000098623,0.01601820000019725,0.005934664991531699
billing_512,aten::dropout,"[[1, 557, 1152], [], []]",110,22.0,0.07295699999941645,0.014591399999883289,0.005406042548830498
billing_512,aten::as_strided,"[[768, 768], [], [], []]",155,31.0,0.07212699999980213,0.014425399999960425,0.005344540358314437
billing_512,aten::_to_copy,"[[], [], [], [], [], [], []]",35,7.0,0.07075099999947587,0.014150199999895174,0.005242580100230718
billing_512,aten::copy_,"[[3, 768], [3, 768], []]",5,1.0,0.07041600000020116,0.014083200000040232,0.005217756926992348
billing_512,aten::empty_like,"[[1, 3], [], [], [], [], []]",5,1.0,0.06828799999982585,0.013657599999965169,0.005060074202291053
billing_512,aten::index,"[[1, 557], []]",5,1.0,0.06741799999935438,0.013483599999870876,0.004995608050721376
billing_512,aten::arange,"[[], [], [], [0]]",25,5.0,0.057626000000073646,0.011525200000014729,0.004270030400397442
billing_512,aten::transpose,"[[1, 557, 768], [], []]",30,6.0,0.05737200000014855,0.01147440000002971,0.0042512092481158375
billing_512,aten::view,"[[557, 3072], []]",10,2.0,0.05716300000017509,0.011432600000035018,0.004235722551944515
billing_512,aten::permute,"[[557, 1, 12, 64], []]",30,6.0,0.05637100000001374,0.01127420000000275,0.004177036124328519
billing_512,aten::unflatten,"[[557, 1, 768], [], []]",30,6.0,0.05441600000063772,0.010883200000127543,0.004032172530983469
billing_512,aten::view,"[[557, 1, 768], []]",60,12.0,0.053872999999992316,0.010774599999998464,0.003991936760494995
billing_512,aten::relu,"[[1, 557, 3072]]",10,2.0,0.051663000000058676,0.010332600000011734,0.0038281779157967174
billing_512,aten::unsqueeze,"[[1, 557], []]",30,6.0,0.050333999999801565,0.010066799999960314,0.003729700311881492
billing_512,aten::copy_,"[[], [], []]",35,7.0,0.04924800000041841,0.009849600000083681,0.0036492287710459016
billing_512,aten::matmul,"[[1, 32, 1], [1, 1, 557]]",10,2.0,0.04767300000044406,0.009534600000088812,0.003532522807062494
billing_512,aten::resolve_conj,"[[557, 2304]]",220,44.0,0.04732400000087092,0.009464800000174184,0.003506662247455474
billing_512,aten::gelu,"[[1, 3, 768], []]",5,1.0,0.046374000000127126,0.009274800000025426,0.003436268173885412
billing_512,aten::sum,"[[1, 3], [], [], []]",10,2.0,0.045123000000021424,0.009024600000004285,0.0033435702939121057
billing_512,aten::split,"[[2304, 768], [], []]",10,2.0,0.04283199999993667,0.008566399999987335,0.0031738094281976727
billing_512,aten::linear,"[[1, 557, 768], [768, 768], [768]]",10,2.0,0.04162700000047334,0.008325400000094667,0.003084520103410585
billing_512,aten::expand,"[[768], [], []]",55,11.0,0.04033700000136742,0.008067400000273483,0.0029889323615460107
billing_512,aten::_to_copy,"[[1, 557], [], [], [], [], [], []]",15,3.0,0.04011800000034191,0.008023600000068382,0.002972704675049207
billing_512,aten::masked_fill_,"[[1, 557], [1, 557], []]",10,2.0,0.040082000000140394,0.008016400000028078,0.002970037110143183
billing_512,aten::index_select,"[[3, 768], [], [1]]",5,1.0,0.03970600000026752,0.007941200000053505,0.002942175876845634
billing_512,aten::all,"[[1, 557]]",10,2.0,0.0394179999998305,0.0078835999999661,0.002920835357684509
billing_512,aten::add,"[[557], [], []]",10,2.0,0.03862100000005853,0.007724200000011706,0.002861778434973602
billing_512,aten::as_strided,"[[1, 557, 12], [], [], []]",120,24.0,0.038326000000108246,0.007665200000021649,0.002839919222675276
billing_512,aten::to,"[[], [], [], [], []]",115,23.0,0.03616999999947393,0.0072339999998947855,0.0026801617252617187
billing_512,aten::copy_,"[[1, 557], [1, 557], []]",15,3.0,0.03533499999982814,0.0070669999999656286,0.002618289039619563
billing_512,aten::clamp,"[[1, 3], [], []]",5,1.0,0.03274599999981001,0.006549199999962002,0.0024264466645337987
billing_512,aten::unsqueeze,"[[1, 1, 557], []]",20,4.0,0.03137499999957936,0.006274999999915871,0.002324856901580925
billing_512,aten::as_strided,"[[1, 768], [], [], []]",15,3.0,0.030874999999970894,0.006174999999994179,0.0022878073892336494
billing_512,aten::transpose,"[[768, 3072], [], []]",10,2.0,0.030582999999693126,0.006116599999938625,0.002266170473985314
billing_512,aten::as_strided,"[[557, 1, 12, 64], [], [], []]",30,6.0,0.029416999999986728,0.0058833999999973454,0.0021797710111455654
billing_512,aten::narrow,"[[2304, 768], [], [], []]",30,6.0,0.02854000000032829,0.005708000000065658,0.002114786166462865
billing_512,aten::zeros_like,"[[1, 557], [], [], [], [], []]",10,2.0,0.02716699999992852,0.005433399999985704,0.0020130482054479546
billing_512,aten::embedding,"[[256000, 768], [1, 557], [], [], []]",5,1.0,0.026667999999989662,0.005333599999997932,0.0019760727921009492
billing_512,aten::arange,"[[], [], [], [], []]",25,5.0,0.026205000000360086,0.005241000000072017,0.0019417649436679544
billing_512,aten::ge,"[[1, 1, 557, 1], []]",5,1.0,0.02599899999986792,0.005199799999973584,0.0019265005445324545
billing_512,aten::t,"[[768, 3072]]",10,2.0,0.02504000000009546,0.005008000000019093,0.001855439579811594
billing_512,aten::slice,"[[2304, 768], [], [], [], []]",30,6.0,0.024123999999515946,0.004824799999903189,0.0017875648730952924
billing_512,aten::addmm,"[[1], [3, 768], [768, 1], [], []]",5,1.0,0.023711999999475666,0.004742399999895133,0.001757036074894246
billing_512,aten::as_strided,"[[1, 557, 768], [], [], []]",35,7.0,0.02220999999996275,0.00444199999999255,0.001645739339751968
billing_512,aten::dropout,"[[1, 557, 768], [], []]",25,5.0,0.022043000000047414,0.004408600000009482,0.0016333648026245616
billing_512,aten::view,"[[1, 557, 3072], []]",10,2.0,0.022041999999637484,0.004408399999927497,0.0016332907035694335
billing_512,aten::as_strided,"[[768, 3072], [], [], []]",10,2.0,0.021667000000103145,0.004333400000020629,0.0016055035693217222
billing_512,aten::sum,"[[1, 557], []]",5,1.0,0.02095600000023842,0.004191200000047684,0.0015528191627326641
billing_512,aten::permute,"[[1, 12, 557, 64], []]",10,2.0,0.02095499999972526,0.004190999999945052,0.001552745063669887
billing_512,aten::topk,"[[1, 3], [], [], [], []]",5,1.0,0.02074900000001071,0.004149800000002142,0.0015374806645920074
billing_512,aten::resize_,"[[0], [], []]",25,5.0,0.020499000000127353,0.004099800000025471,0.0015189559084125065
billing_512,aten::expand,"[[1, 32, 1], [], []]",20,4.0,0.019836000000004787,0.003967200000000957,0.0014698282549924662
billing_512,aten::bitwise_not,"[[1, 557]]",5,1.0,0.019790999999881022,0.003958199999976204,0.0014664937988694295
billing_512,aten::slice,"[[1, 557], [], [], [], []]",5,1.0,0.019749000000127127,0.003949800000025426,0.0014633816398480573
billing_512,aten::stack,"[[], []]",5,1.0,0.019664000000455418,0.003932800000091084,0.0014570832227684143
billing_512,aten::select,"[[1, 2], [], []]",15,3.0,0.01962400000047637,0.0039248000000952745,0.0014541192617798639
billing_512,aten::full,"[[], [], [], [], [], []]",5,1.0,0.01862600000007387,0.0037252000000147743,0.0013801684350469676
billing_512,aten::bitwise_not,"[[1, 3]]",5,1.0,0.018583000000217,0.0037166000000433998,0.0013769821769932123
billing_512,aten::unsqueeze,"[[1, 768], []]",5,1.0,0.018166999999870315,0.003633399999974063,0.0013461569826704513
billing_512,aten::linear,"[[1, 3, 768], [768, 768], [768]]",5,1.0,0.018082999999809543,0.0036165999999619087,0.001339932664586732
billing_512,aten::new_ones,"[[1, 1, 557, 1], [], [], [], [], []]",10,2.0,0.017874999999883814,0.0035749999999767626,0.0013245200674436993
billing_512,aten::unsqueeze,"[[1], []]",30,6.0,0.017833999999417982,0.0035667999998835963,0.0013214820073943262
billing_512,aten::flatten,"[[557, 1, 12, 64], [], []]",10,2.0,0.016997000000119444,0.0033994000000238888,0.0012594611237283968
billing_512,aten::copy_,"[[1, 1, 557], [1, 1, 557], []]",10,2.0,0.01670699999988392,0.0033413999999767838,0.0012379724065326976
billing_512,aten::_to_copy,"[[1, 1, 557], [], [], [], [], [], []]",10,2.0,0.016626000000300793,0.0033252000000601584,0.0012319703855586286
billing_512,aten::abs,"[[1, 1, 557, 557]]",5,1.0,0.016581999999963046,0.0033163999999926094,0.0012287100284444886
billing_512,aten::div,"[[1], []]",5,1.0,0.016415999999968334,0.003283199999993667,0.0012164095903359528
billing_512,aten::zeros,"[[], [], [], [], []]",15,3.0,0.016338000000502007,0.0032676000001004013,0.0012106298664447965
billing_512,aten::split,"[[2304], [], []]",10,2.0,0.016001000000338536,0.0032002000000677074,0.001185658495091065
billing_512,aten::squeeze,"[[1, 3, 1], []]",5,1.0,0.015957000000053085,0.003191400000010617,0.0011823981379808
billing_512,aten::unsqueeze,"[[1, 3], []]",5,1.0,0.015790999999968334,0.003158199999993667,0.0011700976998655923
billing_512,aten::transpose,"[[1, 768], [], []]",5,1.0,0.015624999999941793,0.0031249999999883584,0.001157797261754698
billing_512,aten::expand,"[[1, 3, 1], [], []]",5,1.0,0.015500000000116415,0.003100000000023283,0.0011485348836735652
billing_512,aten::transpose,"[[1, 32, 557], [], []]",10,2.0,0.015333000000201082,0.003066600000040216,0.0011361603465461585
billing_512,aten::embedding,"[[3, 768], [1], [], [], []]",5,1.0,0.015290999999764607,0.0030581999999529214,0.001133048187474208
billing_512,aten::transpose,"[[557, 1, 768], [], []]",10,2.0,0.015167999999423046,0.0030335999998846092,0.0011239340074043317
billing_512,aten::masked_fill,"[[1, 3], [1, 3], []]",5,1.0,0.014956000000063795,0.002991200000012759,0.0011082250142042643
billing_512,aten::reshape,"[[1, 1, 1, 557], []]",10,2.0,0.014874000000185333,0.0029748000000370664,0.0011021488941835589
billing_512,aten::t,"[[3072, 768]]",10,2.0,0.014663999999902443,0.0029327999999804884,0.001086588098964556
billing_512,aten::layer_norm,"[[1, 3, 768], [], [768], [768], [], []]",5,1.0,0.01450000000023283,0.002900000000046566,0.0010744358589296148
billing_512,aten::narrow,"[[1, 557, 64], [], [], []]",10,2.0,0.01416799999997329,0.0028335999999946583,0.0010498349826925275
billing_512,aten::empty_like,"[[1, 557], [], [], [], [], []]",10,2.0,0.014167000000015832,0.0028334000000031665,0.0010497608836709273
billing_512,aten::select,"[[3, 768], [], []]",5,1.0,0.013960000000195578,0.0027920000000391156,0.0010344223855604628
billing_512,aten::unsqueeze,"[[32], []]",10,2.0,0.013916999999899418,0.0027833999999798834,0.001031236127474157
billing_512,aten::slice,"[[2304], [], [], [], []]",30,6.0,0.013666999999870314,0.002733399999974063,0.001012711371283856
billing_512,aten::unsqueeze,"[[557], []]",15,3.0,0.013372999999878175,0.002674599999975635,0.0009909262580071812
billing_512,aten::view,"[[557, 1, 12, 64], []]",10,2.0,0.013333999999973457,0.0026667999999946913,0.000988036396048891
billing_512,aten::__and__,"[[], [1, 1, 557, 557]]",10,2.0,0.013085000000354284,0.002617000000070857,0.0009695857389137182
billing_512,aten::log,"[[1, 3]]",5,1.0,0.012956999999878462,0.0025913999999756924,0.0009601010637101306
billing_512,aten::to,"[[1, 3], [], [], [], []]",20,4.0,0.012876000000396742,0.0025752000000793486,0.0009540990427435759
billing_512,aten::as_strided,"[[1, 1, 557, 557], [], [], []]",75,15.0,0.012832999999636285,0.002566599999927257,0.0009509127846228659
billing_512,aten::addmm,"[[2], [1, 256], [256, 2], [], []]",5,1.0,0.012793000000354368,0.0025586000000708737,0.0009479488236859721
billing_512,aten::mul,"[[1, 3], [1, 3]]",5,1.0,0.01270800000015879,0.002541600000031758,0.0009416504065675109
billing_512,aten::as_strided,"[[1], [], [], []]",45,9.0,0.012624999999899274,0.002524999999979855,0.0009355001874938173
billing_512,aten::as_strided,"[[1, 32, 1], [], [], []]",30,6.0,0.012371999999757008,0.0024743999999514016,0.0009167531342208735
billing_512,aten::transpose,"[[3072, 768], [], []]",10,2.0,0.012291000000404893,0.0024582000000809784,0.0009107511132639223
billing_512,aten::copy_,"[[1, 3], [1, 3], []]",10,2.0,0.01208199999993667,0.002416399999987334,0.0008952644170559392
billing_512,aten::_to_copy,"[[1, 3], [], [], [], [], [], []]",5,1.0,0.012001999999862165,0.002400399999972433,0.0008893364950702122
billing_512,aten::_softmax,"[[1, 3], [], []]",5,1.0,0.011873999999952502,0.0023747999999905005,0.0008798518199085763
billing_512,aten::select,"[[1, 557], [], []]",10,2.0,0.011789999999952443,0.0023579999999904884,0.0008736275018293553
billing_512,aten::to,"[[1, 557], [], [], [], []]",5,1.0,0.011707999999984167,0.0023415999999968334,0.0008675513818019949
billing_512,aten::sub,"[[1], [1], []]",5,1.0,0.011625000000116415,0.0023250000000232833,0.0008614011627573305
billing_512,aten::item,[[]],15,3.0,0.011499000000053002,0.0022998000000106003,0.0008520646856338069
billing_512,aten::expand,"[[1, 1, 1, 557], [], []]",10,2.0,0.01096000000013737,0.002192000000027474,0.0008121253112984197
billing_512,aten::div,"[[1], [1]]",5,1.0,0.010791999999783001,0.0021583999999566002,0.0007996766751137284
billing_512,aten::as_strided,"[[3072, 768], [], [], []]",10,2.0,0.010750999999814666,0.002150199999962933,0.0007966386151012191
billing_512,aten::gelu,"[[1, 256], []]",5,1.0,0.010583999999798834,0.002116799999959767,0.0007842640779663656
billing_512,aten::as_strided,"[[1, 557], [], [], []]",50,10.0,0.010292000000523783,0.0020584000001047566,0.0007626271627923315
billing_512,aten::as_strided,"[[768], [], [], []]",55,11.0,0.010083999999304072,0.0020167999998608145,0.0007472145655534156
billing_512,aten::clamp_min,"[[1, 3], []]",5,1.0,0.009873999999894295,0.001974799999978859,0.0007316537703991097
billing_512,aten::clone,"[[1, 3], []]",5,1.0,0.009752000000269618,0.0019504000000539236,0.0007226136894071065
billing_512,aten::copy_,"[[557], [557], []]",5,1.0,0.009666000000084751,0.0019332000000169501,0.0007162411732646863
billing_512,aten::zero_,"[[1, 557]]",15,3.0,0.009582999999719732,0.0019165999999439464,0.0007100909541831749
billing_512,aten::clamp,"[[1], [], []]",5,1.0,0.009418000000121537,0.0018836000000243074,0.0006978646151287732
billing_512,aten::narrow,"[[2304], [], [], []]",30,6.0,0.00941500000009546,0.001883000000019092,0.0006976423180525832
billing_512,aten::view,"[[1, 32, 1], []]",10,2.0,0.009377000000063163,0.0018754000000126326,0.000694826555109592
billing_512,aten::select,"[[1, 32, 557], [], []]",10,2.0,0.009289000000126635,0.0018578000000253271,0.0006883058409360685
billing_512,aten::linear,"[[1, 3, 768], [1, 768], [1]]",5,1.0,0.009207000000576955,0.001841400000115391,0.0006822297209397255
billing_512,aten::slice,"[[1, 557, 64], [], [], [], []]",10,2.0,0.009080999999905089,0.0018161999999810178,0.0006728932437711162
billing_512,aten::unsqueeze,"[[1, 32], []]",10,2.0,0.008831000000323002,0.0017662000000646006,0.0006543684876139389
billing_512,aten::neg,[[1]],5,1.0,0.008417999999830499,0.0016835999999660998,0.0006237655903546308
billing_512,aten::fill_,"[[1, 557], []]",5,1.0,0.008415999999968334,0.0016831999999936669,0.0006236173923153392
billing_512,aten::_local_scalar_dense,[[]],15,3.0,0.008374999999799002,0.0016749999999598002,0.0006205793322879361
billing_512,aten::as_strided,"[[1, 3], [], [], []]",15,3.0,0.008000000000349245,0.001600000000069849,0.0005927921980464924
billing_512,aten::masked_fill_,"[[1, 3], [1, 3], []]",5,1.0,0.007541999999899417,0.0015083999999798835,0.0005588548446764805
billing_512,aten::to,"[[1, 557], [], [], [], [], []]",10,2.0,0.007540000000079772,0.0015080000000159545,0.0005587066466403394
billing_512,aten::view,"[[1, 3, 768], []]",10,2.0,0.0073329999999259595,0.001466599999985192,0.0005433681485051587
billing_512,aten::unsqueeze,"[[1, 1], []]",10,2.0,0.0071239999998940675,0.0014247999999788135,0.000527881452329507
billing_512,aten::dropout,"[[1, 557, 3072], [], []]",10,2.0,0.007085000000020955,0.001417000000004191,0.0005249915903735587
billing_512,aten::fill_,"[[557], []]",5,1.0,0.0069999999999686225,0.0013999999999937244,0.0005186931732657119
billing_512,aten::copy_,"[[3, 1], [3, 1], []]",5,1.0,0.006915000000211876,0.001383000000042375,0.0005123947561797677
billing_512,aten::copy_,"[[1], [1], []]",5,1.0,0.006707999999984168,0.0013415999999968336,0.0004970562580391114
billing_512,aten::softmax,"[[1, 3], [], []]",5,1.0,0.006459000000031665,0.001291800000006333,0.00047860560087923927
billing_512,aten::as_strided,"[[1, 1, 557], [], [], []]",40,8.0,0.0064139999999604244,0.0012827999999920848,0.0004752711447600944
billing_512,aten::expand,"[[3072], [], []]",10,2.0,0.006372999999963213,0.0012745999999926425,0.00047223308474544543
billing_512,aten::fill_,"[[1, 1], []]",25,5.0,0.006331999999730214,0.0012663999999460427,0.00046919502471332486
billing_512,aten::detach,"[[1, 3]]",10,2.0,0.006293999999994412,0.0012587999999988824,0.0004663792617923037
billing_512,aten::_to_copy,"[[1], [], [], [], [], [], []]",5,1.0,0.006252000000094995,0.001250400000018999,0.00046326710276014854
billing_512,aten::select,"[[1, 3], [], []]",10,2.0,0.0062509999999310825,0.0012501999999862165,0.0004631930037232502
billing_512,aten::view,"[[1, 1, 1, 557], []]",15,3.0,0.0062100000002246825,0.0012420000000449365,0.00046015494373015
billing_512,aten::is_nonzero,[[]],10,2.0,0.00621000000013737,0.0012420000000274742,0.0004601549437236803
billing_512,aten::unsqueeze,"[[1, 1, 1], []]",10,2.0,0.005914999999777819,0.0011829999999555638,0.0004382957313950278
billing_512,aten::expand,"[[1, 1, 557], [], []]",10,2.0,0.005835000000079162,0.0011670000000158325,0.0004323678094371509
billing_512,aten::_unsafe_view,"[[1, 32, 557], []]",10,2.0,0.005832000000069002,0.0011664000000138003,0.0004321455123621403
billing_512,aten::as_strided,"[[3, 768], [], [], []]",5,1.0,0.005831999999820254,0.0011663999999640508,0.0004321455123437084
billing_512,aten::to,"[[1, 1, 557], [], [], [], []]",10,2.0,0.005625999999836494,0.001125199999967299,0.00041688111324588096
billing_512,aten::expand,"[[1, 1, 1, 1], [], []]",5,1.0,0.005580000000265045,0.001116000000053009,0.00041347255813901755
billing_512,aten::_softmax,"[[1, 2], [], []]",5,1.0,0.005459999999962747,0.0010919999999925495,0.00040458067514630836
billing_512,aten::as_strided,"[[1, 1, 1, 1], [], [], []]",5,1.0,0.005459000000031665,0.001091800000006333,0.0004045065761266626
billing_512,aten::to,"[[1, 557, 64], [], [], [], []]",20,4.0,0.005373999999783337,0.0010747999999566674,0.0003982081590042927
billing_512,aten::copy_,"[[1, 256], [1, 256], []]",5,1.0,0.005332999999751337,0.0010665999999502674,0.0003951700989870658
billing_512,aten::as_strided,"[[1, 32, 557], [], [], []]",20,4.0,0.005291000000159329,0.0010582000000318658,0.0003920579399776895
billing_512,aten::new_empty,"[[1, 1, 557, 1], [], [], [], [], []]",10,2.0,0.005248000000169668,0.0010496000000339337,0.0003888716819140948
billing_512,aten::as_strided,"[[1, 3, 1], [], [], []]",10,2.0,0.00483400000014808,0.000966800000029616,0.00035819468566492837
billing_512,aten::as_strided,"[[2304], [], [], []]",30,6.0,0.004664999999833526,0.0009329999999667053,0.00034567195045843475
billing_512,aten::to,"[[1, 3], [], [], [], [], [], [], []]",20,4.0,0.004580999999682945,0.000916199999936589,0.00033944763236806036
billing_512,aten::select,"[[1, 557, 768], [], []]",5,1.0,0.004538999999989755,0.000907799999997951,0.00033633547335118653
billing_512,aten::resolve_conj,"[[557, 1152]]",110,22.0,0.004499999999627108,0.0008999999999254216,0.00033344561135896413
billing_512,aten::linear,"[[1, 772], [256, 772], [256]]",5,1.0,0.004457999999809545,0.0008915999999619089,0.0003303334523328744
billing_512,aten::reshape,"[[1, 32, 1], []]",10,2.0,0.004287999999963631,0.0008575999999927261,0.000317736618136354
billing_512,aten::to,"[[1, 1, 557, 557], [], [], [], [], [], [], []]",10,2.0,0.0042060000000951735,0.0008412000000190348,0.00031166049811638983
billing_512,aten::reshape,"[[1, 557], []]",5,1.0,0.004123999999867465,0.0008247999999734929,0.00030558437806980557
billing_512,aten::t,"[[1, 768]]",5,1.0,0.004082999999693129,0.0008165999999386258,0.00030254631804203184
billing_512,aten::__and__,"[[1, 1, 557, 557], [1, 1, 557, 1]]",5,1.0,0.003917999999782751,0.0007835999999565501,0.00029031997896449756
billing_512,aten::select,"[[1, 32, 1], [], []]",10,2.0,0.003875000000057753,0.0007750000000115505,0.00028713372092051417
billing_512,aten::as_strided,"[[], [], [], []]",15,3.0,0.003833000000116499,0.0007666000000232998,0.000284021561885259
billing_512,aten::linear,"[[1, 256], [2, 256], [2]]",5,1.0,0.003751999999920372,0.0007503999999840744,0.00027801954086576744
billing_512,aten::t,"[[256, 772]]",5,1.0,0.003748999999719672,0.0007497999999439344,0.000277797243776638
billing_512,aten::view,"[[3], []]",10,2.0,0.0036629999997094273,0.0007325999999418855,0.0002714247276471573
billing_512,aten::resolve_conj,"[[557, 3072]]",20,4.0,0.0036260000000183936,0.0007252000000036788,0.0002686830637542061
billing_512,aten::view,"[[1, 1, 557], []]",10,2.0,0.0036260000000002037,0.0007252000000000407,0.0002686830637528582
billing_512,aten::copy_,"[[557], [], []]",5,1.0,0.0035419999999733135,0.0007083999999946627,0.00026245874567164924
billing_512,aten::copy_,"[[3], [], []]",5,1.0,0.0035,0.0007,0.0002593465866340184
billing_512,aten::copy_,"[[1, 2], [1, 2], []]",5,1.0,0.0034989999998360872,0.0006997999999672174,0.00025927248759712013
billing_512,aten::select,"[[1, 1, 557], [], []]",10,2.0,0.003497999999910007,0.0006995999999820015,0.00025919838857784496
billing_512,aten::to,"[[1], [], [], [], []]",10,2.0,0.003497999999905005,0.000699599999981001,0.00025919838857747427
billing_512,aten::t,"[[2, 256]]",5,1.0,0.0034170000001904556,0.0006834000000380911,0.00025319636759366717
billing_512,aten::as_strided,"[[32], [], [], []]",10,2.0,0.0032489999999843347,0.000649799999996867,0.00024074773141996095
billing_512,aten::__and__,"[[1, 1, 557, 557], [1, 1, 1, 557]]",5,1.0,0.0031679999999469147,0.000633599999989383,0.00023474571041222944
billing_512,aten::select,"[[256000, 768], [], []]",5,1.0,0.003166000000100439,0.0006332000000200879,0.00023459751237410028
billing_512,aten::transpose,"[[256, 772], [], []]",5,1.0,0.003165999999968335,0.0006331999999936671,0.0002345975123643115
billing_512,aten::reshape,"[[1, 1, 557], []]",10,2.0,0.003163999999787848,0.0006327999999575695,0.00023444931430143242
billing_512,aten::view,"[[1, 557], []]",5,1.0,0.0029590000001323913,0.0005918000000264782,0.00021925901425268456
billing_512,aten::_reshape_alias,"[[1, 1, 1, 557], [], []]",5,1.0,0.002959000000116248,0.0005918000000232496,0.00021925901425148833
billing_512,aten::as_strided,"[[557], [], [], []]",15,3.0,0.0028759999998887904,0.0005751999999777581,0.00021310879518017008
billing_512,aten::transpose,"[[2, 256], [], []]",5,1.0,0.0028730000000214205,0.0005746000000042841,0.0002128864981157401
billing_512,aten::log,[[1]],5,1.0,0.0028330000001005828,0.0005666000000201165,0.00020992253713150288
billing_512,aten::copy_,"[[3], [3], []]",5,1.0,0.0027490000000425425,0.0005498000000085085,0.0002036982190479857
billing_512,aten::to,"[[1, 32, 1], [], [], [], [], []]",10,2.0,0.0027069999998361708,0.0005413999999672342,0.00020058605999308558
billing_512,aten::as_strided,"[[557, 1, 768], [], [], []]",10,2.0,0.0026670000001322476,0.0005334000000264495,0.0001976220990249215
billing_512,aten::select,"[[1, 768], [], []]",5,1.0,0.002665000000153668,0.0005330000000307336,0.00019747390097700357
billing_512,aten::as_strided,"[[1, 1, 1], [], [], []]",10,2.0,0.0025850000001955776,0.0005170000000391155,0.0001915459789999029
billing_512,aten::view,"[[3, 768], []]",5,1.0,0.0025830000001587903,0.0005166000000317581,0.00019139778094767182
billing_512,aten::detach_,[[557]],5,1.0,0.0025429999998996208,0.0005085999999799242,0.00018843381993836458
billing_512,aten::as_strided,"[[1, 2], [], [], []]",15,3.0,0.0025409999998519195,0.0005081999999703839,0.00018828562188532482
billing_512,aten::expand,"[[1], [], []]",5,1.0,0.0024140000003390013,0.0004828000000678003,0.00017887504577783985
billing_512,aten::to,"[[1, 557], [], [], [], [], [], [], []]",10,2.0,0.0024140000000215877,0.00048280000000431754,0.0001788750457543198
billing_512,aten::as_strided,"[[1, 1, 1, 557], [], [], []]",10,2.0,0.0023749999999126883,0.0004749999999825377,0.00017598518378089998
billing_512,aten::fill_,"[[3], []]",5,1.0,0.002250999999856958,0.00045019999997139164,0.00016679690470745092
billing_512,aten::to,"[[557], [], [], [], [], []]",5,1.0,0.0022070000000690014,0.00044140000001380026,0.00016353654763404972
billing_512,aten::detach_,[[1]],10,2.0,0.0021649999999735882,0.00043299999999471767,0.00016042438858737148
billing_512,aten::expand,"[[2], [], []]",5,1.0,0.00212400000001071,0.00042480000000214203,0.00015738632857526655
billing_512,aten::expand,"[[256], [], []]",5,1.0,0.00204300000006333,0.00040860000001266604,0.0001513843075742069
billing_512,aten::select,"[[557, 768], [], []]",5,1.0,0.002042000000248663,0.00040840000004973263,0.00015131020856318732
billing_512,aten::softmax,"[[1, 2], [], []]",5,1.0,0.0020380000000004657,0.0004076000000000931,0.00015101381244578583
billing_512,aten::resolve_conj,"[[3, 768]]",10,2.0,0.002000000000058208,0.0004000000000116416,0.00014819804950946653
billing_512,aten::view,"[[3, 1], []]",5,1.0,0.0019169999998994171,0.00038339999997988344,0.00014204783044323644
billing_512,aten::as_strided,"[[3072], [], [], []]",10,2.0,0.0018349999999045393,0.0003669999999809079,0.0001359717104139047
billing_512,aten::as_strided,"[[1, 32], [], [], []]",10,2.0,0.0017509999997882915,0.0003501999999576583,0.0001297473923260744
billing_512,aten::lift_fresh,[[557]],5,1.0,0.0017499999999683951,0.00034999999999367904,0.00012967329331466733
billing_512,aten::as_strided,"[[256, 772], [], [], []]",5,1.0,0.0016680000001797453,0.0003336000000359491,0.0001235971733006169
billing_512,aten::as_strided,"[[2, 256], [], [], []]",5,1.0,0.0016679999999469146,0.00033359999998938293,0.00012359717328336439
billing_512,aten::resolve_conj,"[[1, 32, 1]]",10,2.0,0.0015419999999153333,0.0003083999999830667,0.00011426069616219956
billing_512,aten::to,"[[1, 1, 557, 1], [], [], [], [], [], [], []]",5,1.0,0.0015400000001855006,0.0003080000000371001,0.00011411249813271354
billing_512,aten::as_strided,"[[1, 1], [], [], []]",10,2.0,0.0015010000000318087,0.00030020000000636175,0.00011122263615597462
billing_512,aten::to,"[[1, 1, 1, 557], [], [], [], [], [], [], []]",5,1.0,0.0014580000001005828,0.00029160000002011654,0.00010803637809670991
billing_512,aten::to,"[[1, 2], [], [], [], [], [], [], []]",10,2.0,0.001378999999491498,0.0002757999998982996,0.00010218255509612376
billing_512,aten::detach,"[[1, 2]]",5,1.0,0.001331000000005588,0.00026620000000111756,9.862580194609365e-05
billing_512,aten::to,"[[1, 768], [], [], [], []]",5,1.0,0.0012070000000530853,0.00024140000001061706,8.943752288029365e-05
billing_512,aten::detach_,[[3]],5,1.0,0.0011660000000529181,0.00023320000001058363,8.63994628654256e-05
billing_512,aten::to,"[[1, 772], [], [], [], []]",5,1.0,0.0010000000002328307,0.00020000000004656614,7.409902476982922e-05
billing_512,aten::to,"[[1], [], [], [], [], [], [], []]",5,1.0,0.0009600000000632463,0.00019200000001264926,7.113506376716012e-05
billing_512,aten::as_strided,"[[557, 768], [], [], []]",5,1.0,0.0009159999998519197,0.00018319999997038394,6.787470666238766e-05
billing_512,aten::as_strided,"[[256000, 768], [], [], []]",5,1.0,0.000874999999867896,0.00017499999997357918,6.483664664871583e-05
billing_512,aten::to,"[[1, 2], [], [], [], []]",5,1.0,0.0008740000000689178,0.00017480000001378356,6.476254763885878e-05
billing_512,aten::fill_,"[[], []]",10,2.0,0.0007490000000686905,0.0001498000000137381,5.550016954476985e-05
billing_512,aten::zero_,"[[1, 3]]",10,2.0,0.0007069999999048378,0.00014139999998096756,5.23880104930203e-05
billing_512,aten::as_strided,"[[256], [], [], []]",5,1.0,0.0007069999998202547,0.00014139999996405094,5.238801048675278e-05
billing_512,aten::as_strided,"[[2], [], [], []]",5,1.0,0.0006670000000158324,0.00013340000000316648,4.942404951114183e-05
billing_512,aten::resolve_neg,"[[1, 3]]",5,1.0,0.0006670000000158324,0.00013340000000316648,4.942404951114183e-05
billing_512,aten::resolve_conj,"[[1, 256]]",10,2.0,0.0005420000000740401,0.00010840000001480803,4.016167142138287e-05
billing_512,aten::to,"[[1], [], [], [], [], []]",10,2.0,0.0005409999999205866,0.0001081999999841173,4.0087572385259535e-05
billing_512,aten::resolve_conj,"[[1, 2]]",10,2.0,0.000499999999825377,9.99999999650754e-05,3.704951236334896e-05
billing_512,aten::to,"[[1, 3, 768], [], [], [], []]",5,1.0,0.00045899999956600367,9.179999991320073e-05,3.4011452329274e-05
billing_512,aten::lift_fresh,[[]],10,2.0,0.0004579999999421034,9.159999998842068e-05,3.393735333239005e-05
billing_512,aten::to,"[[3], [], [], [], [], []]",5,1.0,0.00037600000009001635,7.520000001800327e-05,2.7861233313638964e-05
billing_512,aten::resolve_conj,"[[32, 1]]",10,2.0,0.0003729999999786742,7.459999999573484e-05,2.7638936231130886e-05
billing_512,aten::lift_fresh,[[1]],10,2.0,0.0003360000003276582,6.720000006553164e-05,2.4897272341144925e-05
billing_512,aten::resolve_conj,"[[1, 1, 557]]",10,2.0,0.00033400000017491037,6.680000003498208e-05,2.4749074280321307e-05
billing_512,aten::resolve_conj,"[[1, 557]]",10,2.0,0.00033399999995754117,6.679999999150823e-05,2.474907426421446e-05
billing_512,aten::resolve_conj,"[[32, 557]]",10,2.0,0.00033099999979958737,6.619999995991748e-05,2.4526777178252508e-05
billing_512,aten::resolve_conj,"[[1, 3]]",5,1.0,0.0002490000001853332,4.9800000037066634e-05,1.845065717712461e-05
billing_512,aten::resolve_conj,"[[3, 1]]",5,1.0,0.0002480000001960434,4.960000003920868e-05,1.837655815316565e-05
billing_512,aten::resolve_conj,"[[1, 772]]",5,1.0,0.00020900000003166498,4.1800000006332994e-05,1.5486696175634875e-05
billing_512,aten::resolve_neg,"[[1, 2]]",5,1.0,0.000208999999857042,4.1799999971408396e-05,1.548669616269548e-05
billing_512,aten::lift_fresh,[[3]],5,1.0,0.00020599999997898523,4.119999999579705e-05,1.5264399097473627e-05
billing_512,aten::resolve_conj,"[[768, 1]]",5,1.0,0.00012599999993108212,2.5199999986216425e-05,9.336477113717917e-06
technical_512,aten::mm,"[[557, 768], [768, 2304]]",220,44.0,475.1270719999989,95.02541439999979,35.28038995578925
technical_512,aten::_scaled_dot_product_flash_attention_for_cpu,"[[1, 12, 557, 64], [1, 12, 557, 64], [1, 12, 557, 64], [], [], [1, 1, 557, 557], []]",70,14.0,210.00814399999894,42.001628799999786,15.594079249206676
technical_512,aten::mm,"[[557, 1152], [1152, 768]]",110,22.0,131.2321610000008,26.246432200000157,9.744596946100678
technical_512,aten::_scaled_dot_product_flash_attention_for_cpu,"[[1, 12, 557, 64], [1, 12, 557, 64], [1, 12, 557, 64], [], [], [], []]",40,8.0,105.08785600000027,21.017571200000056,7.8032609754088
technical_512,aten::mm,"[[557, 768], [768, 768]]",110,22.0,78.37580000000055,15.67516000000011,5.819766858279493
technical_512,aten::mul,"[[1, 12, 557, 64], [1, 1, 557, 64]]",440,88.0,39.323661999998755,7.864732399999751,2.9199643876525134
technical_512,aten::gelu,"[[1, 557, 1152], []]",110,22.0,35.72407800000076,7.144815600000152,2.6526785715360424
technical_512,aten::addmm,"[[3072], [557, 768], [768, 3072], [], []]",10,2.0,34.37068699999931,6.874137399999862,2.5521830092821043
technical_512,aten::addmm,"[[768], [557, 3072], [3072, 768], [], []]",10,2.0,34.15428000000014,6.830856000000028,2.5361137852806293
technical_512,aten::addmm,"[[768], [557, 768], [768, 768], [], []]",40,8.0,29.971082000000926,5.994216400000186,2.2254919213632425
technical_512,aten::_scaled_dot_product_flash_attention_for_cpu,"[[1, 12, 557, 64], [1, 12, 557, 64], [1, 12, 557, 64], [], [], [1, 1, 1, 557], []]",10,2.0,27.791796000000325,5.558359200000065,2.063669822736933
technical_512,aten::native_layer_norm,"[[1, 557, 768], [], [768], [], []]",225,45.0,21.13134899999895,4.226269799999789,1.5691007247253679
technical_512,aten::add,"[[1, 557, 768], [1, 557, 768], []]",240,48.0,21.062236000001025,4.212447200000205,1.5639687637519026
technical_512,aten::cat,"[[], []]",240,48.0,19.68255200000076,3.9365104000001523,1.4615208242335822
technical_512,aten::add,"[[1, 12, 557, 64], [1, 12, 557, 64], []]",220,44.0,15.578231999999007,3.115646399999801,1.1567560178547798
technical_512,aten::mul,"[[1, 557, 1152], [1, 557, 1152]]",110,22.0,13.285995000000305,2.657199000000061,0.9865467833217432
technical_512,aten::neg,"[[1, 12, 557, 32]]",220,44.0,9.45678600000158,1.891357200000316,0.7022102453646447
technical_512,aten::where,"[[1, 1, 557, 557], [], []]",140,28.0,5.437766999999676,1.0875533999999352,0.4037794340809765
technical_512,aten::copy_,"[[557, 768], [557, 768], []]",50,10.0,2.1655759999992443,0.4331151999998489,0.16080406750401252
technical_512,aten::clamp_min,"[[1, 557, 3072], []]",10,2.0,2.118203000000125,0.423640600000025,0.15728640241641983
technical_512,aten::slice,"[[1, 12, 557, 64], [], [], [], []]",880,176.0,1.9485379999994838,0.3897075999998968,0.14468798882429426
technical_512,aten::native_layer_norm,"[[1, 557, 768], [], [768], [768], []]",20,4.0,1.727129999999277,0.3454259999998554,0.1282474173652579
technical_512,aten::empty,"[[], [], [], [], [], []]",1285,257.0,1.404426999999418,0.2808853999998836,0.1042852220898472
technical_512,aten::copy_,"[[557, 3072], [557, 3072], []]",10,2.0,1.381345000000234,0.27626900000004684,0.10257127647630251
technical_512,aten::matmul,"[[1, 557, 768], [768, 2304]]",220,44.0,1.2870930000016425,0.2574186000003285,0.09557262809353181
technical_512,aten::addmm,"[[768], [3, 768], [768, 768], [], []]",5,1.0,0.9673970000002883,0.19347940000005764,0.07183371652220003
technical_512,aten::transpose,"[[1, 557, 12, 64], [], []]",450,90.0,0.8587579999994834,0.1717515999998967,0.06376676662540398
technical_512,aten::scaled_dot_product_attention,"[[1, 12, 557, 64], [1, 12, 557, 64], [1, 12, 557, 64], [1, 1, 557, 557], [], [], [], []]",70,14.0,0.7618890000001192,0.15237780000002382,0.05657379384820782
technical_512,aten::unsqueeze,"[[1, 557, 64], []]",220,44.0,0.7421959999991706,0.14843919999983413,0.0551114972114192
technical_512,aten::layer_norm,"[[1, 557, 768], [], [768], [], [], []]",225,45.0,0.6809740000017281,0.13619480000034562,0.050565479606715966
technical_512,aten::matmul,"[[1, 557, 1152], [1152, 768]]",110,22.0,0.6790639999997874,0.1358127999999575,0.050423653243085766
technical_512,aten::transpose,"[[1, 12, 557, 64], [], []]",590,118.0,0.6755370000007935,0.1351074000001587,0.05016175712587487
technical_512,aten::bitwise_and,"[[], [1, 1, 557, 557]]",10,2.0,0.673359999999911,0.1346719999999822,0.05000010477329142
technical_512,aten::t,"[[2304, 768]]",220,44.0,0.672776999999033,0.1345553999998066,0.0499568143177747
technical_512,aten::as_strided,"[[1, 12, 557, 64], [], [], []]",1480,296.0,0.6415999999980875,0.1283199999996175,0.0476417773886961
technical_512,aten::select,"[[1, 557, 3, 12, 64], [], []]",330,66.0,0.615348999999951,0.1230697999999902,0.045692518819267135
technical_512,aten::unbind,"[[1, 557, 3, 12, 64], []]",110,22.0,0.6134509999993051,0.12269019999986101,0.045551583511419906
technical_512,aten::split,"[[1, 557, 2304], [], []]",110,22.0,0.5925669999986621,0.11851339999973243,0.04400084959773673
technical_512,aten::narrow,"[[1, 12, 557, 64], [], [], []]",440,88.0,0.5902459999981811,0.11804919999963621,0.043828504576941194
technical_512,aten::cos,"[[1, 557, 64]]",10,2.0,0.5674030000002345,0.1134806000000469,0.042132305822584266
technical_512,aten::index_select,"[[256000, 768], [], [557]]",5,1.0,0.5326170000001808,0.10652340000003616,0.039549283895759645
technical_512,aten::linear,"[[1, 557, 768], [2304, 768], []]",220,44.0,0.47914400000225715,0.09582880000045144,0.035578665500787046
technical_512,aten::matmul,"[[1, 557, 768], [768, 768]]",110,22.0,0.47073600000129046,0.09414720000025809,0.034954332482814154
technical_512,aten::view,"[[557], []]",490,98.0,0.4304329999997121,0.08608659999994242,0.031961647703859154
technical_512,aten::sin,"[[1, 557, 64]]",10,2.0,0.42978200000015976,0.08595640000003195,0.03191330793288221
technical_512,aten::t,"[[768, 1152]]",110,22.0,0.4242830000005887,0.08485660000011774,0.03150498166442712
technical_512,aten::transpose,"[[2304, 768], [], []]",220,44.0,0.39002499999995555,0.07800499999999111,0.02896116618777971
technical_512,aten::abs,"[[1, 1, 557, 557], [0]]",5,1.0,0.3858250000001649,0.07716500000003298,0.028649296697406967
technical_512,aten::bitwise_and,"[[1, 1, 557, 557], [1, 1, 557, 1]]",5,1.0,0.3659920000002389,0.07319840000004778,0.02717660441101467
technical_512,aten::to,"[[1, 12, 557, 64], [], [], [], []]",660,132.0,0.365484999999072,0.07309699999981441,0.027138957308159718
technical_512,aten::narrow,"[[1, 557, 2304], [], [], []]",220,44.0,0.35799999999953064,0.07159999999990613,0.02658316132353753
technical_512,aten::sub,"[[1, 1, 557, 1], [1, 1, 1, 557], []]",5,1.0,0.3529089999999478,0.07058179999998956,0.026205130948433564
technical_512,aten::mul,"[[1, 557, 64], []]",20,4.0,0.3511209999999737,0.07022419999999474,0.02607236365109876
technical_512,aten::le,"[[1, 1, 557, 557], []]",5,1.0,0.34445200000005344,0.06889040000001069,0.025577159453152434
technical_512,aten::chunk,"[[1, 557, 2304], [], []]",110,22.0,0.34345100000054485,0.06869020000010898,0.025502830557979708
technical_512,aten::transpose,"[[768, 1152], [], []]",110,22.0,0.3336609999998691,0.06673219999997382,0.02477587762676257
technical_512,aten::view,"[[1, 557, 768], []]",350,70.0,0.3302519999996848,0.06605039999993696,0.024522743557050405
technical_512,aten::as_strided,"[[2304, 768], [], [], []]",250,50.0,0.3240850000013265,0.0648170000002653,0.02406481518878552
technical_512,aten::empty_strided,"[[], [], [], [], [], []]",200,40.0,0.3240329999996219,0.06480659999992437,0.024060953947349376
technical_512,aten::_unsafe_view,"[[557, 2304], []]",220,44.0,0.31924599999897774,0.06384919999979555,0.02370549698289948
technical_512,aten::slice,"[[1, 557, 2304], [], [], [], []]",220,44.0,0.318439000000204,0.06368780000004079,0.02364557348805164
technical_512,aten::linear,"[[1, 557, 768], [768, 768], []]",110,22.0,0.30153900000019895,0.06030780000003979,0.022390670062441283
technical_512,aten::view,"[[1, 557, 2304], []]",110,22.0,0.2960349999996552,0.059206999999931044,0.02198197252071112
technical_512,aten::linear,"[[1, 557, 1152], [768, 1152], []]",110,22.0,0.2862469999993009,0.05724939999986019,0.021255168098798984
technical_512,aten::_unsafe_view,"[[557, 768], []]",220,44.0,0.2846489999994392,0.05692979999988784,0.021136509183180573
technical_512,aten::scaled_dot_product_attention,"[[1, 12, 557, 64], [1, 12, 557, 64], [1, 12, 557, 64], [], [], [], [], []]",40,8.0,0.2781999999990221,0.05563999999980442,0.020657641006122454
technical_512,aten::view,"[[1, 557, 12, 64], []]",110,22.0,0.2689989999996433,0.053799799999928656,0.019974424058296546
technical_512,aten::as_strided,"[[1, 557, 12, 64], [], [], []]",450,90.0,0.25670200000027216,0.05134040000005443,0.0190613147432707
technical_512,aten::add,"[[1, 557, 768], [1, 1, 768], []]",5,1.0,0.2460360000001383,0.049207200000027665,0.01826931474695567
technical_512,aten::empty_like,"[[1, 12, 557, 64], [], [], [], [], []]",120,24.0,0.2433670000008251,0.04867340000016502,0.018071129111328972
technical_512,aten::scalar_tensor,"[[], [], [], [], []]",160,32.0,0.23894699999982183,0.047789399999964365,0.017742923599941098
technical_512,aten::view,"[[1, 557, 1152], []]",110,22.0,0.23369799999961105,0.04673959999992221,0.01735316099158066
technical_512,aten::t,"[[768, 768]]",155,31.0,0.232152999999862,0.0464305999999724,0.01723843757192075
technical_512,aten::as_strided,"[[1, 557, 3, 12, 64], [], [], []]",330,66.0,0.21858800000032264,0.04371760000006453,0.016231173372641385
technical_512,aten::addmm,"[[256], [1, 772], [772, 256], [], []]",5,1.0,0.21194999999948777,0.04238999999989755,0.01573827106848477
technical_512,aten::reshape,"[[1, 557, 768], []]",330,66.0,0.19757399999974265,0.03951479999994853,0.01467078635568896
technical_512,aten::reshape,"[[1, 557, 12, 64], []]",110,22.0,0.19423600000075197,0.03884720000015039,0.014422924365545797
technical_512,aten::as_strided,"[[1, 557, 2304], [], [], []]",220,44.0,0.16487700000079714,0.03297540000015943,0.012242882373094503
technical_512,aten::linear,"[[557, 1, 768], [768, 768], [768]]",30,6.0,0.16120299999963025,0.03224059999992605,0.011970070823558684
technical_512,aten::reshape,"[[1, 557, 1152], []]",110,22.0,0.14917300000058276,0.029834600000116552,0.011076787497588697
technical_512,aten::as_strided,"[[768, 1152], [], [], []]",110,22.0,0.14083099999979456,0.028166199999958914,0.010457355285906595
technical_512,aten::bitwise_and,"[[1, 1, 557, 557], [1, 1, 1, 557]]",5,1.0,0.12395499999993172,0.024790999999986345,0.009204233971680444
technical_512,aten::resolve_conj,"[[557, 768]]",650,130.0,0.12360999999914571,0.02472199999982914,0.009178616120625895
technical_512,aten::view,"[[557, 768], []]",55,11.0,0.12316699999969818,0.02463339999993964,0.009145721314895015
technical_512,aten::linear,"[[1, 557, 3072], [768, 3072], [768]]",10,2.0,0.12045699999993667,0.024091399999987335,0.008944491238971716
technical_512,aten::expand,"[[1, 1, 557, 557], [], []]",75,15.0,0.11929000000045789,0.023858000000091577,0.008857836073466819
technical_512,aten::bmm,"[[1, 32, 1], [1, 1, 557]]",10,2.0,0.1183730000000096,0.02367460000000192,0.00878974456803209
technical_512,aten::transpose,"[[768, 768], [], []]",155,31.0,0.11762700000048062,0.023525400000096126,0.00873435060620286
technical_512,aten::native_layer_norm,"[[1, 3, 768], [], [768], [768], []]",5,1.0,0.1130740000003716,0.02261480000007432,0.008396269227685757
technical_512,aten::scaled_dot_product_attention,"[[1, 12, 557, 64], [1, 12, 557, 64], [1, 12, 557, 64], [1, 1, 1, 557], [], [], [], []]",10,2.0,0.10587899999978254,0.02117579999995651,0.007862007088750667
technical_512,aten::linear,"[[1, 557, 768], [3072, 768], [3072]]",10,2.0,0.09991700000004494,0.019983400000008988,0.007419300921699932
technical_512,aten::transpose,"[[1, 557, 12], [], []]",120,24.0,0.09195799999879817,0.018391599999759634,0.006828308237321564
technical_512,aten::eq,"[[1, 1, 1, 557], []]",10,2.0,0.09195399999944492,0.018390799999888983,0.006828011218807314
technical_512,aten::view,"[[1, 1, 557, 557], []]",70,14.0,0.08929000000002997,0.017858000000005994,0.006630196856375906
technical_512,aten::where,"[[1, 1, 1, 557], [], []]",20,4.0,0.08616200000044774,0.01723240000008955,0.006397928340708227
technical_512,aten::gather,"[[1, 557, 768], [], [1, 3, 768], []]",5,1.0,0.07595599999977276,0.015191199999954552,0.005640085479014588
technical_512,aten::dropout,"[[1, 557, 1152], [], []]",110,22.0,0.07358399999942958,0.014716799999885916,0.0054639534715602974
technical_512,aten::_to_copy,"[[], [], [], [], [], [], []]",35,7.0,0.07195500000104857,0.014391000000209713,0.005342992662194203
technical_512,aten::resolve_conj,"[[557, 2304]]",220,44.0,0.06458000000019412,0.012916000000038824,0.00479536468793705
technical_512,aten::as_strided,"[[768, 768], [], [], []]",155,31.0,0.06457900000011794,0.012915800000023589,0.0047952904332908275
technical_512,aten::arange,"[[], [], [], [0]]",25,5.0,0.06345799999992095,0.01269159999998419,0.004712050981198756
technical_512,aten::as_strided,"[[1, 557, 64], [], [], []]",230,46.0,0.06153700000014396,0.012307400000028793,0.00456940781668296
technical_512,aten::index,"[[1, 557], []]",5,1.0,0.06095899999987796,0.012191799999975592,0.004526488634414537
technical_512,aten::permute,"[[557, 1, 12, 64], []]",30,6.0,0.05774499999920954,0.011548999999841908,0.004287834219577302
technical_512,aten::view,"[[557, 3072], []]",10,2.0,0.05403800000000046,0.010807600000000092,0.004012572267048091
technical_512,aten::layer_norm,"[[1, 557, 768], [], [768], [768], [], []]",20,4.0,0.0524570000002277,0.010491400000045541,0.0038951756803259473
technical_512,aten::copy_,"[[], [], []]",35,7.0,0.05116499999965891,0.010232999999931781,0.0037992386846690315
technical_512,aten::unflatten,"[[557, 1, 768], [], []]",30,6.0,0.051161999999894764,0.010232399999978953,0.0037990159207648387
technical_512,aten::sum,"[[1, 3], [], [], []]",10,2.0,0.051041000000026544,0.010208200000005309,0.003790031109265819
technical_512,aten::gelu,"[[1, 3, 768], []]",5,1.0,0.050831000000122,0.0101662000000244,0.003774437634753493
technical_512,aten::view,"[[557, 1, 768], []]",60,12.0,0.050499999999272405,0.01009999999985448,0.003749859348662187
technical_512,aten::index_select,"[[3, 768], [], [1]]",5,1.0,0.048958000000275205,0.00979160000005504,0.0036353586929798107
technical_512,aten::transpose,"[[1, 557, 768], [], []]",30,6.0,0.04808300000010058,0.009616600000020115,0.0035703858824692857
technical_512,aten::relu,"[[1, 557, 3072]]",10,2.0,0.048039999999629796,0.009607999999925959,0.0035671929328898767
technical_512,aten::split,"[[2304, 768], [], []]",10,2.0,0.042288000000495235,0.008457600000099047,0.0031400802404033335
technical_512,aten::matmul,"[[1, 32, 1], [1, 1, 557]]",10,2.0,0.04212699999917004,0.008425399999834007,0.0031281252431733814
technical_512,aten::expand,"[[768], [], []]",55,11.0,0.04182700000045588,0.008365400000091176,0.0031058488510982696
technical_512,aten::masked_fill_,"[[1, 557], [1, 557], []]",10,2.0,0.04133200000005308,0.008266400000010617,0.0030690928039868847
technical_512,aten::linear,"[[1, 557, 768], [768, 768], [768]]",10,2.0,0.04124699999977019,0.008249399999954037,0.003062781159517544
technical_512,aten::_to_copy,"[[1, 557], [], [], [], [], [], []]",15,3.0,0.03875099999925078,0.007750199999850156,0.002877441576619655
technical_512,aten::all,"[[1, 557]]",10,2.0,0.038079000000535414,0.007615800000107083,0.0028275424582529206
technical_512,aten::unsqueeze,"[[1, 557], []]",30,6.0,0.03787500000048181,0.007575000000096361,0.002812394511572938
technical_512,aten::unsqueeze,"[[1, 3], []]",5,1.0,0.03724699999968289,0.007449399999936578,0.0027657625972365095
technical_512,aten::to,"[[], [], [], [], []]",115,23.0,0.035495999999573084,0.007099199999914617,0.0026357427215926714
technical_512,aten::as_strided,"[[1, 557, 12], [], [], []]",120,24.0,0.033541000000328496,0.006708200000065699,0.0024905748993370763
technical_512,aten::copy_,"[[1, 557], [1, 557], []]",15,3.0,0.03337200000028065,0.00667440000005613,0.002478025865077424
technical_512,aten::clamp,"[[1, 3], [], []]",5,1.0,0.03333300000010058,0.006666600000020116,0.0024751299340818765
technical_512,aten::add,"[[557], [], []]",10,2.0,0.032959000000031664,0.006591800000006333,0.0024473586985040885
technical_512,aten::copy_,"[[3, 768], [3, 768], []]",5,1.0,0.03133199999999488,0.006266399999998976,0.002326546398296183
technical_512,aten::narrow,"[[2304, 768], [], [], []]",30,6.0,0.030042999999510357,0.006008599999902072,0.002230832166567231
technical_512,aten::unsqueeze,"[[1, 1, 557], []]",20,4.0,0.026791999999812105,0.005358399999962421,0.001989430330100995
technical_512,aten::slice,"[[1, 557], [], [], [], []]",5,1.0,0.026292000000481493,0.005258400000096299,0.0019523030098663812
technical_512,aten::embedding,"[[256000, 768], [1, 557], [], [], []]",5,1.0,0.02620899999995754,0.005241799999991508,0.0019461398746602786
technical_512,aten::zeros_like,"[[1, 557], [], [], [], [], []]",10,2.0,0.02603899999934947,0.005207799999869894,0.0019335165857184578
technical_512,aten::permute,"[[1, 12, 557, 64], []]",10,2.0,0.02599999999991269,0.005199999999982538,0.0019306206547781027
technical_512,aten::arange,"[[], [], [], [], []]",25,5.0,0.024538000000444527,0.004907600000088905,0.0018220603703062454
technical_512,aten::sum,"[[1, 557], []]",5,1.0,0.024498999999836086,0.004899799999967217,0.0018191644392788892
technical_512,aten::slice,"[[2304, 768], [], [], [], []]",30,6.0,0.023958000000071478,0.004791600000014296,0.0017789926787487348
technical_512,aten::t,"[[768, 3072]]",10,2.0,0.023751000000629574,0.0047502000001259145,0.001763621968192468
technical_512,aten::addmm,"[[1], [3, 768], [768, 1], [], []]",5,1.0,0.02358299999986775,0.00471659999997355,0.0017511471885203681
technical_512,aten::as_strided,"[[557, 1, 12, 64], [], [], []]",30,6.0,0.02237700000029872,0.004475400000059744,0.001661596092026592
technical_512,aten::ge,"[[1, 1, 557, 1], []]",5,1.0,0.021459000000116704,0.004291800000023341,0.0015934303319710668
technical_512,aten::topk,"[[1, 3], [], [], [], []]",5,1.0,0.021373999999952504,0.004274799999990501,0.00158711868751054
technical_512,aten::select,"[[1, 2], [], []]",15,3.0,0.020499999999941794,0.004099999999988359,0.0015222201316527552
technical_512,aten::as_strided,"[[1, 557], [], [], []]",50,10.0,0.02021099999955777,0.004042199999911554,0.0015007605404999032
technical_512,aten::bitwise_not,"[[1, 557]]",5,1.0,0.02008299999998417,0.004016599999996834,0.0014912559465387798
technical_512,aten::stack,"[[], []]",5,1.0,0.019957000000518747,0.0039914000001037495,0.0014818998618668262
technical_512,aten::expand,"[[1, 32, 1], [], []]",20,4.0,0.019497000000524168,0.0038994000001048336,0.0014477427272056554
technical_512,aten::view,"[[1, 557, 3072], []]",10,2.0,0.01941699999998673,0.003883399999997346,0.001441802355920257
technical_512,aten::unsqueeze,"[[1, 768], []]",5,1.0,0.01933299999983865,0.00386659999996773,0.0014355649661014957
technical_512,aten::bitwise_not,"[[1, 3]]",5,1.0,0.01920799999986775,0.0038415999999735504,0.001426283136032577
technical_512,aten::transpose,"[[768, 3072], [], []]",10,2.0,0.018910999999730848,0.0037821999999461697,0.0014042295077735258
technical_512,aten::as_strided,"[[768, 3072], [], [], []]",10,2.0,0.018292999999917813,0.0036585999999835623,0.0013583401399159907
technical_512,aten::linear,"[[1, 3, 768], [768, 768], [768]]",5,1.0,0.018292999999888707,0.0036585999999777415,0.0013583401399138294
technical_512,aten::unsqueeze,"[[1], []]",30,6.0,0.018212999999655494,0.0036425999999310987,0.001352399768651021
technical_512,aten::flatten,"[[557, 1, 12, 64], [], []]",10,2.0,0.017539999999979045,0.0035079999999958087,0.0013024263955723533
technical_512,aten::copy_,"[[1, 1, 557], [1, 1, 557], []]",10,2.0,0.017374000000016168,0.0034748000000032336,0.0012901001252407156
technical_512,aten::as_strided,"[[1, 557, 768], [], [], []]",35,7.0,0.016832999999809545,0.003366599999961909,0.00124992836467774
technical_512,aten::zeros,"[[], [], [], [], []]",15,3.0,0.016781000000185713,0.0033562000000371428,0.001246067123396103
technical_512,aten::_to_copy,"[[1, 1, 557], [], [], [], [], [], []]",10,2.0,0.01666900000047599,0.003333800000095198,0.0012377506036739699
technical_512,aten::split,"[[2304], [], []]",10,2.0,0.016457999999809545,0.003291599999961909,0.0012220828744645006
technical_512,aten::abs,"[[1, 1, 557, 557]]",5,1.0,0.01620800000010581,0.003241600000021162,0.0012035192143443404
technical_512,aten::resize_,"[[0], [], []]",25,5.0,0.016124000000100523,0.0032248000000201045,0.001197281824536182
technical_512,aten::slice,"[[2304], [], [], [], []]",30,6.0,0.016001999999571127,0.0032003999999142252,0.0011882227583474981
technical_512,aten::squeeze,"[[1, 3, 1], []]",5,1.0,0.015918000000179747,0.0031836000000359495,0.0011819853685849254
technical_512,aten::select,"[[3, 768], [], []]",5,1.0,0.015873999999981608,0.0031747999999963217,0.0011787181643851926
technical_512,aten::dropout,"[[1, 557, 768], [], []]",25,5.0,0.01587199999994482,0.0031743999999889637,0.0011785696551013236
technical_512,aten::new_ones,"[[1, 1, 557, 1], [], [], [], [], []]",10,2.0,0.015832000000095832,0.0031664000000191663,0.0011755994694897915
technical_512,aten::embedding,"[[3, 768], [1], [], [], []]",5,1.0,0.015749999999970895,0.003149999999994179,0.001169510588953886
technical_512,aten::view,"[[557, 1, 12, 64], []]",10,2.0,0.01570900000000256,0.0031418000000005123,0.0011664661486929233
technical_512,aten::expand,"[[1, 3, 1], [], []]",5,1.0,0.0155,0.0031,0.0011509469288138877
technical_512,aten::reshape,"[[1, 1, 1, 557], []]",10,2.0,0.015335000000063246,0.003067000000012649,0.0011386949131247587
technical_512,aten::masked_fill,"[[1, 3], [1, 3], []]",5,1.0,0.015126999999687541,0.0030253999999375085,0.0011232499478585844
technical_512,aten::transpose,"[[1, 32, 557], [], []]",10,2.0,0.014998000000137835,0.002999600000027567,0.0011136710992586665
technical_512,aten::t,"[[3072, 768]]",10,2.0,0.014585000000632134,0.002917000000126427,0.001083003932740523
technical_512,aten::log,"[[1, 3]]",5,1.0,0.01445699999993667,0.002891399999987334,0.0010734993386960958
technical_512,aten::layer_norm,"[[1, 3, 768], [], [768], [768], [], []]",5,1.0,0.014001999999745749,0.00280039999994915,0.0010397134772231888
technical_512,aten::empty_like,"[[1, 557], [], [], [], [], []]",10,2.0,0.013876000000193017,0.0027752000000386035,0.0010303573925447523
technical_512,aten::full,"[[], [], [], [], [], []]",5,1.0,0.013708999999999832,0.0027417999999999666,0.0010179568675554448
technical_512,aten::as_strided,"[[1, 1, 557, 557], [], [], []]",75,15.0,0.013704999999772555,0.002740999999954511,0.0010176598489762937
technical_512,aten::transpose,"[[557, 1, 768], [], []]",10,2.0,0.01362499999991269,0.002724999999982538,0.0010117194777412085
technical_512,aten::unsqueeze,"[[557], []]",15,3.0,0.013501000000085014,0.0027002000000170027,0.0010025119023234933
technical_512,aten::mul,"[[1, 3], [1, 3]]",5,1.0,0.013375999999872875,0.002675199999974575,0.0009932300722366612
technical_512,aten::unsqueeze,"[[32], []]",10,2.0,0.013166999999989458,0.0026333999999978916,0.0009777108523664727
technical_512,aten::_to_copy,"[[1, 3], [], [], [], [], [], []]",5,1.0,0.013123999999952502,0.0026247999999905003,0.0009745179028192772
technical_512,aten::narrow,"[[1, 557, 64], [], [], []]",10,2.0,0.012917000000026291,0.0025834000000052584,0.0009591471922270483
technical_512,aten::sub,"[[1], [1], []]",5,1.0,0.012668999999877997,0.0025337999999755995,0.0009407320413550146
technical_512,aten::addmm,"[[2], [1, 256], [256, 2], [], []]",5,1.0,0.012580000000074506,0.0025160000000149013,0.0009341233783589975
technical_512,aten::transpose,"[[3072, 768], [], []]",10,2.0,0.01257899999988149,0.002515799999976298,0.0009340491237040964
technical_512,aten::copy_,"[[1, 3], [1, 3], []]",10,2.0,0.012336000000010245,0.002467200000002049,0.0009160052460554781
technical_512,aten::item,[[]],15,3.0,0.01216299999943908,0.0024325999998878163,0.0009031591931946922
technical_512,aten::to,"[[1, 3], [], [], [], []]",20,4.0,0.011997999999788591,0.0023995999999577183,0.0008909071775268197
technical_512,aten::__and__,"[[], [1, 1, 557, 557]]",10,2.0,0.011707000000243625,0.002341400000048725,0.0008692990771551343
technical_512,aten::_softmax,"[[1, 3], [], []]",5,1.0,0.011667000000132249,0.0023334000000264496,0.0008663288915241186
technical_512,aten::select,"[[1, 557], [], []]",10,2.0,0.01150000000014279,0.002300000000028558,0.0008539283665499388
technical_512,aten::div,"[[1], [1]]",5,1.0,0.011249999999941793,0.0022499999999883585,0.0008353647063928544
technical_512,aten::copy_,"[[557], [557], []]",5,1.0,0.010623999999968419,0.002124799999993684,0.0007888813013988643
technical_512,aten::gelu,"[[1, 256], []]",5,1.0,0.010416999999899416,0.0020833999999798833,0.0007735105907960326
technical_512,aten::clamp_min,"[[1, 3], []]",5,1.0,0.010330999999889172,0.0020661999999778344,0.0007671246917063689
technical_512,aten::as_strided,"[[768], [], [], []]",55,11.0,0.010169999999488939,0.0020339999998977877,0.0007551696945450987
technical_512,aten::view,"[[1, 32, 1], []]",10,2.0,0.010125000000127329,0.0020250000000254656,0.0007518282357669138
technical_512,aten::linear,"[[1, 3, 768], [1, 768], [1]]",5,1.0,0.010122000000148545,0.002024400000029709,0.0007516054718467832
technical_512,aten::as_strided,"[[3072, 768], [], [], []]",10,2.0,0.010043999999703374,0.002008799999940675,0.0007458136098493734
technical_512,aten::zero_,"[[1, 557]]",15,3.0,0.009873999999997524,0.001974799999999505,0.000733190320974547
technical_512,aten::as_strided,"[[1], [], [], []]",45,9.0,0.009620000000312757,0.0019240000000625515,0.0007143296422935205
technical_512,aten::_local_scalar_dense,[[]],15,3.0,0.009377000000296221,0.0018754000000592442,0.0006962857646341135
technical_512,aten::fill_,"[[1, 557], []]",5,1.0,0.009375000000015916,0.0018750000000031831,0.0006961372553321623
technical_512,aten::clone,"[[1, 3], []]",5,1.0,0.009289000000047964,0.0018578000000095928,0.0006897513562456391
technical_512,aten::narrow,"[[2304], [], [], []]",30,6.0,0.009079000000318046,0.0018158000000636093,0.00067415788174628
technical_512,aten::neg,[[1]],5,1.0,0.009043000000179746,0.0018086000000359492,0.0006714847146755396
technical_512,aten::div,"[[1], []]",5,1.0,0.008999000000068917,0.0017998000000137835,0.0006682175104822901
technical_512,aten::to,"[[1, 557], [], [], [], []]",5,1.0,0.00895800000030431,0.0017916000000608619,0.0006651730702364548
technical_512,aten::clamp,"[[1], [], []]",5,1.0,0.00887300000025425,0.00177460000005085,0.0006588614257844036
technical_512,aten::copy_,"[[3, 1], [3, 1], []]",5,1.0,0.008584000000031665,0.0017168000000063331,0.0006374018346435392
technical_512,aten::unsqueeze,"[[1, 32], []]",10,2.0,0.008372999999862714,0.0016745999999725428,0.0006217341054710111
technical_512,aten::select,"[[1, 32, 557], [], []]",10,2.0,0.008253000000063366,0.0016506000000126731,0.0006128235486176739
technical_512,aten::fill_,"[[557], []]",5,1.0,0.007917999999830727,0.0015835999999661455,0.0005879482440099057
technical_512,aten::masked_fill_,"[[1, 3], [1, 3], []]",5,1.0,0.007833000000100582,0.0015666000000201165,0.0005816365995816096
technical_512,aten::expand,"[[3072], [], []]",10,2.0,0.007753000000317116,0.001550600000063423,0.0005756962283521971
technical_512,aten::to,"[[1, 557], [], [], [], [], []]",10,2.0,0.007624999999968395,0.001524999999993679,0.0005661916343335173
technical_512,aten::as_strided,"[[1, 3], [], [], []]",15,3.0,0.007543000000079019,0.0015086000000158037,0.0005601027538151034
technical_512,aten::view,"[[1, 3, 768], []]",10,2.0,0.007372999999846797,0.0014745999999693595,0.0005474794649011913
technical_512,aten::is_nonzero,[[]],10,2.0,0.007293000000079474,0.0014586000000158948,0.0005415390936729776
technical_512,aten::copy_,"[[1], [1], []]",5,1.0,0.0071239999999525025,0.0014247999999905006,0.0005289900594074497
technical_512,aten::softmax,"[[1, 3], [], []]",5,1.0,0.00704099999985192,0.001408199999970384,0.0005228269242327839
technical_512,aten::unsqueeze,"[[1, 1], []]",10,2.0,0.007039999999989504,0.001407999999997901,0.0005227526696024317
technical_512,aten::slice,"[[1, 557, 64], [], [], [], []]",10,2.0,0.00703899999996338,0.001407799999992676,0.0005226784149599231
technical_512,aten::transpose,"[[1, 768], [], []]",5,1.0,0.006707999999984168,0.0013415999999968336,0.0004981001289332475
technical_512,aten::_to_copy,"[[1], [], [], [], [], [], []]",5,1.0,0.0065859999998938296,0.0013171999999787658,0.0004890410627771657
technical_512,aten::as_strided,"[[1, 32, 1], [], [], []]",30,6.0,0.0064640000000786135,0.0012928000000157226,0.0004799819966415129
technical_512,aten::fill_,"[[1, 1], []]",25,5.0,0.00645799999998394,0.0012915999999967881,0.0004795364687910712
technical_512,aten::detach,"[[1, 3]]",10,2.0,0.006377000000153203,0.0012754000000306405,0.00047352184291758
technical_512,aten::dropout,"[[1, 557, 3072], [], []]",10,2.0,0.0063759999999892895,0.0012751999999978578,0.00047344758826484016
technical_512,aten::select,"[[1, 3], [], []]",10,2.0,0.006207999999984395,0.001241599999996879,0.0004609728086489454
technical_512,aten::expand,"[[1, 1, 1, 1], [], []]",5,1.0,0.006083999999814751,0.00121679999996295,0.0004517652332058374
technical_512,aten::as_strided,"[[1, 1, 557], [], [], []]",40,8.0,0.006043000000073789,0.0012086000000147577,0.00044872079296175816
technical_512,aten::expand,"[[1, 1, 1, 557], [], []]",10,2.0,0.006001999999833061,0.0012003999999666121,0.00044567635268056877
technical_512,aten::as_strided,"[[3, 768], [], [], []]",5,1.0,0.005957999999984168,0.0011915999999968336,0.00044240914850676906
technical_512,aten::_unsafe_view,"[[1, 32, 557], []]",10,2.0,0.005917000000031748,0.0011834000000063498,0.00043936470824698805
technical_512,aten::to,"[[1, 1, 557], [], [], [], []]",10,2.0,0.005788999999799216,0.0011577999999598432,0.0004298601142369358
technical_512,aten::expand,"[[1, 1, 557], [], []]",10,2.0,0.005665000000158671,0.001133000000031734,0.0004206525388331158
technical_512,aten::unsqueeze,"[[1, 1, 1], []]",10,2.0,0.005623999999730131,0.0011247999999460263,0.00041760809853798065
technical_512,aten::as_strided,"[[1, 1, 1, 1], [], [], []]",5,1.0,0.005541000000100667,0.0011082000000201334,0.0004114449633982977
technical_512,aten::as_strided,"[[1, 3, 1], [], [], []]",10,2.0,0.005416999999899417,0.0010833999999798835,0.00040223738795284287
technical_512,aten::copy_,"[[1, 256], [1, 256], []]",5,1.0,0.005416999999899417,0.0010833999999798835,0.00040223738795284287
technical_512,aten::to,"[[1, 1, 557, 557], [], [], [], [], [], [], []]",10,2.0,0.005373999999852003,0.0010747999999704007,0.00039904443840487077
technical_512,aten::view,"[[1, 1, 1, 557], []]",15,3.0,0.005330000000251857,0.0010660000000503715,0.0003957772342495417
technical_512,aten::new_empty,"[[1, 1, 557, 1], [], [], [], [], []]",10,2.0,0.005294000000222241,0.001058800000044448,0.00039310406718687154
technical_512,aten::_softmax,"[[1, 2], [], []]",5,1.0,0.0052079999998677524,0.0010415999999735504,0.00038671816807164626
technical_512,aten::to,"[[1, 557, 64], [], [], [], []]",20,4.0,0.005165999999878295,0.001033199999975659,0.0003835994731685464
technical_512,aten::as_strided,"[[1, 32, 557], [], [], []]",20,4.0,0.004916999999904874,0.0009833999999809748,0.00036511006766892914
technical_512,aten::as_strided,"[[2304], [], [], []]",30,6.0,0.004835000000195577,0.0009670000000391154,0.0003590211871638869
technical_512,aten::select,"[[1, 557, 768], [], []]",5,1.0,0.004749000000068918,0.0009498000000137836,0.00035263528806557895
technical_512,aten::reshape,"[[1, 557], []]",5,1.0,0.004664000000090255,0.000932800000018051,0.0003463236436188291
technical_512,aten::resolve_conj,"[[557, 1152]]",110,22.0,0.004585999999080742,0.0009171999998161484,0.0003405317815795143
technical_512,aten::linear,"[[1, 772], [256, 772], [256]]",5,1.0,0.0044599999999045395,0.0008919999999809078,0.00033117569692903674
technical_512,aten::reshape,"[[1, 32, 1], []]",10,2.0,0.00424899999995705,0.00084979999999141,0.0003155079677729533
technical_512,aten::to,"[[1, 3], [], [], [], [], [], [], []]",20,4.0,0.004165999999825317,0.0008331999999650634,0.00030934483259597456
technical_512,aten::as_strided,"[[1, 768], [], [], []]",15,3.0,0.00395900000014808,0.000791800000029616,0.00029397412202223315
technical_512,aten::empty_like,"[[1, 3], [], [], [], [], []]",5,1.0,0.003916000000375789,0.0007832000000751578,0.0002907811724946902
technical_512,aten::t,"[[256, 772]]",5,1.0,0.003916000000026542,0.0007832000000053084,0.00029078117246875704
technical_512,aten::linear,"[[1, 256], [2, 256], [2]]",5,1.0,0.003834000000031665,0.000766800000006333,0.0002846922919425091
technical_512,aten::view,"[[3], []]",10,2.0,0.00379400000005262,0.0007588000000105239,0.0002817221063213195
technical_512,aten::t,"[[1, 768]]",5,1.0,0.003793000000005122,0.0007586000000010245,0.000281647851677224
technical_512,aten::to,"[[1], [], [], [], []]",10,2.0,0.003791999999899417,0.0007583999999798834,0.00028157359702880624
technical_512,aten::__and__,"[[1, 1, 557, 557], [1, 1, 557, 1]]",5,1.0,0.003790999999720043,0.0007581999999440087,0.00028149934237491823
technical_512,aten::select,"[[1, 32, 1], [], []]",10,2.0,0.003788999999788757,0.0007577999999577513,0.0002813508330988833
technical_512,aten::as_strided,"[[], [], [], []]",15,3.0,0.003751999999846248,0.0007503999999692497,0.00027860341140211267
technical_512,aten::copy_,"[[3], [], []]",5,1.0,0.0037080000001162715,0.0007416000000232543,0.0002753362072371431
technical_512,aten::resolve_conj,"[[557, 3072]]",20,4.0,0.0036660000002593737,0.0007332000000518748,0.0002722175123438863
technical_512,aten::t,"[[2, 256]]",5,1.0,0.0035009999999310822,0.0007001999999862164,0.0002599654966256839
technical_512,aten::copy_,"[[557], [], []]",5,1.0,0.003500000000100499,0.0007000000000200998,0.00025989124199769526
technical_512,aten::copy_,"[[1, 2], [1, 2], []]",5,1.0,0.0034999999997671694,0.0006999999999534338,0.000259891241972944
technical_512,aten::view,"[[1, 1, 557], []]",10,2.0,0.0033769999999358332,0.0006753999999871667,0.00025075792119552557
technical_512,aten::select,"[[1, 1, 557], [], []]",10,2.0,0.003328000000011343,0.0006656000000022686,0.0002471194438132693
technical_512,aten::__and__,"[[1, 1, 557, 557], [1, 1, 1, 557]]",5,1.0,0.0032489999998942948,0.000649799999978859,0.00024125332719965547
technical_512,aten::transpose,"[[256, 772], [], []]",5,1.0,0.003208000000216998,0.0006416000000433996,0.00023820888696030355
technical_512,aten::transpose,"[[2, 256], [], []]",5,1.0,0.0031240000000107102,0.0006248000000021421,0.00023197149713722012
technical_512,aten::_reshape_alias,"[[1, 1, 1, 557], [], []]",5,1.0,0.003123999999984335,0.000624799999996867,0.00023197149713526167
technical_512,aten::as_strided,"[[32], [], [], []]",10,2.0,0.003041999999984,0.0006083999999968,0.0002258826166086085
technical_512,aten::log,[[1]],5,1.0,0.0029989999999525023,0.0005997999999905005,0.00022268966706181823
technical_512,aten::detach_,[[557]],5,1.0,0.002997999999904778,0.0005995999999809556,0.0002226154124177058
technical_512,aten::to,"[[1, 32, 1], [], [], [], [], []]",10,2.0,0.0028749999999736248,0.0005749999999947249,0.00021348209163287555
technical_512,aten::view,"[[1, 557], []]",5,1.0,0.002874999999915417,0.0005749999999830834,0.00021348209162855335
technical_512,aten::as_strided,"[[557], [], [], []]",15,3.0,0.00283399999991525,0.0005667999999830499,0.00021043765136522673
technical_512,aten::reshape,"[[1, 1, 557], []]",10,2.0,0.0027910000001857044,0.0005582000000371409,0.00020724470184085785
technical_512,aten::select,"[[256000, 768], [], []]",5,1.0,0.0027910000000424587,0.0005582000000084917,0.0002072447018302212
technical_512,aten::copy_,"[[3], [3], []]",5,1.0,0.0027510000000631864,0.0005502000000126373,0.0002042745162090148
technical_512,aten::expand,"[[1], [], []]",5,1.0,0.002667000000306871,0.0005334000000613741,0.0001980371264193439
technical_512,aten::as_strided,"[[557, 1, 768], [], [], []]",10,2.0,0.002665000000037253,0.0005330000000074506,0.00019788861711818626
technical_512,aten::as_strided,"[[1, 2], [], [], []]",15,3.0,0.0026260000000474975,0.0005252000000094995,0.0001949926861367701
technical_512,aten::select,"[[1, 768], [], []]",5,1.0,0.0025399999997462144,0.0005079999999492428,0.00018860678702549557
technical_512,aten::as_strided,"[[1, 1, 1], [], [], []]",10,2.0,0.00250000000009004,0.000500000000018008,0.0001856366014282807
technical_512,aten::view,"[[3, 768], []]",5,1.0,0.002459000000031665,0.000491800000006333,0.0001825921611606319
technical_512,aten::to,"[[1, 557], [], [], [], [], [], [], []]",10,2.0,0.0023750000001480204,0.0004750000000296041,0.00017635477136150626
technical_512,aten::expand,"[[256], [], []]",5,1.0,0.002334000000031665,0.000466800000006333,0.00017331033108955216
technical_512,aten::as_strided,"[[1, 1, 1, 557], [], [], []]",10,2.0,0.0022910000003175807,0.0004582000000635161,0.00017011738156633133
technical_512,aten::to,"[[557], [], [], [], [], []]",5,1.0,0.0022089999999893735,0.0004417999999978747,0.0001640285010153321
technical_512,aten::detach_,[[1]],10,2.0,0.00216499999961934,0.000432999999923868,0.00016076129680283533
technical_512,aten::fill_,"[[3], []]",5,1.0,0.002126999999931286,0.0004253999999862572,0.00015793962048439052
technical_512,aten::expand,"[[2], [], []]",5,1.0,0.0021260000001639126,0.0004252000000327825,0.0001578653658610955
technical_512,aten::resolve_conj,"[[3, 768]]",10,2.0,0.0020810000000637957,0.00041620000001275914,0.00015452390702807263
technical_512,aten::select,"[[557, 768], [], []]",5,1.0,0.0019569999999948778,0.00039139999999897556,0.00014531633159244406
technical_512,aten::as_strided,"[[3072], [], [], []]",10,2.0,0.0018729999997012781,0.00037459999994025563,0.00013907894176287734
technical_512,aten::softmax,"[[1, 2], [], []]",5,1.0,0.0018330000001005827,0.0003666000000201165,0.00013610875616978206
technical_512,aten::as_strided,"[[256, 772], [], [], []]",5,1.0,0.0018329999998677523,0.0003665999999735505,0.00013610875615249329
technical_512,aten::view,"[[3, 1], []]",5,1.0,0.0017920000000158326,0.0003584000000031665,0.0001330643159001748
technical_512,aten::as_strided,"[[1, 32], [], [], []]",10,2.0,0.0016679999998304993,0.00033359999996609985,0.00012385674045590185
technical_512,aten::lift_fresh,[[557]],5,1.0,0.0016670000000317486,0.0003334000000063497,0.0001237824858302769
technical_512,aten::as_strided,"[[2, 256], [], [], []]",5,1.0,0.0015839999999734573,0.0003167999999946915,0.00011761935065875153
technical_512,aten::as_strided,"[[1, 1], [], [], []]",10,2.0,0.001540000000174814,0.0003080000000349628,0.00011435214648868315
technical_512,aten::to,"[[1, 1, 557, 1], [], [], [], [], [], [], []]",5,1.0,0.0014590000001480803,0.00029180000002961606,0.00010833752060063838
technical_512,aten::resolve_conj,"[[1, 32, 1]]",10,2.0,0.001415999999910582,0.0002831999999821164,0.0001051445710385516
technical_512,aten::detach,"[[1, 2]]",5,1.0,0.0014150000003864988,0.00028300000007729976,0.000105070316433322
technical_512,aten::detach_,[[3]],5,1.0,0.0012509999999153934,0.00025019999998307865,9.28925553450836e-05
technical_512,aten::to,"[[1, 1, 1, 557], [], [], [], [], [], [], []]",5,1.0,0.0012490000000266264,0.0002498000000053253,9.27440460722059e-05
technical_512,aten::to,"[[1, 2], [], [], [], [], [], [], []]",10,2.0,0.0012099999994970858,0.00024199999989941716,8.984811505070818e-05
technical_512,aten::to,"[[1, 772], [], [], [], []]",5,1.0,0.0010840000001480802,0.00021680000002961605,8.049203038739915e-05
technical_512,aten::to,"[[1, 768], [], [], [], []]",5,1.0,0.001083000000100583,0.0002166000000201166,8.041777574330362e-05
technical_512,aten::as_strided,"[[557, 768], [], [], []]",5,1.0,0.0009580000000000837,0.00019160000000001675,7.113594566476134e-05
technical_512,aten::to,"[[1], [], [], [], [], [], [], []]",5,1.0,0.0009569999999789616,0.0001913999999957923,7.106169102262428e-05
technical_512,aten::to,"[[1, 2], [], [], [], []]",5,1.0,0.0009150000000372529,0.00018300000000745059,6.79429961230699e-05
technical_512,aten::zero_,"[[1, 3]]",10,2.0,0.000797000000031403,0.0001594000000062806,5.918094853553624e-05
technical_512,aten::fill_,"[[], []]",10,2.0,0.0007919999999573974,0.00015839999999147947,5.8809675327197794e-05
technical_512,aten::as_strided,"[[256000, 768], [], [], []]",5,1.0,0.0007079999999841675,0.0001415999999968335,5.2572285521420015e-05
technical_512,aten::to,"[[1], [], [], [], [], []]",10,2.0,0.0006690000003277418,0.00013380000006554837,4.967635456475512e-05
technical_512,aten::as_strided,"[[2], [], [], []]",5,1.0,0.0006669999998994172,0.00013339999997988343,4.952784525181275e-05
technical_512,aten::resolve_neg,"[[1, 3]]",5,1.0,0.0006269999999785796,0.00012539999999571592,4.655765963494541e-05
technical_512,aten::as_strided,"[[256], [], [], []]",5,1.0,0.000625,0.000125,4.64091503553987e-05
technical_512,aten::resolve_conj,"[[1, 2]]",10,2.0,0.0005029999999096616,0.00010059999998193233,3.735008419931683e-05
technical_512,aten::resolve_conj,"[[1, 256]]",10,2.0,0.0004600000002537854,9.200000005075707e-05,3.415713468041819e-05
technical_512,aten::to,"[[1, 3, 768], [], [], [], []]",5,1.0,0.00045899999991524964,9.179999998304993e-05,3.40828800147117e-05
technical_512,aten::lift_fresh,[[]],10,2.0,0.0004179999997300001,8.359999994600002e-05,3.1038439737641906e-05
technical_512,aten::to,"[[3], [], [], [], [], []]",5,1.0,0.00041700000003174864,8.340000000634973e-05,3.0964185119479496e-05
technical_512,aten::resolve_conj,"[[3, 1]]",5,1.0,0.00041699999989941715,8.339999997988344e-05,3.096418510965327e-05
technical_512,aten::resolve_conj,"[[32, 1]]",10,2.0,0.00033500000034337063,6.700000006867413e-05,2.487530461599057e-05
technical_512,aten::lift_fresh,[[1]],10,2.0,0.0003350000001796616,6.700000003593232e-05,2.4875304603834413e-05
technical_512,aten::resolve_conj,"[[1, 1, 557]]",10,2.0,0.0003339999998997882,6.679999997995764e-05,2.4801049942483876e-05
technical_512,aten::resolve_conj,"[[1, 557]]",10,2.0,0.00033299999985183604,6.65999999703672e-05,2.4726795298354564e-05
technical_512,aten::resolve_conj,"[[1, 3]]",5,1.0,0.000249999999825377,4.99999999650754e-05,1.856366012919291e-05
technical_512,aten::resolve_conj,"[[32, 557]]",10,2.0,0.0002490000000425425,4.98000000085085e-05,1.8489405504749823e-05
technical_512,aten::resolve_conj,"[[1, 772]]",5,1.0,0.00020800000027520582,4.1600000055041165e-05,1.5444965258711997e-05
technical_512,aten::resolve_conj,"[[768, 1]]",5,1.0,0.0002080000001587905,4.16000000317581e-05,1.544496525006762e-05
technical_512,aten::resolve_neg,"[[1, 2]]",5,1.0,0.00020800000010058283,4.1600000020116566e-05,1.544496524574543e-05
technical_512,aten::lift_fresh,[[3]],5,1.0,0.00016500000002133675,3.300000000426735e-05,1.2252015695409608e-05
other_512,aten::mm,"[[557, 768], [768, 2304]]",220,44.0,480.1853809999997,96.03707619999994,35.57159336390987
other_512,aten::_scaled_dot_product_flash_attention_for_cpu,"[[1, 12, 557, 64], [1, 12, 557, 64], [1, 12, 557, 64], [], [], [1, 1, 557, 557], []]",70,14.0,212.10118399999928,42.420236799999856,15.712217338936034
other_512,aten::mm,"[[557, 1152], [1152, 768]]",110,22.0,137.86142400000054,27.57228480000011,10.212619353144339
other_512,aten::_scaled_dot_product_flash_attention_for_cpu,"[[1, 12, 557, 64], [1, 12, 557, 64], [1, 12, 557, 64], [], [], [], []]",40,8.0,99.38581099999939,19.87716219999988,7.362389183260833
other_512,aten::mm,"[[557, 768], [768, 768]]",110,22.0,77.707313,15.5414626,5.756470414991807
other_512,aten::mul,"[[1, 12, 557, 64], [1, 1, 557, 64]]",440,88.0,35.45496600000064,7.090993200000128,2.626464034904205
other_512,aten::gelu,"[[1, 557, 1152], []]",110,22.0,35.22062899999956,7.044125799999913,2.609104613305828
other_512,aten::addmm,"[[768], [557, 3072], [3072, 768], [], []]",10,2.0,34.84938900000055,6.96987780000011,2.5816035713272454
other_512,aten::addmm,"[[3072], [557, 768], [768, 3072], [], []]",10,2.0,34.54701600000024,6.909403200000048,2.559204119311782
other_512,aten::addmm,"[[768], [557, 768], [768, 768], [], []]",40,8.0,29.69608999999921,5.939217999999842,2.1998529729876197
other_512,aten::_scaled_dot_product_flash_attention_for_cpu,"[[1, 12, 557, 64], [1, 12, 557, 64], [1, 12, 557, 64], [], [], [1, 1, 1, 557], []]",10,2.0,28.3525289999994,5.67050579999988,2.1003234840804983
other_512,aten::native_layer_norm,"[[1, 557, 768], [], [768], [], []]",225,45.0,21.56422700000229,4.312845400000458,1.5974537010137098
other_512,aten::cat,"[[], []]",240,48.0,20.088802999998297,4.01776059999966,1.4881559492616723
other_512,aten::add,"[[1, 557, 768], [1, 557, 768], []]",240,48.0,19.491475999999988,3.8982951999999975,1.4439066364130075
other_512,aten::add,"[[1, 12, 557, 64], [1, 12, 557, 64], []]",220,44.0,14.326348999999842,2.8652697999999686,1.0612798331264723
other_512,aten::mul,"[[1, 557, 1152], [1, 557, 1152]]",110,22.0,13.867520000000075,2.773504000000015,1.0272902964655026
other_512,aten::neg,"[[1, 12, 557, 32]]",220,44.0,9.249833999999819,1.8499667999999638,0.6852173072125696
other_512,aten::where,"[[1, 1, 557, 557], [], []]",140,28.0,5.307586999999528,1.0615173999999057,0.39318007998156373
other_512,aten::clamp_min,"[[1, 557, 3072], []]",10,2.0,3.4107579999999436,0.6821515999999888,0.25266511942957415
other_512,aten::copy_,"[[557, 768], [557, 768], []]",50,10.0,2.1152019999997282,0.42304039999994564,0.1566917869715806
other_512,aten::slice,"[[1, 12, 557, 64], [], [], [], []]",880,176.0,1.9109919999990872,0.3821983999998174,0.14156413967474035
other_512,aten::native_layer_norm,"[[1, 557, 768], [], [768], [768], []]",20,4.0,1.8395850000011267,0.3679170000002253,0.1362743893662774
other_512,aten::empty,"[[], [], [], [], [], []]",1285,257.0,1.2920060000010403,0.25840120000020805,0.09571035244775347
other_512,aten::copy_,"[[557, 3072], [557, 3072], []]",10,2.0,1.2507240000000748,0.25014480000001493,0.09265222828282126
other_512,aten::matmul,"[[1, 557, 768], [768, 2304]]",220,44.0,1.0979410000010117,0.21958820000020235,0.08133423534941099
other_512,aten::narrow,"[[1, 12, 557, 64], [], [], []]",440,88.0,1.0146800000009035,0.2029360000001807,0.0751663540430112
other_512,aten::addmm,"[[768], [3, 768], [768, 768], [], []]",5,1.0,1.000687999999849,0.2001375999999698,0.07412984240796555
other_512,aten::transpose,"[[1, 557, 12, 64], [], []]",450,90.0,0.7740700000005517,0.15481400000011034,0.05734223565465305
other_512,aten::bitwise_and,"[[], [1, 1, 557, 557]]",10,2.0,0.7680260000002084,0.1536052000000417,0.05689450292723025
other_512,aten::scaled_dot_product_attention,"[[1, 12, 557, 64], [1, 12, 557, 64], [1, 12, 557, 64], [1, 1, 557, 557], [], [], [], []]",70,14.0,0.7211810000010465,0.14423620000020929,0.053424277974458215
other_512,aten::layer_norm,"[[1, 557, 768], [], [768], [], [], []]",225,45.0,0.7025740000003745,0.1405148000000749,0.052045892326049295
other_512,aten::transpose,"[[1, 12, 557, 64], [], []]",590,118.0,0.6416129999997593,0.12832259999995185,0.04752996995756052
other_512,aten::t,"[[2304, 768]]",220,44.0,0.6210120000001876,0.12420240000003753,0.046003871030207553
other_512,aten::as_strided,"[[1, 12, 557, 64], [], [], []]",1480,296.0,0.6196640000011732,0.12393280000023463,0.045904012705242254
other_512,aten::cos,"[[1, 557, 64]]",10,2.0,0.6146519999998064,0.12293039999996128,0.04553272937792135
other_512,aten::t,"[[768, 1152]]",110,22.0,0.5889490000009028,0.11778980000018055,0.043628680024545535
other_512,aten::matmul,"[[1, 557, 1152], [1152, 768]]",110,22.0,0.584950999999628,0.11699019999992559,0.04333251267763861
other_512,aten::split,"[[1, 557, 2304], [], []]",110,22.0,0.5801099999989436,0.11602199999978872,0.04297389683818841
other_512,aten::select,"[[1, 557, 3, 12, 64], [], []]",330,66.0,0.5518289999995387,0.11036579999990774,0.04087887214208344
other_512,aten::index_select,"[[256000, 768], [], [557]]",5,1.0,0.5486950000002926,0.10973900000005851,0.0406467089443128
other_512,aten::mul,"[[1, 557, 64], []]",20,4.0,0.5424409999999747,0.10848819999999496,0.040183419652902244
other_512,aten::unbind,"[[1, 557, 3, 12, 64], []]",110,22.0,0.5332310000002835,0.10664620000005669,0.039501153203664735
other_512,aten::sin,"[[1, 557, 64]]",10,2.0,0.5312399999999111,0.10624799999998222,0.03935366216124004
other_512,aten::linear,"[[1, 557, 768], [2304, 768], []]",220,44.0,0.4595529999998227,0.09191059999996454,0.03404316976729988
other_512,aten::matmul,"[[1, 557, 768], [768, 768]]",110,22.0,0.4306860000004217,0.08613720000008433,0.03190473484977648
other_512,aten::view,"[[557], []]",490,98.0,0.42865499999737094,0.08573099999947419,0.03175428065210771
other_512,aten::le,"[[1, 1, 557, 557], []]",5,1.0,0.4110339999999162,0.08220679999998323,0.03044893677581234
other_512,aten::bitwise_and,"[[1, 1, 557, 557], [1, 1, 557, 1]]",5,1.0,0.410199000000001,0.08203980000000019,0.030387080914240725
other_512,aten::to,"[[1, 12, 557, 64], [], [], [], []]",660,132.0,0.3956840000007032,0.07913680000014064,0.029311826027103353
other_512,aten::abs,"[[1, 1, 557, 557], [0]]",5,1.0,0.38761700000022303,0.07752340000004461,0.028714231733236784
other_512,aten::unsqueeze,"[[1, 557, 64], []]",220,44.0,0.3829559999996591,0.07659119999993183,0.028368950091500908
other_512,aten::transpose,"[[2304, 768], [], []]",220,44.0,0.36870100000071715,0.07374020000014343,0.027312955712186608
other_512,aten::sub,"[[1, 1, 557, 1], [1, 1, 1, 557], []]",5,1.0,0.3647840000000219,0.07295680000000439,0.02702278875429006
other_512,aten::chunk,"[[1, 557, 2304], [], []]",110,22.0,0.34070500000045284,0.06814100000009057,0.025239043495718233
other_512,aten::narrow,"[[1, 557, 2304], [], [], []]",220,44.0,0.3405870000005707,0.06811740000011414,0.0252303021883423
other_512,aten::empty_strided,"[[], [], [], [], [], []]",200,40.0,0.32765400000091793,0.06553080000018359,0.024272240083233986
other_512,aten::slice,"[[1, 557, 2304], [], [], [], []]",220,44.0,0.32643399999945905,0.06528679999989181,0.024181863854233668
other_512,aten::view,"[[1, 557, 768], []]",350,70.0,0.3175330000004693,0.06350660000009387,0.02352248777777575
other_512,aten::transpose,"[[768, 1152], [], []]",110,22.0,0.3159539999990684,0.06319079999981368,0.023405517232245033
other_512,aten::expand,"[[1, 1, 557, 557], [], []]",75,15.0,0.3158699999997493,0.06317399999994985,0.02339929460669962
other_512,aten::as_strided,"[[2304, 768], [], [], []]",250,50.0,0.28256899999895857,0.05651379999979171,0.020932393952263213
other_512,aten::linear,"[[1, 557, 768], [768, 768], []]",110,22.0,0.2824969999982523,0.05649939999965046,0.02092706027312873
other_512,aten::linear,"[[1, 557, 1152], [768, 1152], []]",110,22.0,0.2727419999996601,0.05454839999993202,0.020204420836475695
other_512,aten::_unsafe_view,"[[557, 2304], []]",220,44.0,0.2722319999985757,0.054446399999715143,0.020166640609563358
other_512,aten::scaled_dot_product_attention,"[[1, 12, 557, 64], [1, 12, 557, 64], [1, 12, 557, 64], [], [], [], [], []]",40,8.0,0.24737100000069587,0.049474200000139176,0.018324965669974252
other_512,aten::view,"[[1, 557, 2304], []]",110,22.0,0.24232100000028003,0.04846420000005601,0.017950867345430437
other_512,aten::_unsafe_view,"[[557, 768], []]",220,44.0,0.2416189999996822,0.04832379999993644,0.017898863974335034
other_512,aten::view,"[[1, 557, 12, 64], []]",110,22.0,0.241080999999992,0.0482161999999984,0.017859009538994015
other_512,aten::t,"[[768, 768]]",155,31.0,0.2321220000021976,0.04642440000043952,0.017195336887808468
other_512,aten::scalar_tensor,"[[], [], [], [], []]",160,32.0,0.22908100000039847,0.045816200000079695,0.01697006302532983
other_512,aten::empty_like,"[[1, 12, 557, 64], [], [], [], [], []]",120,24.0,0.21708199999985664,0.04341639999997133,0.01608119059047153
other_512,aten::view,"[[1, 557, 1152], []]",110,22.0,0.21566299999982583,0.04313259999996517,0.015976072665224904
other_512,aten::as_strided,"[[1, 557, 12, 64], [], [], []]",450,90.0,0.21286999999954057,0.042573999999908116,0.015769170364141424
other_512,aten::addmm,"[[256], [1, 772], [772, 256], [], []]",5,1.0,0.21245299999986308,0.042490599999972616,0.015738279472814438
other_512,aten::reshape,"[[1, 557, 12, 64], []]",110,22.0,0.21196200000025697,0.04239240000005139,0.015701906744658285
other_512,aten::add,"[[1, 557, 768], [1, 1, 768], []]",5,1.0,0.21107799999983398,0.042215599999966796,0.01563642101811814
other_512,aten::reshape,"[[1, 557, 768], []]",330,66.0,0.20462599999959089,0.04092519999991818,0.015158464109237168
other_512,aten::as_strided,"[[1, 557, 3, 12, 64], [], [], []]",330,66.0,0.1794490000001306,0.03588980000002612,0.013293380244670366
other_512,aten::as_strided,"[[1, 557, 2304], [], [], []]",220,44.0,0.14391900000098212,0.028783800000196424,0.010661357775436905
other_512,aten::native_layer_norm,"[[1, 3, 768], [], [768], [768], []]",5,1.0,0.1390810000000056,0.027816200000001116,0.010302964172593482
other_512,aten::as_strided,"[[768, 1152], [], [], []]",110,22.0,0.1374970000003268,0.02749940000006536,0.010185623232809627
other_512,aten::reshape,"[[1, 557, 1152], []]",110,22.0,0.1358689999995113,0.02717379999990226,0.01006502282239136
other_512,aten::bitwise_and,"[[1, 1, 557, 557], [1, 1, 1, 557]]",5,1.0,0.12387199999994755,0.02477439999998951,0.0091762985453578
other_512,aten::resolve_conj,"[[557, 768]]",650,130.0,0.11750800000056053,0.023501600000112106,0.008704860577640664
other_512,aten::transpose,"[[768, 768], [], []]",155,31.0,0.11107699999908438,0.022215399999816875,0.00822845932506731
other_512,aten::view,"[[557, 768], []]",55,11.0,0.11066299999874901,0.022132599999749803,0.008197790670320013
other_512,aten::linear,"[[1, 557, 3072], [768, 3072], [768]]",10,2.0,0.1094970000004978,0.02189940000009956,0.008111414700868933
other_512,aten::linear,"[[1, 557, 768], [3072, 768], [3072]]",10,2.0,0.10882900000049267,0.021765800000098534,0.008061930011606235
other_512,aten::scaled_dot_product_attention,"[[1, 12, 557, 64], [1, 12, 557, 64], [1, 12, 557, 64], [1, 1, 1, 557], [], [], [], []]",10,2.0,0.10736999999990804,0.02147399999998161,0.007953848931272928
other_512,aten::linear,"[[557, 1, 768], [768, 768], [768]]",30,6.0,0.10437200000020676,0.02087440000004135,0.0077317604606237655
other_512,aten::bmm,"[[1, 32, 1], [1, 1, 557]]",10,2.0,0.09654000000028509,0.01930800000005702,0.007151574702691756
other_512,aten::eq,"[[1, 1, 1, 557], []]",10,2.0,0.08924699999959557,0.017849399999919115,0.006611317458942967
other_512,aten::where,"[[1, 1, 1, 557], [], []]",20,4.0,0.08608299999989685,0.01721659999997937,0.006376931894854556
other_512,aten::view,"[[1, 1, 557, 557], []]",70,14.0,0.08566399999999703,0.017132799999999407,0.006345892845758818
other_512,aten::transpose,"[[1, 557, 12], [], []]",120,24.0,0.07591799999935937,0.015183599999871875,0.005623920118839529
other_512,aten::dropout,"[[1, 557, 1152], [], []]",110,22.0,0.0747120000013274,0.01494240000026548,0.005534580994359039
other_512,aten::_to_copy,"[[], [], [], [], [], [], []]",35,7.0,0.07095699999926865,0.01419139999985373,0.005256414814296354
other_512,aten::layer_norm,"[[1, 557, 768], [], [768], [768], [], []]",20,4.0,0.0648389999998908,0.012967799999978161,0.004803200250110632
other_512,aten::resolve_conj,"[[557, 2304]]",220,44.0,0.06470900000131678,0.012941800000263357,0.004793569996317913
other_512,aten::as_strided,"[[768, 768], [], [], []]",155,31.0,0.06375499999930433,0.012750999999860865,0.004722898748330136
other_512,aten::gather,"[[1, 557, 768], [], [1, 3, 768], []]",5,1.0,0.06079199999989942,0.012158399999979884,0.004503403038367868
other_512,aten::index,"[[1, 557], []]",5,1.0,0.05970500000018046,0.011941000000036093,0.004422879300023213
other_512,aten::as_strided,"[[1, 557, 64], [], [], []]",230,46.0,0.05611800000040284,0.011223600000080568,0.004157158371321232
other_512,aten::view,"[[557, 3072], []]",10,2.0,0.05533200000011129,0.011066400000022259,0.004098932374652657
other_512,aten::arange,"[[], [], [], [0]]",25,5.0,0.05512100000006399,0.011024200000012797,0.0040833017317833615
other_512,aten::permute,"[[557, 1, 12, 64], []]",30,6.0,0.05408200000022771,0.010816400000045542,0.004006333779484793
other_512,aten::copy_,"[[], [], []]",35,7.0,0.05150300000001061,0.010300600000002122,0.003815284357900577
other_512,aten::unflatten,"[[557, 1, 768], [], []]",30,6.0,0.05033000000013271,0.010066000000026543,0.0037283898361960043
other_512,aten::gelu,"[[1, 3, 768], []]",5,1.0,0.04729099999996834,0.009458199999993668,0.0035032641315907464
other_512,aten::view,"[[557, 1, 768], []]",60,12.0,0.04708500000002096,0.009417000000004191,0.0034880038831095585
other_512,aten::sum,"[[1, 3], [], [], []]",10,2.0,0.04595499999984168,0.009190999999968336,0.003404294753056731
other_512,aten::linear,"[[1, 557, 768], [768, 768], [768]]",10,2.0,0.044412999999942256,0.008882599999988451,0.0032900651260544646
other_512,aten::transpose,"[[1, 557, 768], [], []]",30,6.0,0.044118999999540394,0.008823799999908078,0.003268285936439185
other_512,aten::expand,"[[768], [], []]",55,11.0,0.04362199999968288,0.008724399999936575,0.0032314687350075678
other_512,aten::relu,"[[1, 557, 3072]]",10,2.0,0.04270800000033341,0.008541600000066683,0.00316376064226271
other_512,aten::split,"[[2304, 768], [], []]",10,2.0,0.04246200000023236,0.008492400000046472,0.0031455372387244906
other_512,aten::matmul,"[[1, 32, 1], [1, 1, 557]]",10,2.0,0.04141699999911589,0.008283399999823178,0.003068124813074238
other_512,aten::index_select,"[[3, 768], [], [1]]",5,1.0,0.0413310000000929,0.00826620000001858,0.0030617540297984717
other_512,aten::_to_copy,"[[1, 557], [], [], [], [], [], []]",15,3.0,0.04053700000007461,0.008107400000014923,0.003002935402141011
other_512,aten::all,"[[1, 557]]",10,2.0,0.03966800000033845,0.007933600000067691,0.0029385608587938605
other_512,aten::masked_fill_,"[[1, 557], [1, 557], []]",10,2.0,0.03891499999997905,0.00778299999999581,0.0028827794650329187
other_512,aten::unsqueeze,"[[1, 557], []]",30,6.0,0.03533599999962394,0.007067199999924788,0.002617651167297288
other_512,aten::to,"[[], [], [], [], []]",115,23.0,0.035301000000386454,0.007060200000077291,0.0026150584066888336
other_512,aten::copy_,"[[1, 557], [1, 557], []]",15,3.0,0.03508399999988342,0.007016799999976684,0.0025989832905289295
other_512,aten::add,"[[557], [], []]",10,2.0,0.03412099999997372,0.0068241999999947445,0.0025276453328116513
other_512,aten::clamp,"[[1, 3], [], []]",5,1.0,0.03287399999983609,0.006574799999967218,0.00243526897425339
other_512,aten::as_strided,"[[1, 557, 12], [], [], []]",120,24.0,0.03224800000074538,0.006449600000149077,0.0023888955978563636
other_512,aten::slice,"[[1, 557], [], [], [], []]",5,1.0,0.032168000000412575,0.006433600000082515,0.0023829692877404144
other_512,aten::narrow,"[[2304, 768], [], [], []]",30,6.0,0.02908299999992596,0.005816599999985192,0.0021544359548087903
other_512,aten::embedding,"[[256000, 768], [1, 557], [], [], []]",5,1.0,0.02783600000013189,0.005567200000026378,0.0020620595962759793
other_512,aten::view,"[[1, 557, 3072], []]",10,2.0,0.0265800000000163,0.00531600000000326,0.00196901652783408
other_512,aten::zeros_like,"[[1, 557], [], [], [], [], []]",10,2.0,0.025916000000172062,0.005183200000034412,0.0019198281540878676
other_512,aten::slice,"[[2304, 768], [], [], [], []]",30,6.0,0.02562199999994482,0.005124399999988964,0.0018980489644855234
other_512,aten::arange,"[[], [], [], [], []]",25,5.0,0.025127999999591567,0.0050255999999183135,0.001861453999645606
other_512,aten::t,"[[768, 3072]]",10,2.0,0.024537999999738533,0.004907599999947707,0.00181774746273319
other_512,aten::copy_,"[[3, 768], [3, 768], []]",5,1.0,0.02433199999993667,0.004866399999987335,0.0018024872142627824
other_512,aten::ge,"[[1, 1, 557, 1], []]",5,1.0,0.023415999999968334,0.004683199999993667,0.0017346309637197967
other_512,aten::unsqueeze,"[[1, 1, 557], []]",20,4.0,0.02341199999980745,0.004682399999961491,0.0017343346482033136
other_512,aten::permute,"[[1, 12, 557, 64], []]",10,2.0,0.02328800000002957,0.004657600000005914,0.0017251488675782602
other_512,aten::addmm,"[[1], [3, 768], [768, 1], [], []]",5,1.0,0.02200299999990966,0.004400599999981932,0.0016299575117279465
other_512,aten::sum,"[[1, 557], []]",5,1.0,0.021874000000068918,0.004374800000013784,0.0016204013367175302
other_512,aten::topk,"[[1, 3], [], [], [], []]",5,1.0,0.02149800000025425,0.004299600000050851,0.0015925476793021715
other_512,aten::transpose,"[[768, 3072], [], []]",10,2.0,0.02108300000001327,0.004216600000002654,0.0015618049456857254
other_512,aten::stack,"[[], []]",5,1.0,0.02050000000029104,0.004100000000058208,0.0015186169609159874
other_512,aten::select,"[[1, 2], [], []]",15,3.0,0.02037599999993108,0.004075199999986216,0.0015094311802478146
other_512,aten::as_strided,"[[768, 3072], [], [], []]",10,2.0,0.02004300000012154,0.004008600000024308,0.0014847629145069065
other_512,aten::as_strided,"[[557, 1, 12, 64], [], [], []]",30,6.0,0.019914000000193482,0.003982800000038696,0.0014752067394900223
other_512,aten::flatten,"[[557, 1, 12, 64], [], []]",10,2.0,0.019747999999905005,0.003949599999981001,0.0014629096460292146
other_512,aten::bitwise_not,"[[1, 557]]",5,1.0,0.019458000000129688,0.0038916000000259374,0.001441426771964913
other_512,aten::copy_,"[[1, 1, 557], [1, 1, 557], []]",10,2.0,0.01920699999983617,0.003841399999967234,0.0014228329740317307
other_512,aten::expand,"[[1, 32, 1], [], []]",20,4.0,0.019129999999867323,0.0038259999999734643,0.0014171289005711666
other_512,aten::_to_copy,"[[1, 1, 557], [], [], [], [], [], []]",10,2.0,0.018876999999999953,0.0037753999999999904,0.0013983869449172702
other_512,aten::linear,"[[1, 3, 768], [768, 768], [768]]",5,1.0,0.018873000000079628,0.0037746000000159255,0.0013980906294186078
other_512,aten::bitwise_not,"[[1, 3]]",5,1.0,0.018581000000122003,0.003716200000024401,0.0013764595975885188
other_512,aten::unsqueeze,"[[1, 768], []]",5,1.0,0.01849900000006892,0.0036998000000137837,0.0013703851297410087
other_512,aten::unsqueeze,"[[1], []]",30,6.0,0.018333999999417983,0.0036667999998835966,0.0013581621151294914
other_512,aten::unsqueeze,"[[1, 3], []]",5,1.0,0.018125,0.0036249999999999998,0.0013426796300590976
other_512,aten::zeros,"[[], [], [], [], []]",15,3.0,0.017250999999867647,0.0034501999999735295,0.0012779346923018915
other_512,aten::new_ones,"[[1, 1, 557, 1], [], [], [], [], []]",10,2.0,0.016832999999401865,0.003366599999880373,0.0012469697220403688
other_512,aten::abs,"[[1, 1, 557, 557]]",5,1.0,0.016663999999931546,0.003332799999986309,0.001234450392011746
other_512,aten::squeeze,"[[1, 3, 1], []]",5,1.0,0.016165999999968334,0.003233199999993667,0.0011975591116961575
other_512,aten::masked_fill,"[[1, 3], [1, 3], []]",5,1.0,0.01600099999993108,0.003200199999986216,0.0011853360971301014
other_512,aten::dropout,"[[1, 557, 768], [], []]",25,5.0,0.015709999999745605,0.003141999999949121,0.0011637791441592746
other_512,aten::split,"[[2304], [], []]",10,2.0,0.015709000000468223,0.003141800000093645,0.0011637050653366642
other_512,aten::t,"[[3072, 768]]",10,2.0,0.015458000000537141,0.0030916000001074283,0.0011451112674303304
other_512,aten::layer_norm,"[[1, 3, 768], [], [768], [768], [], []]",5,1.0,0.01541800000006333,0.0030836000000126662,0.0011421481123495834
other_512,aten::resize_,"[[0], [], []]",25,5.0,0.015291999999984228,0.0030583999999968456,0.0011328141739499335
other_512,aten::full,"[[], [], [], [], [], []]",5,1.0,0.01516800000006333,0.003033600000012666,0.0011236283933142854
other_512,aten::transpose,"[[1, 32, 557], [], []]",10,2.0,0.01503900000010617,0.003007800000021234,0.0011140722182952454
other_512,aten::expand,"[[1, 3, 1], [], []]",5,1.0,0.015,0.003,0.0011111831421178739
other_512,aten::unsqueeze,"[[557], []]",15,3.0,0.014707000000053313,0.0029414000000106627,0.001089478031412454
other_512,aten::view,"[[557, 1, 12, 64], []]",10,2.0,0.014582999999984168,0.0029165999999968334,0.0010802922507658242
other_512,aten::reshape,"[[1, 1, 1, 557], []]",10,2.0,0.0144990000001535,0.0028998000000307,0.0010740696251825082
other_512,aten::as_strided,"[[1, 1, 557, 557], [], [], []]",75,15.0,0.01441200000008257,0.002882400000016514,0.0010676247629529702
other_512,aten::mul,"[[1, 3], [1, 3]]",5,1.0,0.014039999999979045,0.002807999999995809,0.0010400674210207777
other_512,aten::unsqueeze,"[[32], []]",10,2.0,0.01403799999979401,0.002807599999958802,0.001039919263254788
other_512,aten::transpose,"[[557, 1, 768], [], []]",10,2.0,0.013791000000026542,0.0027582000000053084,0.0010216217808651396
other_512,aten::as_strided,"[[1, 557, 768], [], [], []]",35,7.0,0.013711000000155765,0.0027422000000311532,0.0010156954707834166
other_512,aten::log,"[[1, 3]]",5,1.0,0.013707999999984167,0.0027415999999968335,0.0010154732341422815
other_512,aten::select,"[[3, 768], [], []]",5,1.0,0.013707999999955063,0.0027415999999910127,0.0010154732341401255
other_512,aten::embedding,"[[3, 768], [1], [], [], []]",5,1.0,0.013499999999883584,0.0026999999999767167,0.0010000648278974626
other_512,aten::empty_like,"[[1, 557], [], [], [], [], []]",10,2.0,0.01337599999984377,0.002675199999968754,0.0009908790472530054
other_512,aten::_to_copy,"[[1, 3], [], [], [], [], [], []]",5,1.0,0.013291000000026542,0.0026582000000053086,0.0009845823427945437
other_512,aten::slice,"[[2304], [], [], [], []]",30,6.0,0.013251999999687541,0.002650399999937508,0.0009816932665999245
other_512,aten::__and__,"[[], [1, 1, 557, 557]]",10,2.0,0.013206999999619029,0.0026413999999238057,0.0009783597171684954
other_512,aten::narrow,"[[1, 557, 64], [], [], []]",10,2.0,0.013123999999963871,0.002624799999992774,0.0009722111704743221
other_512,aten::to,"[[1, 3], [], [], [], []]",20,4.0,0.012916999999957624,0.0025833999999915246,0.0009568768431126327
other_512,aten::item,[[]],15,3.0,0.012873999999983881,0.0025747999999967764,0.0009536914514405064
other_512,aten::transpose,"[[3072, 768], [], []]",10,2.0,0.012709999999409773,0.0025419999998819547,0.0009415425157108218
other_512,aten::sub,"[[1], [1], []]",5,1.0,0.012709000000264495,0.002541800000052899,0.0009414684368979976
other_512,aten::_softmax,"[[1, 3], [], []]",5,1.0,0.012706999999820254,0.002541399999964051,0.0009413202791128064
other_512,aten::copy_,"[[1, 3], [1, 3], []]",10,2.0,0.012125000000116416,0.002425000000023283,0.0008982063732205721
other_512,aten::addmm,"[[2], [1, 256], [256, 2], [], []]",5,1.0,0.01175000000046566,0.002350000000093132,0.000870426794693497
other_512,aten::select,"[[1, 557], [], []]",10,2.0,0.011497999999952298,0.0022995999999904596,0.0008517589178678873
other_512,aten::div,"[[1], [1]]",5,1.0,0.010748999999952503,0.0021497999999905005,0.0007962738396381498
other_512,aten::as_strided,"[[1, 557], [], [], []]",50,10.0,0.010538999999717361,0.0021077999999434723,0.0007807172756310806
other_512,aten::as_strided,"[[768], [], [], []]",55,11.0,0.010126000000134808,0.0020252000000269615,0.0007501226998156927
other_512,aten::copy_,"[[557], [557], []]",5,1.0,0.009999999999899273,0.0019999999999798547,0.0007407887614044542
other_512,aten::as_strided,"[[3072, 768], [], [], []]",10,2.0,0.009916000000172061,0.001983200000034412,0.000734566135828802
other_512,aten::clamp_min,"[[1, 3], []]",5,1.0,0.009875,0.001975,0.0007315289018942669
other_512,aten::zero_,"[[1, 557]]",15,3.0,0.009872999999934108,0.0019745999999868217,0.0007313807441371035
other_512,aten::view,"[[1, 32, 1], []]",10,2.0,0.009791999999693417,0.0019583999999386835,0.0007253803551518367
other_512,aten::clone,"[[1, 3], []]",5,1.0,0.009500999999814666,0.0019001999999629332,0.0007038234022037321
other_512,aten::to,"[[1, 557], [], [], [], []]",5,1.0,0.009457999999693129,0.0018915999999386257,0.0007006380105206575
other_512,aten::gelu,"[[1, 256], []]",5,1.0,0.009374999999941793,0.0018749999999883586,0.0006944894638193593
other_512,aten::fill_,"[[1, 557], []]",5,1.0,0.009290999999968335,0.001858199999993667,0.0006882668382254654
other_512,aten::linear,"[[1, 3, 768], [1, 768], [1]]",5,1.0,0.009290999999910128,0.0018581999999820256,0.0006882668382211535
other_512,aten::select,"[[1, 32, 557], [], []]",10,2.0,0.009207000000285915,0.001841400000057183,0.0006820442126531314
other_512,aten::neg,[[1]],5,1.0,0.009167999999888706,0.0018335999999777412,0.0006791551364542001
other_512,aten::_local_scalar_dense,[[]],15,3.0,0.009167999999873017,0.0018335999999746035,0.0006791551364530378
other_512,aten::div,"[[1], []]",5,1.0,0.009040000000153668,0.0018080000000307336,0.0006696730403277555
other_512,aten::narrow,"[[2304], [], [], []]",30,6.0,0.008830999999772757,0.0017661999999545514,0.0006541905551860291
other_512,aten::clamp,"[[1], [], []]",5,1.0,0.008750999999931081,0.0017501999999862163,0.0006482642451064623
other_512,aten::as_strided,"[[1, 3], [], [], []]",15,3.0,0.00875,0.0017500000000000003,0.0006481901662354266
other_512,aten::unsqueeze,"[[1, 32], []]",10,2.0,0.008497999999905005,0.001699599999981001,0.0006295222894408091
other_512,aten::view,"[[1, 3, 768], []]",10,2.0,0.00833199999993667,0.0016663999999873339,0.000617225196003717
other_512,aten::as_strided,"[[1], [], [], []]",45,9.0,0.008126000000587282,0.0016252000001174562,0.0006019649475668281
other_512,aten::expand,"[[3072], [], []]",10,2.0,0.008084999999613502,0.0016169999999227005,0.0005989277135729026
other_512,aten::masked_fill_,"[[1, 3], [1, 3], []]",5,1.0,0.008040000000037253,0.0016080000000074507,0.0005955941641779401
other_512,aten::to,"[[1, 557], [], [], [], [], []]",10,2.0,0.007916000000301664,0.001583200000060333,0.0005864083835560197
other_512,aten::copy_,"[[3, 1], [3, 1], []]",5,1.0,0.007914999999920838,0.0015829999999841676,0.0005863343046516673
other_512,aten::fill_,"[[557], []]",5,1.0,0.007913000000090278,0.0015826000000180556,0.0005861861469119368
other_512,aten::dropout,"[[1, 557, 3072], [], []]",10,2.0,0.00779099999985192,0.001558199999970384,0.0005771485240050541
other_512,aten::slice,"[[1, 557, 64], [], [], [], []]",10,2.0,0.007748999999999796,0.0015497999999999593,0.0005740372112180785
other_512,aten::fill_,"[[1, 1], []]",25,5.0,0.007459999999724688,0.0014919999999449375,0.0005526284159928944
other_512,aten::unsqueeze,"[[1, 1], []]",10,2.0,0.007416000000163877,0.0014832000000327753,0.0005493689454752166
other_512,aten::to,"[[1, 557, 64], [], [], [], []]",20,4.0,0.0073760000000784205,0.0014752000000156841,0.0005464057904232385
other_512,aten::softmax,"[[1, 3], [], []]",5,1.0,0.00712700000021141,0.001425400000042282,0.0005279601502739335
other_512,aten::copy_,"[[1], [1], []]",5,1.0,0.006874999999825377,0.0013749999999650754,0.0005092922734577564
other_512,aten::is_nonzero,[[]],10,2.0,0.006581999999905292,0.0013163999999810585,0.00048758716275430726
other_512,aten::_to_copy,"[[1], [], [], [], [], [], []]",5,1.0,0.006581000000180211,0.0013162000000360421,0.00048751308389853175
other_512,aten::_unsafe_view,"[[1, 32, 557], []]",10,2.0,0.006458000000259289,0.0012916000000518578,0.00047840138213902316
other_512,aten::as_strided,"[[1, 32, 1], [], [], []]",30,6.0,0.0064570000000267105,0.0012914000000053421,0.0004783273032456528
other_512,aten::select,"[[1, 3], [], []]",10,2.0,0.006375999999915166,0.001275199999983033,0.00047232691426995317
other_512,aten::expand,"[[1, 1, 1, 1], [], []]",5,1.0,0.006374999999783085,0.001274999999956617,0.0004722528353840276
other_512,aten::detach,"[[1, 3]]",10,2.0,0.006334000000089873,0.0012668000000179746,0.0004692156014849652
other_512,aten::unsqueeze,"[[1, 1, 1], []]",10,2.0,0.0062919999998146065,0.0012583999999629214,0.00046610428866664377
other_512,aten::as_strided,"[[1, 1, 557], [], [], []]",40,8.0,0.0062110000000416225,0.0012422000000083244,0.00046010389971602424
other_512,aten::to,"[[1, 1, 557], [], [], [], []]",10,2.0,0.005914999999941756,0.0011829999999883511,0.0004381765523708336
other_512,aten::expand,"[[1, 1, 1, 557], [], []]",10,2.0,0.005540999999881023,0.0011081999999762045,0.000410471052689529
other_512,aten::view,"[[1, 1, 1, 557], []]",15,3.0,0.005502999999951953,0.0011005999999903905,0.0004076560554014181
other_512,aten::expand,"[[1, 1, 557], [], []]",10,2.0,0.005501000000032036,0.0011002000000064072,0.00040750789765506816
other_512,aten::copy_,"[[1, 256], [1, 256], []]",5,1.0,0.0054170000000740405,0.001083400000014808,0.00040128527206231964
other_512,aten::resolve_conj,"[[557, 3072]]",20,4.0,0.005413999999815133,0.0010827999999630266,0.00040106303541471647
other_512,aten::as_strided,"[[1, 1, 1, 1], [], [], []]",5,1.0,0.005334000000116248,0.0010668000000232498,0.00039513672534572747
other_512,aten::as_strided,"[[1, 3, 1], [], [], []]",10,2.0,0.005252000000036787,0.0010504000000073573,0.0003890622574962634
other_512,aten::view,"[[3], []]",10,2.0,0.005208999999798835,0.0010417999999597668,0.0003858768658045649
other_512,aten::new_empty,"[[1, 1, 557, 1], [], [], [], [], []]",10,2.0,0.005165000000317605,0.0010330000000635209,0.0003826173952927824
other_512,aten::as_strided,"[[1, 32, 557], [], [], []]",20,4.0,0.005123999999852003,0.0010247999999704006,0.0003795801613365023
other_512,aten::as_strided,"[[3, 768], [], [], []]",5,1.0,0.0050839999999443535,0.0010167999999888707,0.0003766170062976958
other_512,aten::_softmax,"[[1, 2], [], []]",5,1.0,0.004875,0.000975,0.000361134521188309
other_512,aten::resolve_conj,"[[557, 1152]]",110,22.0,0.004788000000249667,0.0009576000000499334,0.00035468965898252045
other_512,aten::select,"[[1, 557, 768], [], []]",5,1.0,0.004624999999941792,0.0009249999999883584,0.00034261480214869917
other_512,aten::reshape,"[[1, 557], []]",5,1.0,0.004583000000232915,0.0009166000000465829,0.00033950348937233514
other_512,aten::to,"[[1, 1, 557, 557], [], [], [], [], [], [], []]",10,2.0,0.004542000000031749,0.0009084000000063498,0.0003364662554356441
other_512,aten::as_strided,"[[2304], [], [], []]",30,6.0,0.004541000000172062,0.0009082000000344124,0.0003363921765698972
other_512,aten::to,"[[1, 3], [], [], [], [], [], [], []]",20,4.0,0.004456000000196127,0.0008912000000392253,0.0003300954720996786
other_512,aten::linear,"[[1, 772], [256, 772], [256]]",5,1.0,0.004335000000079163,0.0008670000000158325,0.00032113192807792983
other_512,aten::__and__,"[[1, 1, 557, 557], [1, 1, 557, 1]]",5,1.0,0.004291999999835753,0.0008583999999671506,0.0003179465363858271
other_512,aten::reshape,"[[1, 32, 1], []]",10,2.0,0.0041640000002112175,0.0008328000000422435,0.00030846444026756854
other_512,aten::empty_like,"[[1, 3], [], [], [], [], []]",5,1.0,0.003999000000301748,0.0007998000000603497,0.0002962414257109784
other_512,aten::to,"[[1], [], [], [], []]",10,2.0,0.003960000000195578,0.0007920000000391156,0.0002933523495336069
other_512,aten::as_strided,"[[1, 768], [], [], []]",15,3.0,0.003959000000235392,0.0007918000000470785,0.0002932782706604151
other_512,aten::transpose,"[[1, 768], [], []]",5,1.0,0.003917000000015832,0.0007834000000031665,0.0002901669578462203
other_512,aten::select,"[[1, 32, 1], [], []]",10,2.0,0.0038310000000637955,0.0007662000000127591,0.0002837961745016309
other_512,aten::copy_,"[[1, 2], [1, 2], []]",5,1.0,0.0037489999999525026,0.0007497999999905006,0.00027772170664980874
other_512,aten::t,"[[2, 256]]",5,1.0,0.0036680000002379527,0.0007336000000475906,0.00027172131770351806
other_512,aten::as_strided,"[[], [], [], []]",15,3.0,0.003666000000174563,0.0007332000000349127,0.0002715731599465398
other_512,aten::t,"[[256, 772]]",5,1.0,0.0036260000000474975,0.0007252000000094995,0.0002686100048914793
other_512,aten::copy_,"[[3], [], []]",5,1.0,0.0035829999999841674,0.0007165999999968334,0.0002654246132127166
other_512,aten::select,"[[1, 1, 557], [], []]",10,2.0,0.0035829999999577923,0.0007165999999915585,0.00026542461321076277
other_512,aten::linear,"[[1, 256], [2, 256], [2]]",5,1.0,0.0035399999998044222,0.0007079999999608844,0.00026223922152533003
other_512,aten::transpose,"[[256, 772], [], []]",5,1.0,0.0035,0.0007,0.0002592760664941706
other_512,aten::t,"[[1, 768]]",5,1.0,0.0034570000001695007,0.0006914000000339002,0.0002560906748326558
other_512,aten::view,"[[1, 1, 557], []]",10,2.0,0.003416999999973541,0.0006833999999947082,0.0002531275197724916
other_512,aten::as_strided,"[[32], [], [], []]",10,2.0,0.0033340000002381204,0.0006668000000476241,0.0002469789730723725
other_512,aten::copy_,"[[557], [], []]",5,1.0,0.003334000000031665,0.000666800000006333,0.0002469789730570785
other_512,aten::view,"[[1, 557], []]",5,1.0,0.0032909999998360037,0.0006581999999672008,0.00024379358136851286
other_512,aten::view,"[[3, 768], []]",5,1.0,0.00325099999998929,0.0006501999999978579,0.0002408304263342205
other_512,aten::select,"[[256000, 768], [], []]",5,1.0,0.003165999999703672,0.0006331999999407344,0.00023453372184106092
other_512,aten::_reshape_alias,"[[1, 1, 1, 557], [], []]",5,1.0,0.003124999999915417,0.0006249999999830833,0.0002314964879349579
other_512,aten::__and__,"[[1, 1, 557, 557], [1, 1, 1, 557]]",5,1.0,0.0031239999998360873,0.0006247999999672174,0.00023142240905294007
other_512,aten::transpose,"[[2, 256], [], []]",5,1.0,0.0029999999997671694,0.0005999999999534339,0.00022223662840632693
other_512,aten::as_strided,"[[557], [], [], []]",15,3.0,0.002959000000089645,0.000591800000017929,0.00021919939450842674
other_512,aten::to,"[[1, 32, 1], [], [], [], [], []]",10,2.0,0.002918000000163829,0.0005836000000327658,0.00021616216059213336
other_512,aten::log,[[1]],5,1.0,0.0027510000001639127,0.0005502000000327825,0.00020379098827656055
other_512,aten::select,"[[1, 768], [], []]",5,1.0,0.00266699999969569,0.000533399999939138,0.00019756836264601507
other_512,aten::as_strided,"[[557, 1, 768], [], [], []]",10,2.0,0.0026659999998519196,0.0005331999999703839,0.00019749428378144717
other_512,aten::reshape,"[[1, 1, 557], []]",10,2.0,0.002624000000185333,0.0005248000000370667,0.000194382971008216
other_512,aten::detach_,[[557]],5,1.0,0.0025850000000950785,0.0005170000000190157,0.0001914938948320236
other_512,aten::copy_,"[[3], [3], []]",5,1.0,0.0025840000000157486,0.0005168000000031497,0.00019141981595000574
other_512,aten::as_strided,"[[1, 1, 1], [], [], []]",10,2.0,0.002499000000037313,0.0004998000000074626,0.0001851231114796019
other_512,aten::as_strided,"[[1, 2], [], [], []]",15,3.0,0.002457999999867752,0.0004915999999735505,0.00018208587754525217
other_512,aten::as_strided,"[[1, 1, 1, 557], [], [], []]",10,2.0,0.0023750000002328306,0.0004750000000465661,0.00017593733085257784
other_512,aten::to,"[[1, 557], [], [], [], [], [], [], []]",10,2.0,0.0023750000001007267,0.00047500000002014534,0.00017593733084279175
other_512,aten::expand,"[[1], [], []]",5,1.0,0.002331999999587424,0.0004663999999174848,0.00017275193913069564
other_512,aten::select,"[[557, 768], [], []]",5,1.0,0.002292999999888707,0.0004585999999777414,0.00016986286298350788
other_512,aten::fill_,"[[3], []]",5,1.0,0.002292000000100643,0.00045840000002012857,0.00016978878412306664
other_512,aten::detach_,[[1]],10,2.0,0.002249000000333581,0.0004498000000667162,0.0001666033924662512
other_512,aten::expand,"[[256], [], []]",5,1.0,0.0021239999999525024,0.00042479999999050046,0.00015734353292037238
other_512,aten::to,"[[557], [], [], [], [], []]",5,1.0,0.002083000000116272,0.00041660000002325434,0.00015430629901071535
other_512,aten::expand,"[[2], [], []]",5,1.0,0.0020419999997830017,0.0004083999999566003,0.00015126906506423825
other_512,aten::view,"[[3, 1], []]",5,1.0,0.0019180000000051222,0.00038360000000102446,0.00014208328443918492
other_512,aten::resolve_conj,"[[3, 768]]",10,2.0,0.001833000000216998,0.0003666000000433996,0.00013578657998287918
other_512,aten::softmax,"[[1, 2], [], []]",5,1.0,0.0018329999999841676,0.0003665999999968335,0.00013578657996563134
other_512,aten::as_strided,"[[256, 772], [], [], []]",5,1.0,0.0018320000000530854,0.00036640000001061707,0.00013571250109459552
other_512,aten::as_strided,"[[1, 32], [], [], []]",10,2.0,0.0017920000002222879,0.0003584000000444576,0.00013274934606148216
other_512,aten::as_strided,"[[3072], [], [], []]",10,2.0,0.0017500000001164154,0.0003500000000232831,0.0001296380332557092
other_512,aten::resolve_conj,"[[1, 32, 1]]",10,2.0,0.0017100000000209547,0.00034200000000419095,0.00012667487820298992
other_512,aten::lift_fresh,[[557]],5,1.0,0.0016669999997830018,0.00033339999995660034,0.00012348948651129141
other_512,aten::as_strided,"[[2, 256], [], [], []]",5,1.0,0.001625000000174623,0.00032500000003492463,0.0001203781737423722
other_512,aten::as_strided,"[[1, 1], [], [], []]",10,2.0,0.0015819999997461309,0.00031639999994922615,0.00011719278203655877
other_512,aten::to,"[[1, 1, 557, 1], [], [], [], [], [], [], []]",5,1.0,0.0015,0.00030000000000000003,0.00011111831421178738
other_512,aten::detach,"[[1, 2]]",5,1.0,0.0014600000000791625,0.0002920000000158325,0.00010815515917200398
other_512,aten::detach_,[[3]],5,1.0,0.0012920000000158326,0.0002584000000031665,9.570990797559238e-05
other_512,aten::to,"[[1, 1, 1, 557], [], [], [], [], [], [], []]",5,1.0,0.0012920000000158326,0.0002584000000031665,9.570990797559238e-05
other_512,aten::to,"[[1, 2], [], [], [], [], [], [], []]",10,2.0,0.001248000000254251,0.0002496000000508502,9.245043744304175e-05
other_512,aten::to,"[[1, 768], [], [], [], []]",5,1.0,0.0011260000001639128,0.00022520000003278256,8.341281454712422e-05
other_512,aten::to,"[[1, 772], [], [], [], []]",5,1.0,0.0010399999999208375,0.00020799999998416752,7.7042031180975e-05
other_512,aten::to,"[[1, 2], [], [], [], []]",5,1.0,0.0009589999999734573,0.00019179999999469148,7.104164221743648e-05
other_512,aten::as_strided,"[[256000, 768], [], [], []]",5,1.0,0.0008750000001164154,0.00017500000002328308,6.481901663216657e-05
other_512,aten::as_strided,"[[557, 768], [], [], []]",5,1.0,0.0008330000001005828,0.00016660000002011657,6.170770383306366e-05
other_512,aten::to,"[[1], [], [], [], [], [], [], []]",5,1.0,0.0007900000000106501,0.00015800000000213002,5.852231215233032e-05
other_512,aten::fill_,"[[], []]",10,2.0,0.0007510000003494497,0.00015020000006988994,5.563323600792173e-05
other_512,aten::as_strided,"[[2], [], [], []]",5,1.0,0.0007079999999841675,0.0001415999999968335,5.24478443067908e-05
other_512,aten::zero_,"[[1, 3]]",10,2.0,0.0006670000000476648,0.00013340000000953297,4.941061038970575e-05
other_512,aten::as_strided,"[[256], [], [], []]",5,1.0,0.0006670000000158324,0.00013340000000316648,4.941061038734764e-05
other_512,aten::resolve_conj,"[[1, 256]]",10,2.0,0.0005840000000898727,0.00011680000001797453,4.3262063673113555e-05
other_512,aten::to,"[[1], [], [], [], [], []]",10,2.0,0.0005819999999366701,0.00011639999998733401,4.311390590948209e-05
other_512,aten::resolve_neg,"[[1, 3]]",5,1.0,0.0005429999997140839,0.00010859999994281679,4.0224829723486694e-05
other_512,aten::lift_fresh,[[]],10,2.0,0.0005000000001321041,0.00010000000002642082,3.703943808038192e-05
other_512,aten::resolve_conj,"[[1, 2]]",10,2.0,0.00045600000006379557,9.120000001275912e-05,3.3779967525109275e-05
other_512,aten::resolve_conj,"[[1, 1, 557]]",10,2.0,0.00041799999985732937,8.359999997146587e-05,3.0964970216449204e-05
other_512,aten::to,"[[1, 3, 768], [], [], [], []]",5,1.0,0.0004149999999208376,8.299999998416752e-05,3.074273359273025e-05
other_512,aten::to,"[[3], [], [], [], [], []]",5,1.0,0.0003339999998993335,6.67999999798667e-05,2.4742344623700733e-05
other_512,aten::resolve_conj,"[[32, 557]]",10,2.0,0.00033199999996350016,6.639999999270003e-05,2.459418687617174e-05
other_512,aten::resolve_conj,"[[32, 1]]",10,2.0,0.0003310000003016285,6.62000000603257e-05,2.4520108025078712e-05
other_512,aten::resolve_conj,"[[1, 557]]",10,2.0,0.0002929999998727908,5.859999997455816e-05,2.1705110699945622e-05
other_512,aten::resolve_conj,"[[768, 1]]",5,1.0,0.0002920000001322478,5.8400000026449556e-05,2.1631031843024714e-05
other_512,aten::lift_fresh,[[1]],10,2.0,0.0002909999999524189,5.819999999048378e-05,2.1556952953561997e-05
other_512,aten::resolve_conj,"[[3, 1]]",5,1.0,0.00029000000027008354,5.800000005401671e-05,2.148287410095305e-05
other_512,aten::resolve_conj,"[[1, 3]]",5,1.0,0.0002509999998146668,5.019999996293336e-05,1.8593797897709814e-05
other_512,aten::resolve_neg,"[[1, 2]]",5,1.0,0.0002480000001378357,4.960000002756714e-05,1.8371561293226234e-05
other_512,aten::resolve_conj,"[[1, 772]]",5,1.0,0.0002080000000423752,4.160000000847504e-05,1.5408406240506955e-05
other_512,aten::lift_fresh,[[3]],5,1.0,0.00016600000006906156,3.320000001381231e-05,1.2297093444553808e-05
